<?xml version="1.0"?>

<!-- generated on 03/12/13 20:07:51 by SUMO sumo Version 0.13.0
<?xml version="1.0" encoding="iso-8859-1"?>

<configuration xmlns:xsi="http://www.w3.org/2001/XMLSchema-instance" xsi:noNamespaceSchemaLocation="http://sumo.sf.net/xsd/sumoConfiguration.xsd">

    <input>
        <net-file value="prob.net.xml"/>
        <route-files value="output.rou.xml"/>
        <additional-files value="detectors.add.xml"/>
    </input>

    <output>
        <netstate-dump value="netstate.xml"/>
        <summary-output value="summary.xml"/>
    </output>

    <time>
        <begin value="0"/>
        <end value="1800"/>
    </time>

    <gui_only>
        <gui-settings-file value=""/>
    </gui_only>

</configuration>
-->

<detector>
   <interval begin="0.00" end="300.00" id="detector1_0" nVehContrib="122" flow="1464.00" occupancy="7.32" speed="30.63" length="5.50" nVehEntered="122"/>
   <interval begin="0.00" end="300.00" id="detector1_1" nVehContrib="122" flow="1464.00" occupancy="7.32" speed="30.64" length="5.50" nVehEntered="122"/>
   <interval begin="0.00" end="300.00" id="detector1_2" nVehContrib="117" flow="1404.00" occupancy="7.01" speed="30.68" length="5.50" nVehEntered="117"/>
   <interval begin="0.00" end="300.00" id="detector1_3" nVehContrib="121" flow="1452.00" occupancy="7.28" speed="30.52" length="5.50" nVehEntered="121"/>
   <interval begin="0.00" end="300.00" id="detector2_0" nVehContrib="117" flow="1404.00" occupancy="6.81" speed="31.50" length="5.50" nVehEntered="117"/>
   <interval begin="0.00" end="300.00" id="detector2_1" nVehContrib="112" flow="1344.00" occupancy="6.52" speed="31.50" length="5.50" nVehEntered="117"/>
   <interval begin="0.00" end="300.00" id="detector2_2" nVehContrib="110" flow="1320.00" occupancy="6.41" speed="31.47" length="5.50" nVehEntered="114"/>
   <interval begin="0.00" end="300.00" id="detector2_3" nVehContrib="110" flow="1320.00" occupancy="6.40" speed="31.50" length="5.50" nVehEntered="111"/>
   <interval begin="0.00" end="300.00" id="detector3_0" nVehContrib="162" flow="1944.00" occupancy="10.94" speed="27.42" length="5.50" nVehEntered="171"/>
   <interval begin="0.00" end="300.00" id="detector3_1" nVehContrib="118" flow="1416.00" occupancy="6.86" speed="31.55" length="5.50" nVehEntered="118"/>
   <interval begin="0.00" end="300.00" id="detector3_2" nVehContrib="109" flow="1308.00" occupancy="6.35" speed="31.49" length="5.50" nVehEntered="109"/>
   <interval begin="0.00" end="300.00" id="detector3_3" nVehContrib="107" flow="1284.00" occupancy="6.23" speed="31.47" length="5.50" nVehEntered="107"/>
   <interval begin="0.00" end="300.00" id="detector4_0" nVehContrib="148" flow="1776.00" occupancy="8.63" speed="31.42" length="5.50" nVehEntered="149"/>
   <interval begin="0.00" end="300.00" id="detector4_1" nVehContrib="5" flow="60.00" occupancy="0.29" speed="31.50" length="5.50" nVehEntered="5"/>
   <interval begin="0.00" end="300.00" id="detector4_2" nVehContrib="116" flow="1392.00" occupancy="6.75" speed="31.50" length="5.50" nVehEntered="116"/>
   <interval begin="0.00" end="300.00" id="detector4_3" nVehContrib="102" flow="1224.00" occupancy="5.94" speed="31.50" length="5.50" nVehEntered="102"/>
   <interval begin="0.00" end="300.00" id="detector4_4" nVehContrib="100" flow="1200.00" occupancy="5.82" speed="31.50" length="5.50" nVehEntered="100"/>
   <interval begin="0.00" end="300.00" id="detector5_0" nVehContrib="131" flow="1572.00" occupancy="7.68" speed="31.50" length="5.50" nVehEntered="131"/>
   <interval begin="0.00" end="300.00" id="detector5_1" nVehContrib="0" flow="0.00" occupancy="0.00" speed="-1.00" length="-1.00" nVehEntered="0"/>
   <interval begin="0.00" end="300.00" id="detector5_2" nVehContrib="6" flow="72.00" occupancy="0.35" speed="31.50" length="5.50" nVehEntered="6"/>
   <interval begin="0.00" end="300.00" id="detector5_3" nVehContrib="100" flow="1200.00" occupancy="5.82" speed="31.50" length="5.50" nVehEntered="101"/>
   <interval begin="0.00" end="300.00" id="detector5_4" nVehContrib="92" flow="1104.00" occupancy="5.35" speed="31.50" length="5.50" nVehEntered="92"/>
   <interval begin="0.00" end="300.00" id="detector5_5" nVehContrib="85" flow="1020.00" occupancy="4.95" speed="31.50" length="5.50" nVehEntered="86"/>
   <interval begin="0.00" end="300.00" id="detector6_0" nVehContrib="125" flow="1500.00" occupancy="7.28" speed="31.50" length="5.50" nVehEntered="125"/>
   <interval begin="0.00" end="300.00" id="detector6_1" nVehContrib="37" flow="444.00" occupancy="2.15" speed="31.50" length="5.50" nVehEntered="37"/>
   <interval begin="0.00" end="300.00" id="detector6_2" nVehContrib="65" flow="780.00" occupancy="3.78" speed="31.50" length="5.50" nVehEntered="69"/>
   <interval begin="0.00" end="300.00" id="detector6_3" nVehContrib="86" flow="1032.00" occupancy="5.01" speed="31.50" length="5.50" nVehEntered="86"/>
   <interval begin="0.00" end="300.00" id="detector6_4" nVehContrib="79" flow="948.00" occupancy="4.60" speed="31.50" length="5.50" nVehEntered="79"/>
   <interval begin="0.00" end="300.00" id="detector8_0" nVehContrib="93" flow="1116.00" occupancy="5.41" speed="31.50" length="5.50" nVehEntered="93"/>
   <interval begin="0.00" end="300.00" id="detector8_1" nVehContrib="68" flow="816.00" occupancy="4.04" speed="30.89" length="5.50" nVehEntered="68"/>
   <interval begin="0.00" end="300.00" id="detector8_2" nVehContrib="62" flow="744.00" occupancy="3.66" speed="31.07" length="5.50" nVehEntered="62"/>
   <interval begin="0.00" end="300.00" id="detector8_3" nVehContrib="62" flow="744.00" occupancy="3.67" speed="31.05" length="5.50" nVehEntered="62"/>
   <interval begin="0.00" end="300.00" id="detector9_0" nVehContrib="84" flow="1008.00" occupancy="4.98" speed="30.95" length="5.50" nVehEntered="84"/>
   <interval begin="0.00" end="300.00" id="detector9_1" nVehContrib="62" flow="744.00" occupancy="3.62" speed="31.44" length="5.50" nVehEntered="63"/>
   <interval begin="0.00" end="300.00" id="detector9_2" nVehContrib="62" flow="744.00" occupancy="3.62" speed="31.40" length="5.50" nVehEntered="62"/>
   <interval begin="0.00" end="300.00" id="detector9_3" nVehContrib="52" flow="624.00" occupancy="3.03" speed="31.49" length="5.50" nVehEntered="53"/>
   <interval begin="0.00" end="300.00" id="detector9_4" nVehContrib="0" flow="0.00" occupancy="0.00" speed="-1.00" length="-1.00" nVehEntered="0"/>
   <interval begin="0.00" end="300.00" id="detector10_0" nVehContrib="93" flow="1116.00" occupancy="5.49" speed="31.53" length="5.50" nVehEntered="96"/>
   <interval begin="0.00" end="300.00" id="detector10_1" nVehContrib="44" flow="528.00" occupancy="2.54" speed="31.79" length="5.50" nVehEntered="44"/>
   <interval begin="0.00" end="300.00" id="detector10_2" nVehContrib="31" flow="372.00" occupancy="1.80" speed="31.50" length="5.50" nVehEntered="43"/>
   <interval begin="0.00" end="300.00" id="detector10_3" nVehContrib="43" flow="516.00" occupancy="2.50" speed="31.50" length="5.50" nVehEntered="43"/>
   <interval begin="0.00" end="300.00" id="detector10_4" nVehContrib="39" flow="468.00" occupancy="2.27" speed="31.50" length="5.50" nVehEntered="39"/>
   <interval begin="0.00" end="300.00" id="detector11_0" nVehContrib="125" flow="1500.00" occupancy="7.91" speed="29.26" length="5.50" nVehEntered="135"/>
   <interval begin="0.00" end="300.00" id="detector11_1" nVehContrib="53" flow="636.00" occupancy="3.06" speed="32.02" length="5.50" nVehEntered="54"/>
   <interval begin="0.00" end="300.00" id="detector11_2" nVehContrib="27" flow="324.00" occupancy="1.57" speed="31.45" length="5.50" nVehEntered="27"/>
   <interval begin="0.00" end="300.00" id="detector11_3" nVehContrib="36" flow="432.00" occupancy="2.10" speed="31.50" length="5.50" nVehEntered="36"/>
   <interval begin="0.00" end="300.00" id="detector11_4" nVehContrib="32" flow="384.00" occupancy="1.86" speed="31.49" length="5.50" nVehEntered="32"/>
   <interval begin="0.00" end="300.00" id="detector12_0" nVehContrib="119" flow="1428.00" occupancy="6.95" speed="31.38" length="5.50" nVehEntered="120"/>
   <interval begin="0.00" end="300.00" id="detector12_1" nVehContrib="6" flow="72.00" occupancy="0.36" speed="30.98" length="5.50" nVehEntered="6"/>
   <interval begin="0.00" end="300.00" id="detector12_2" nVehContrib="57" flow="684.00" occupancy="3.33" speed="31.49" length="5.50" nVehEntered="57"/>
   <interval begin="0.00" end="300.00" id="detector12_3" nVehContrib="27" flow="324.00" occupancy="1.57" speed="31.50" length="5.50" nVehEntered="27"/>
   <interval begin="0.00" end="300.00" id="detector12_4" nVehContrib="29" flow="348.00" occupancy="1.69" speed="31.50" length="5.50" nVehEntered="30"/>
   <interval begin="0.00" end="300.00" id="detector12_5" nVehContrib="30" flow="360.00" occupancy="1.75" speed="31.50" length="5.50" nVehEntered="30"/>
   <interval begin="0.00" end="300.00" id="detector13_0" nVehContrib="104" flow="1248.00" occupancy="6.08" speed="31.35" length="5.50" nVehEntered="106"/>
   <interval begin="0.00" end="300.00" id="detector13_1" nVehContrib="43" flow="516.00" occupancy="2.50" speed="31.50" length="5.50" nVehEntered="43"/>
   <interval begin="0.00" end="300.00" id="detector13_2" nVehContrib="14" flow="168.00" occupancy="0.81" speed="31.50" length="5.50" nVehEntered="14"/>
   <interval begin="0.00" end="300.00" id="detector13_3" nVehContrib="14" flow="168.00" occupancy="0.83" speed="31.50" length="5.50" nVehEntered="14"/>
   <interval begin="0.00" end="300.00" id="detector13_4" nVehContrib="17" flow="204.00" occupancy="1.00" speed="31.50" length="5.50" nVehEntered="17"/>
   <interval begin="0.00" end="300.00" id="detector14_0" nVehContrib="142" flow="1704.00" occupancy="8.33" speed="31.28" length="5.50" nVehEntered="186"/>
   <interval begin="0.00" end="300.00" id="detector14_1" nVehContrib="74" flow="888.00" occupancy="4.31" speed="31.45" length="5.50" nVehEntered="82"/>
   <interval begin="0.00" end="300.00" id="detector14_2" nVehContrib="17" flow="204.00" occupancy="1.00" speed="31.26" length="5.50" nVehEntered="18"/>
   <interval begin="0.00" end="300.00" id="detector14_3" nVehContrib="5" flow="60.00" occupancy="0.29" speed="31.50" length="5.50" nVehEntered="5"/>
   <interval begin="0.00" end="300.00" id="detector14_4" nVehContrib="7" flow="84.00" occupancy="0.41" speed="31.50" length="5.50" nVehEntered="7"/>
   <interval begin="0.00" end="300.00" id="detector15_0" nVehContrib="134" flow="1608.00" occupancy="7.84" speed="31.35" length="5.50" nVehEntered="134"/>
   <interval begin="0.00" end="300.00" id="detector15_1" nVehContrib="81" flow="972.00" occupancy="4.85" speed="30.98" length="5.50" nVehEntered="83"/>
   <interval begin="0.00" end="300.00" id="detector15_2" nVehContrib="3" flow="36.00" occupancy="0.17" speed="31.50" length="5.50" nVehEntered="3"/>
   <interval begin="0.00" end="300.00" id="detector15_3" nVehContrib="2" flow="24.00" occupancy="0.12" speed="31.50" length="5.50" nVehEntered="2"/>
   <interval begin="0.00" end="300.00" id="detector15_4" nVehContrib="0" flow="0.00" occupancy="0.00" speed="-1.00" length="-1.00" nVehEntered="0"/>
   <interval begin="0.00" end="300.00" id="detector16_0" nVehContrib="124" flow="1488.00" occupancy="7.22" speed="31.50" length="5.50" nVehEntered="124"/>
   <interval begin="0.00" end="300.00" id="detector16_1" nVehContrib="71" flow="852.00" occupancy="4.13" speed="31.50" length="5.50" nVehEntered="71"/>
   <interval begin="0.00" end="300.00" id="detector16_2" nVehContrib="4" flow="48.00" occupancy="0.23" speed="31.50" length="5.50" nVehEntered="4"/>
   <interval begin="0.00" end="300.00" id="detector16_3" nVehContrib="1" flow="12.00" occupancy="0.06" speed="31.50" length="5.50" nVehEntered="1"/>
   <interval begin="0.00" end="300.00" id="detector16_4" nVehContrib="0" flow="0.00" occupancy="0.00" speed="-1.00" length="-1.00" nVehEntered="0"/>
   <interval begin="0.00" end="300.00" id="detector17_0" nVehContrib="119" flow="1428.00" occupancy="6.93" speed="31.50" length="5.50" nVehEntered="119"/>
   <interval begin="0.00" end="300.00" id="detector17_1" nVehContrib="0" flow="0.00" occupancy="0.00" speed="-1.00" length="-1.00" nVehEntered="0"/>
   <interval begin="0.00" end="300.00" id="detector17_2" nVehContrib="66" flow="792.00" occupancy="3.84" speed="31.50" length="5.50" nVehEntered="66"/>
   <interval begin="0.00" end="300.00" id="detector17_3" nVehContrib="4" flow="48.00" occupancy="0.23" speed="31.50" length="5.50" nVehEntered="4"/>
   <interval begin="0.00" end="300.00" id="detector17_4" nVehContrib="1" flow="12.00" occupancy="0.06" speed="31.50" length="5.50" nVehEntered="1"/>
   <interval begin="0.00" end="300.00" id="detector17_5" nVehContrib="0" flow="0.00" occupancy="0.00" speed="-1.00" length="-1.00" nVehEntered="0"/>
   <interval begin="0.00" end="300.00" id="detector18_0" nVehContrib="103" flow="1236.00" occupancy="6.00" speed="31.50" length="5.50" nVehEntered="103"/>
   <interval begin="0.00" end="300.00" id="detector18_1" nVehContrib="46" flow="552.00" occupancy="2.68" speed="31.50" length="5.50" nVehEntered="46"/>
   <interval begin="0.00" end="300.00" id="detector18_2" nVehContrib="3" flow="36.00" occupancy="0.17" speed="31.50" length="5.50" nVehEntered="3"/>
   <interval begin="0.00" end="300.00" id="detector18_3" nVehContrib="1" flow="12.00" occupancy="0.06" speed="31.50" length="5.50" nVehEntered="1"/>
   <interval begin="0.00" end="300.00" id="detector18_4" nVehContrib="0" flow="0.00" occupancy="0.00" speed="-1.00" length="-1.00" nVehEntered="0"/>
   <interval begin="300.00" end="600.00" id="detector1_0" nVehContrib="132" flow="1584.00" occupancy="8.02" speed="30.29" length="5.50" nVehEntered="132"/>
   <interval begin="300.00" end="600.00" id="detector1_1" nVehContrib="126" flow="1512.00" occupancy="7.58" speed="30.54" length="5.50" nVehEntered="126"/>
   <interval begin="300.00" end="600.00" id="detector1_2" nVehContrib="130" flow="1560.00" occupancy="7.85" speed="30.43" length="5.50" nVehEntered="130"/>
   <interval begin="300.00" end="600.00" id="detector1_3" nVehContrib="128" flow="1536.00" occupancy="7.71" speed="30.51" length="5.50" nVehEntered="128"/>
   <interval begin="300.00" end="600.00" id="detector2_0" nVehContrib="142" flow="1704.00" occupancy="8.32" speed="31.30" length="5.50" nVehEntered="142"/>
   <interval begin="300.00" end="600.00" id="detector2_1" nVehContrib="142" flow="1704.00" occupancy="8.27" speed="31.48" length="5.50" nVehEntered="143"/>
   <interval begin="300.00" end="600.00" id="detector2_2" nVehContrib="142" flow="1704.00" occupancy="8.27" speed="31.48" length="5.50" nVehEntered="144"/>
   <interval begin="300.00" end="600.00" id="detector2_3" nVehContrib="138" flow="1656.00" occupancy="8.04" speed="31.45" length="5.50" nVehEntered="141"/>
   <interval begin="300.00" end="600.00" id="detector3_0" nVehContrib="185" flow="2220.00" occupancy="14.26" speed="23.88" length="5.50" nVehEntered="200"/>
   <interval begin="300.00" end="600.00" id="detector3_1" nVehContrib="154" flow="1848.00" occupancy="9.15" speed="30.91" length="5.50" nVehEntered="154"/>
   <interval begin="300.00" end="600.00" id="detector3_2" nVehContrib="140" flow="1680.00" occupancy="8.16" speed="31.44" length="5.50" nVehEntered="140"/>
   <interval begin="300.00" end="600.00" id="detector3_3" nVehContrib="137" flow="1644.00" occupancy="8.06" speed="31.19" length="5.50" nVehEntered="137"/>
   <interval begin="300.00" end="600.00" id="detector4_0" nVehContrib="179" flow="2148.00" occupancy="10.80" speed="30.39" length="5.50" nVehEntered="184"/>
   <interval begin="300.00" end="600.00" id="detector4_1" nVehContrib="12" flow="144.00" occupancy="0.70" speed="31.50" length="5.50" nVehEntered="12"/>
   <interval begin="300.00" end="600.00" id="detector4_2" nVehContrib="160" flow="1920.00" occupancy="9.32" speed="31.49" length="5.50" nVehEntered="160"/>
   <interval begin="300.00" end="600.00" id="detector4_3" nVehContrib="138" flow="1656.00" occupancy="8.05" speed="31.50" length="5.50" nVehEntered="138"/>
   <interval begin="300.00" end="600.00" id="detector4_4" nVehContrib="135" flow="1620.00" occupancy="7.87" speed="31.49" length="5.50" nVehEntered="135"/>
   <interval begin="300.00" end="600.00" id="detector5_0" nVehContrib="149" flow="1788.00" occupancy="8.62" speed="31.50" length="5.50" nVehEntered="150"/>
   <interval begin="300.00" end="600.00" id="detector5_1" nVehContrib="1" flow="12.00" occupancy="0.06" speed="31.50" length="5.50" nVehEntered="1"/>
   <interval begin="300.00" end="600.00" id="detector5_2" nVehContrib="41" flow="492.00" occupancy="2.41" speed="31.50" length="5.50" nVehEntered="41"/>
   <interval begin="300.00" end="600.00" id="detector5_3" nVehContrib="162" flow="1944.00" occupancy="9.43" speed="31.50" length="5.50" nVehEntered="162"/>
   <interval begin="300.00" end="600.00" id="detector5_4" nVehContrib="139" flow="1668.00" occupancy="8.09" speed="31.50" length="5.50" nVehEntered="139"/>
   <interval begin="300.00" end="600.00" id="detector5_5" nVehContrib="137" flow="1644.00" occupancy="7.97" speed="31.50" length="5.50" nVehEntered="138"/>
   <interval begin="300.00" end="600.00" id="detector6_0" nVehContrib="150" flow="1800.00" occupancy="8.73" speed="31.50" length="5.50" nVehEntered="150"/>
   <interval begin="300.00" end="600.00" id="detector6_1" nVehContrib="92" flow="1104.00" occupancy="5.36" speed="31.50" length="5.50" nVehEntered="92"/>
   <interval begin="300.00" end="600.00" id="detector6_2" nVehContrib="107" flow="1284.00" occupancy="6.23" speed="31.50" length="5.50" nVehEntered="110"/>
   <interval begin="300.00" end="600.00" id="detector6_3" nVehContrib="140" flow="1680.00" occupancy="8.15" speed="31.50" length="5.50" nVehEntered="140"/>
   <interval begin="300.00" end="600.00" id="detector6_4" nVehContrib="136" flow="1632.00" occupancy="7.92" speed="31.50" length="5.50" nVehEntered="136"/>
   <interval begin="300.00" end="600.00" id="detector8_0" nVehContrib="175" flow="2100.00" occupancy="10.28" speed="31.22" length="5.50" nVehEntered="175"/>
   <interval begin="300.00" end="600.00" id="detector8_1" nVehContrib="154" flow="1848.00" occupancy="8.99" speed="31.42" length="5.50" nVehEntered="155"/>
   <interval begin="300.00" end="600.00" id="detector8_2" nVehContrib="141" flow="1692.00" occupancy="8.24" speed="41.02" length="5.50" nVehEntered="141"/>
   <interval begin="300.00" end="600.00" id="detector8_3" nVehContrib="137" flow="1644.00" occupancy="8.02" speed="31.33" length="5.50" nVehEntered="137"/>
   <interval begin="300.00" end="600.00" id="detector9_0" nVehContrib="173" flow="2076.00" occupancy="10.72" speed="29.87" length="5.50" nVehEntered="174"/>
   <interval begin="300.00" end="600.00" id="detector9_1" nVehContrib="157" flow="1884.00" occupancy="9.29" speed="31.20" length="5.50" nVehEntered="157"/>
   <interval begin="300.00" end="600.00" id="detector9_2" nVehContrib="141" flow="1692.00" occupancy="8.21" speed="31.50" length="5.50" nVehEntered="141"/>
   <interval begin="300.00" end="600.00" id="detector9_3" nVehContrib="139" flow="1668.00" occupancy="8.09" speed="31.50" length="5.50" nVehEntered="139"/>
   <interval begin="300.00" end="600.00" id="detector9_4" nVehContrib="0" flow="0.00" occupancy="0.00" speed="-1.00" length="-1.00" nVehEntered="0"/>
   <interval begin="300.00" end="600.00" id="detector10_0" nVehContrib="162" flow="1944.00" occupancy="9.90" speed="30.45" length="5.50" nVehEntered="165"/>
   <interval begin="300.00" end="600.00" id="detector10_1" nVehContrib="116" flow="1392.00" occupancy="6.78" speed="31.43" length="5.50" nVehEntered="118"/>
   <interval begin="300.00" end="600.00" id="detector10_2" nVehContrib="96" flow="1152.00" occupancy="5.61" speed="31.36" length="5.50" nVehEntered="122"/>
   <interval begin="300.00" end="600.00" id="detector10_3" nVehContrib="137" flow="1644.00" occupancy="7.98" speed="31.49" length="5.50" nVehEntered="139"/>
   <interval begin="300.00" end="600.00" id="detector10_4" nVehContrib="132" flow="1584.00" occupancy="7.71" speed="31.40" length="5.50" nVehEntered="135"/>
   <interval begin="300.00" end="600.00" id="detector11_0" nVehContrib="186" flow="2232.00" occupancy="14.52" speed="23.54" length="5.50" nVehEntered="211"/>
   <interval begin="300.00" end="600.00" id="detector11_1" nVehContrib="153" flow="1836.00" occupancy="9.25" speed="30.40" length="5.50" nVehEntered="156"/>
   <interval begin="300.00" end="600.00" id="detector11_2" nVehContrib="111" flow="1332.00" occupancy="6.51" speed="31.28" length="5.50" nVehEntered="111"/>
   <interval begin="300.00" end="600.00" id="detector11_3" nVehContrib="134" flow="1608.00" occupancy="7.85" speed="31.30" length="5.50" nVehEntered="134"/>
   <interval begin="300.00" end="600.00" id="detector11_4" nVehContrib="130" flow="1560.00" occupancy="7.64" speed="31.22" length="5.50" nVehEntered="130"/>
   <interval begin="300.00" end="600.00" id="detector12_0" nVehContrib="180" flow="2160.00" occupancy="10.88" speed="30.35" length="5.50" nVehEntered="184"/>
   <interval begin="300.00" end="600.00" id="detector12_1" nVehContrib="17" flow="204.00" occupancy="0.99" speed="31.50" length="5.50" nVehEntered="17"/>
   <interval begin="300.00" end="600.00" id="detector12_2" nVehContrib="158" flow="1896.00" occupancy="9.24" speed="31.47" length="5.50" nVehEntered="158"/>
   <interval begin="300.00" end="600.00" id="detector12_3" nVehContrib="113" flow="1356.00" occupancy="6.58" speed="31.50" length="5.50" nVehEntered="113"/>
   <interval begin="300.00" end="600.00" id="detector12_4" nVehContrib="131" flow="1572.00" occupancy="7.67" speed="31.50" length="5.50" nVehEntered="131"/>
   <interval begin="300.00" end="600.00" id="detector12_5" nVehContrib="125" flow="1500.00" occupancy="7.28" speed="31.50" length="5.50" nVehEntered="125"/>
   <interval begin="300.00" end="600.00" id="detector13_0" nVehContrib="175" flow="2100.00" occupancy="11.62" speed="28.42" length="5.50" nVehEntered="189"/>
   <interval begin="300.00" end="600.00" id="detector13_1" nVehContrib="160" flow="1920.00" occupancy="9.35" speed="31.37" length="5.50" nVehEntered="160"/>
   <interval begin="300.00" end="600.00" id="detector13_2" nVehContrib="116" flow="1392.00" occupancy="6.75" speed="31.50" length="5.50" nVehEntered="116"/>
   <interval begin="300.00" end="600.00" id="detector13_3" nVehContrib="110" flow="1320.00" occupancy="6.39" speed="31.50" length="5.50" nVehEntered="113"/>
   <interval begin="300.00" end="600.00" id="detector13_4" nVehContrib="112" flow="1344.00" occupancy="6.50" speed="31.50" length="5.50" nVehEntered="112"/>
   <interval begin="300.00" end="600.00" id="detector14_0" nVehContrib="185" flow="2220.00" occupancy="12.21" speed="27.83" length="5.50" nVehEntered="199"/>
   <interval begin="300.00" end="600.00" id="detector14_1" nVehContrib="167" flow="2004.00" occupancy="9.77" speed="31.35" length="5.50" nVehEntered="168"/>
   <interval begin="300.00" end="600.00" id="detector14_2" nVehContrib="117" flow="1404.00" occupancy="6.81" speed="31.50" length="5.50" nVehEntered="117"/>
   <interval begin="300.00" end="600.00" id="detector14_3" nVehContrib="116" flow="1392.00" occupancy="6.75" speed="31.49" length="5.50" nVehEntered="117"/>
   <interval begin="300.00" end="600.00" id="detector14_4" nVehContrib="107" flow="1284.00" occupancy="6.23" speed="31.50" length="5.50" nVehEntered="112"/>
   <interval begin="300.00" end="600.00" id="detector15_0" nVehContrib="182" flow="2184.00" occupancy="11.12" speed="30.02" length="5.50" nVehEntered="183"/>
   <interval begin="300.00" end="600.00" id="detector15_1" nVehContrib="187" flow="2244.00" occupancy="14.75" speed="23.41" length="5.50" nVehEntered="255"/>
   <interval begin="300.00" end="600.00" id="detector15_2" nVehContrib="154" flow="1848.00" occupancy="9.24" speed="30.69" length="5.50" nVehEntered="156"/>
   <interval begin="300.00" end="600.00" id="detector15_3" nVehContrib="108" flow="1296.00" occupancy="6.30" speed="31.62" length="5.50" nVehEntered="108"/>
   <interval begin="300.00" end="600.00" id="detector15_4" nVehContrib="0" flow="0.00" occupancy="0.00" speed="-1.00" length="-1.00" nVehEntered="0"/>
   <interval begin="300.00" end="600.00" id="detector16_0" nVehContrib="182" flow="2184.00" occupancy="10.79" speed="30.93" length="5.50" nVehEntered="182"/>
   <interval begin="300.00" end="600.00" id="detector16_1" nVehContrib="178" flow="2136.00" occupancy="10.64" speed="30.68" length="5.50" nVehEntered="178"/>
   <interval begin="300.00" end="600.00" id="detector16_2" nVehContrib="151" flow="1812.00" occupancy="8.96" speed="30.95" length="5.50" nVehEntered="152"/>
   <interval begin="300.00" end="600.00" id="detector16_3" nVehContrib="113" flow="1356.00" occupancy="6.82" speed="30.59" length="5.50" nVehEntered="115"/>
   <interval begin="300.00" end="600.00" id="detector16_4" nVehContrib="49" flow="588.00" occupancy="2.92" speed="30.99" length="5.50" nVehEntered="50"/>
   <interval begin="300.00" end="600.00" id="detector17_0" nVehContrib="179" flow="2148.00" occupancy="10.49" speed="31.27" length="5.50" nVehEntered="181"/>
   <interval begin="300.00" end="600.00" id="detector17_1" nVehContrib="2" flow="24.00" occupancy="0.06" speed="186.43" length="5.50" nVehEntered="2"/>
   <interval begin="300.00" end="600.00" id="detector17_2" nVehContrib="177" flow="2124.00" occupancy="10.41" speed="31.16" length="5.50" nVehEntered="177"/>
   <interval begin="300.00" end="600.00" id="detector17_3" nVehContrib="148" flow="1776.00" occupancy="8.78" speed="30.94" length="5.50" nVehEntered="149"/>
   <interval begin="300.00" end="600.00" id="detector17_4" nVehContrib="108" flow="1296.00" occupancy="6.30" speed="31.42" length="5.50" nVehEntered="109"/>
   <interval begin="300.00" end="600.00" id="detector17_5" nVehContrib="44" flow="528.00" occupancy="2.56" speed="31.50" length="5.50" nVehEntered="44"/>
   <interval begin="300.00" end="600.00" id="detector18_0" nVehContrib="177" flow="2124.00" occupancy="10.64" speed="30.51" length="5.50" nVehEntered="177"/>
   <interval begin="300.00" end="600.00" id="detector18_1" nVehContrib="153" flow="1836.00" occupancy="8.91" speed="31.48" length="5.50" nVehEntered="153"/>
   <interval begin="300.00" end="600.00" id="detector18_2" nVehContrib="107" flow="1284.00" occupancy="6.24" speed="31.49" length="5.50" nVehEntered="107"/>
   <interval begin="300.00" end="600.00" id="detector18_3" nVehContrib="95" flow="1140.00" occupancy="5.53" speed="31.50" length="5.50" nVehEntered="95"/>
   <interval begin="300.00" end="600.00" id="detector18_4" nVehContrib="42" flow="504.00" occupancy="2.46" speed="31.27" length="5.50" nVehEntered="42"/>
   <interval begin="600.00" end="900.00" id="detector1_0" nVehContrib="125" flow="1500.00" occupancy="7.53" speed="30.53" length="5.50" nVehEntered="125"/>
   <interval begin="600.00" end="900.00" id="detector1_1" nVehContrib="126" flow="1512.00" occupancy="7.54" speed="30.71" length="5.50" nVehEntered="126"/>
   <interval begin="600.00" end="900.00" id="detector1_2" nVehContrib="128" flow="1536.00" occupancy="7.73" speed="30.45" length="5.50" nVehEntered="128"/>
   <interval begin="600.00" end="900.00" id="detector1_3" nVehContrib="124" flow="1488.00" occupancy="7.43" speed="30.68" length="5.50" nVehEntered="124"/>
   <interval begin="600.00" end="900.00" id="detector2_0" nVehContrib="137" flow="1644.00" occupancy="7.97" speed="31.50" length="5.50" nVehEntered="137"/>
   <interval begin="600.00" end="900.00" id="detector2_1" nVehContrib="130" flow="1560.00" occupancy="7.57" speed="31.50" length="5.50" nVehEntered="135"/>
   <interval begin="600.00" end="900.00" id="detector2_2" nVehContrib="132" flow="1584.00" occupancy="7.68" speed="31.50" length="5.50" nVehEntered="135"/>
   <interval begin="600.00" end="900.00" id="detector2_3" nVehContrib="128" flow="1536.00" occupancy="7.45" speed="31.50" length="5.50" nVehEntered="132"/>
   <interval begin="600.00" end="900.00" id="detector3_0" nVehContrib="172" flow="2064.00" occupancy="12.17" speed="26.36" length="5.50" nVehEntered="180"/>
   <interval begin="600.00" end="900.00" id="detector3_1" nVehContrib="141" flow="1692.00" occupancy="8.28" speed="31.24" length="5.50" nVehEntered="141"/>
   <interval begin="600.00" end="900.00" id="detector3_2" nVehContrib="131" flow="1572.00" occupancy="7.64" speed="31.44" length="5.50" nVehEntered="131"/>
   <interval begin="600.00" end="900.00" id="detector3_3" nVehContrib="127" flow="1524.00" occupancy="7.41" speed="31.43" length="5.50" nVehEntered="127"/>
   <interval begin="600.00" end="900.00" id="detector4_0" nVehContrib="176" flow="2112.00" occupancy="10.51" speed="30.72" length="5.50" nVehEntered="179"/>
   <interval begin="600.00" end="900.00" id="detector4_1" nVehContrib="7" flow="84.00" occupancy="0.41" speed="31.50" length="5.50" nVehEntered="7"/>
   <interval begin="600.00" end="900.00" id="detector4_2" nVehContrib="147" flow="1764.00" occupancy="8.55" speed="31.50" length="5.50" nVehEntered="147"/>
   <interval begin="600.00" end="900.00" id="detector4_3" nVehContrib="133" flow="1596.00" occupancy="7.73" speed="31.50" length="5.50" nVehEntered="133"/>
   <interval begin="600.00" end="900.00" id="detector4_4" nVehContrib="127" flow="1524.00" occupancy="7.38" speed="31.50" length="5.50" nVehEntered="127"/>
   <interval begin="600.00" end="900.00" id="detector5_0" nVehContrib="150" flow="1800.00" occupancy="8.73" speed="31.50" length="5.50" nVehEntered="150"/>
   <interval begin="600.00" end="900.00" id="detector5_1" nVehContrib="1" flow="12.00" occupancy="0.06" speed="31.50" length="5.50" nVehEntered="1"/>
   <interval begin="600.00" end="900.00" id="detector5_2" nVehContrib="34" flow="408.00" occupancy="1.95" speed="31.50" length="5.50" nVehEntered="35"/>
   <interval begin="600.00" end="900.00" id="detector5_3" nVehContrib="150" flow="1800.00" occupancy="8.73" speed="31.50" length="5.50" nVehEntered="150"/>
   <interval begin="600.00" end="900.00" id="detector5_4" nVehContrib="133" flow="1596.00" occupancy="7.74" speed="31.50" length="5.50" nVehEntered="133"/>
   <interval begin="600.00" end="900.00" id="detector5_5" nVehContrib="130" flow="1560.00" occupancy="7.57" speed="31.50" length="5.50" nVehEntered="130"/>
   <interval begin="600.00" end="900.00" id="detector6_0" nVehContrib="151" flow="1812.00" occupancy="8.80" speed="31.47" length="5.50" nVehEntered="151"/>
   <interval begin="600.00" end="900.00" id="detector6_1" nVehContrib="77" flow="924.00" occupancy="4.48" speed="31.50" length="5.50" nVehEntered="77"/>
   <interval begin="600.00" end="900.00" id="detector6_2" nVehContrib="108" flow="1296.00" occupancy="6.29" speed="31.50" length="5.50" nVehEntered="110"/>
   <interval begin="600.00" end="900.00" id="detector6_3" nVehContrib="133" flow="1596.00" occupancy="7.74" speed="31.50" length="5.50" nVehEntered="133"/>
   <interval begin="600.00" end="900.00" id="detector6_4" nVehContrib="129" flow="1548.00" occupancy="7.51" speed="31.50" length="5.50" nVehEntered="129"/>
   <interval begin="600.00" end="900.00" id="detector8_0" nVehContrib="175" flow="2100.00" occupancy="10.30" speed="31.20" length="5.50" nVehEntered="175"/>
   <interval begin="600.00" end="900.00" id="detector8_1" nVehContrib="153" flow="1836.00" occupancy="8.93" speed="31.41" length="5.50" nVehEntered="153"/>
   <interval begin="600.00" end="900.00" id="detector8_2" nVehContrib="141" flow="1692.00" occupancy="8.22" speed="31.35" length="5.50" nVehEntered="141"/>
   <interval begin="600.00" end="900.00" id="detector8_3" nVehContrib="130" flow="1560.00" occupancy="7.61" speed="31.39" length="5.50" nVehEntered="130"/>
   <interval begin="600.00" end="900.00" id="detector9_0" nVehContrib="175" flow="2100.00" occupancy="10.67" speed="30.25" length="5.50" nVehEntered="175"/>
   <interval begin="600.00" end="900.00" id="detector9_1" nVehContrib="156" flow="1872.00" occupancy="9.13" speed="31.18" length="5.50" nVehEntered="156"/>
   <interval begin="600.00" end="900.00" id="detector9_2" nVehContrib="145" flow="1740.00" occupancy="8.45" speed="31.46" length="5.50" nVehEntered="145"/>
   <interval begin="600.00" end="900.00" id="detector9_3" nVehContrib="134" flow="1608.00" occupancy="7.82" speed="31.43" length="5.50" nVehEntered="134"/>
   <interval begin="600.00" end="900.00" id="detector9_4" nVehContrib="0" flow="0.00" occupancy="0.00" speed="-1.00" length="-1.00" nVehEntered="0"/>
   <interval begin="600.00" end="900.00" id="detector10_0" nVehContrib="163" flow="1956.00" occupancy="10.08" speed="29.96" length="5.50" nVehEntered="163"/>
   <interval begin="600.00" end="900.00" id="detector10_1" nVehContrib="128" flow="1536.00" occupancy="7.51" speed="31.27" length="5.50" nVehEntered="128"/>
   <interval begin="600.00" end="900.00" id="detector10_2" nVehContrib="97" flow="1164.00" occupancy="5.67" speed="31.39" length="5.50" nVehEntered="127"/>
   <interval begin="600.00" end="900.00" id="detector10_3" nVehContrib="151" flow="1812.00" occupancy="8.79" speed="31.50" length="5.50" nVehEntered="152"/>
   <interval begin="600.00" end="900.00" id="detector10_4" nVehContrib="140" flow="1680.00" occupancy="8.15" speed="31.50" length="5.50" nVehEntered="140"/>
   <interval begin="600.00" end="900.00" id="detector11_0" nVehContrib="185" flow="2220.00" occupancy="14.51" speed="23.54" length="5.50" nVehEntered="200"/>
   <interval begin="600.00" end="900.00" id="detector11_1" nVehContrib="154" flow="1848.00" occupancy="9.15" speed="30.88" length="5.50" nVehEntered="155"/>
   <interval begin="600.00" end="900.00" id="detector11_2" nVehContrib="108" flow="1296.00" occupancy="6.29" speed="31.47" length="5.50" nVehEntered="108"/>
   <interval begin="600.00" end="900.00" id="detector11_3" nVehContrib="149" flow="1788.00" occupancy="8.73" speed="31.31" length="5.50" nVehEntered="149"/>
   <interval begin="600.00" end="900.00" id="detector11_4" nVehContrib="142" flow="1704.00" occupancy="8.34" speed="31.22" length="5.50" nVehEntered="142"/>
   <interval begin="600.00" end="900.00" id="detector12_0" nVehContrib="180" flow="2160.00" occupancy="10.91" speed="30.25" length="5.50" nVehEntered="185"/>
   <interval begin="600.00" end="900.00" id="detector12_1" nVehContrib="10" flow="120.00" occupancy="0.58" speed="31.39" length="5.50" nVehEntered="10"/>
   <interval begin="600.00" end="900.00" id="detector12_2" nVehContrib="157" flow="1884.00" occupancy="9.10" speed="31.49" length="5.50" nVehEntered="157"/>
   <interval begin="600.00" end="900.00" id="detector12_3" nVehContrib="114" flow="1368.00" occupancy="6.65" speed="31.45" length="5.50" nVehEntered="114"/>
   <interval begin="600.00" end="900.00" id="detector12_4" nVehContrib="147" flow="1764.00" occupancy="8.52" speed="31.50" length="5.50" nVehEntered="148"/>
   <interval begin="600.00" end="900.00" id="detector12_5" nVehContrib="143" flow="1716.00" occupancy="8.32" speed="31.49" length="5.50" nVehEntered="143"/>
   <interval begin="600.00" end="900.00" id="detector13_0" nVehContrib="176" flow="2112.00" occupancy="14.20" speed="23.26" length="5.50" nVehEntered="192"/>
   <interval begin="600.00" end="900.00" id="detector13_1" nVehContrib="162" flow="1944.00" occupancy="9.46" speed="31.40" length="5.50" nVehEntered="165"/>
   <interval begin="600.00" end="900.00" id="detector13_2" nVehContrib="130" flow="1560.00" occupancy="7.57" speed="31.50" length="5.50" nVehEntered="131"/>
   <interval begin="600.00" end="900.00" id="detector13_3" nVehContrib="126" flow="1512.00" occupancy="7.33" speed="31.50" length="5.50" nVehEntered="131"/>
   <interval begin="600.00" end="900.00" id="detector13_4" nVehContrib="128" flow="1536.00" occupancy="7.45" speed="31.50" length="5.50" nVehEntered="131"/>
   <interval begin="600.00" end="900.00" id="detector14_0" nVehContrib="184" flow="2208.00" occupancy="12.84" speed="26.27" length="5.50" nVehEntered="194"/>
   <interval begin="600.00" end="900.00" id="detector14_1" nVehContrib="172" flow="2064.00" occupancy="10.04" speed="31.39" length="5.50" nVehEntered="176"/>
   <interval begin="600.00" end="900.00" id="detector14_2" nVehContrib="139" flow="1668.00" occupancy="8.09" speed="31.49" length="5.50" nVehEntered="139"/>
   <interval begin="600.00" end="900.00" id="detector14_3" nVehContrib="133" flow="1596.00" occupancy="7.74" speed="31.48" length="5.50" nVehEntered="135"/>
   <interval begin="600.00" end="900.00" id="detector14_4" nVehContrib="125" flow="1500.00" occupancy="7.29" speed="31.42" length="5.50" nVehEntered="130"/>
   <interval begin="600.00" end="900.00" id="detector15_0" nVehContrib="184" flow="2208.00" occupancy="12.01" speed="28.10" length="5.50" nVehEntered="184"/>
   <interval begin="600.00" end="900.00" id="detector15_1" nVehContrib="185" flow="2220.00" occupancy="15.36" speed="22.24" length="5.50" nVehEntered="291"/>
   <interval begin="600.00" end="900.00" id="detector15_2" nVehContrib="169" flow="2028.00" occupancy="10.18" speed="30.47" length="5.50" nVehEntered="170"/>
   <interval begin="600.00" end="900.00" id="detector15_3" nVehContrib="126" flow="1512.00" occupancy="7.39" speed="31.18" length="5.50" nVehEntered="126"/>
   <interval begin="600.00" end="900.00" id="detector15_4" nVehContrib="0" flow="0.00" occupancy="0.00" speed="-1.00" length="-1.00" nVehEntered="0"/>
   <interval begin="600.00" end="900.00" id="detector16_0" nVehContrib="183" flow="2196.00" occupancy="11.46" speed="29.30" length="5.50" nVehEntered="183"/>
   <interval begin="600.00" end="900.00" id="detector16_1" nVehContrib="184" flow="2208.00" occupancy="11.94" speed="28.31" length="5.50" nVehEntered="185"/>
   <interval begin="600.00" end="900.00" id="detector16_2" nVehContrib="168" flow="2016.00" occupancy="9.91" speed="32.65" length="5.50" nVehEntered="169"/>
   <interval begin="600.00" end="900.00" id="detector16_3" nVehContrib="142" flow="1704.00" occupancy="8.74" speed="30.16" length="5.50" nVehEntered="143"/>
   <interval begin="600.00" end="900.00" id="detector16_4" nVehContrib="78" flow="936.00" occupancy="4.66" speed="30.74" length="5.50" nVehEntered="80"/>
   <interval begin="600.00" end="900.00" id="detector17_0" nVehContrib="181" flow="2172.00" occupancy="10.88" speed="30.49" length="5.50" nVehEntered="183"/>
   <interval begin="600.00" end="900.00" id="detector17_1" nVehContrib="2" flow="24.00" occupancy="0.11" speed="32.60" length="5.50" nVehEntered="2"/>
   <interval begin="600.00" end="900.00" id="detector17_2" nVehContrib="181" flow="2172.00" occupancy="10.94" speed="30.36" length="5.50" nVehEntered="181"/>
   <interval begin="600.00" end="900.00" id="detector17_3" nVehContrib="173" flow="2076.00" occupancy="10.20" speed="31.13" length="5.50" nVehEntered="175"/>
   <interval begin="600.00" end="900.00" id="detector17_4" nVehContrib="139" flow="1668.00" occupancy="8.13" speed="31.38" length="5.50" nVehEntered="139"/>
   <interval begin="600.00" end="900.00" id="detector17_5" nVehContrib="82" flow="984.00" occupancy="4.77" speed="31.49" length="5.50" nVehEntered="82"/>
   <interval begin="600.00" end="900.00" id="detector18_0" nVehContrib="182" flow="2184.00" occupancy="11.31" speed="29.53" length="5.50" nVehEntered="182"/>
   <interval begin="600.00" end="900.00" id="detector18_1" nVehContrib="165" flow="1980.00" occupancy="9.62" speed="31.46" length="5.50" nVehEntered="165"/>
   <interval begin="600.00" end="900.00" id="detector18_2" nVehContrib="145" flow="1740.00" occupancy="8.43" speed="31.50" length="5.50" nVehEntered="145"/>
   <interval begin="600.00" end="900.00" id="detector18_3" nVehContrib="138" flow="1656.00" occupancy="8.03" speed="31.50" length="5.50" nVehEntered="138"/>
   <interval begin="600.00" end="900.00" id="detector18_4" nVehContrib="80" flow="960.00" occupancy="4.66" speed="31.50" length="5.50" nVehEntered="80"/>
   <interval begin="900.00" end="1200.00" id="detector1_0" nVehContrib="115" flow="1380.00" occupancy="6.90" speed="30.63" length="5.50" nVehEntered="115"/>
   <interval begin="900.00" end="1200.00" id="detector1_1" nVehContrib="113" flow="1356.00" occupancy="6.75" speed="30.77" length="5.50" nVehEntered="113"/>
   <interval begin="900.00" end="1200.00" id="detector1_2" nVehContrib="114" flow="1368.00" occupancy="6.82" speed="30.73" length="5.50" nVehEntered="114"/>
   <interval begin="900.00" end="1200.00" id="detector1_3" nVehContrib="117" flow="1404.00" occupancy="7.02" speed="30.64" length="5.50" nVehEntered="117"/>
   <interval begin="900.00" end="1200.00" id="detector2_0" nVehContrib="124" flow="1488.00" occupancy="7.22" speed="31.50" length="5.50" nVehEntered="124"/>
   <interval begin="900.00" end="1200.00" id="detector2_1" nVehContrib="122" flow="1464.00" occupancy="7.10" speed="31.50" length="5.50" nVehEntered="125"/>
   <interval begin="900.00" end="1200.00" id="detector2_2" nVehContrib="126" flow="1512.00" occupancy="7.33" speed="31.50" length="5.50" nVehEntered="130"/>
   <interval begin="900.00" end="1200.00" id="detector2_3" nVehContrib="113" flow="1356.00" occupancy="6.58" speed="31.50" length="5.50" nVehEntered="121"/>
   <interval begin="900.00" end="1200.00" id="detector3_0" nVehContrib="173" flow="2076.00" occupancy="11.56" speed="27.68" length="5.50" nVehEntered="177"/>
   <interval begin="900.00" end="1200.00" id="detector3_1" nVehContrib="131" flow="1572.00" occupancy="7.65" speed="31.41" length="5.50" nVehEntered="131"/>
   <interval begin="900.00" end="1200.00" id="detector3_2" nVehContrib="128" flow="1536.00" occupancy="7.45" speed="31.49" length="5.50" nVehEntered="128"/>
   <interval begin="900.00" end="1200.00" id="detector3_3" nVehContrib="112" flow="1344.00" occupancy="6.52" speed="31.48" length="5.50" nVehEntered="112"/>
   <interval begin="900.00" end="1200.00" id="detector4_0" nVehContrib="172" flow="2064.00" occupancy="10.09" speed="31.25" length="5.50" nVehEntered="174"/>
   <interval begin="900.00" end="1200.00" id="detector4_1" nVehContrib="2" flow="24.00" occupancy="0.12" speed="31.50" length="5.50" nVehEntered="2"/>
   <interval begin="900.00" end="1200.00" id="detector4_2" nVehContrib="145" flow="1740.00" occupancy="8.44" speed="31.49" length="5.50" nVehEntered="145"/>
   <interval begin="900.00" end="1200.00" id="detector4_3" nVehContrib="130" flow="1560.00" occupancy="7.57" speed="31.50" length="5.50" nVehEntered="130"/>
   <interval begin="900.00" end="1200.00" id="detector4_4" nVehContrib="113" flow="1356.00" occupancy="6.58" speed="31.50" length="5.50" nVehEntered="113"/>
   <interval begin="900.00" end="1200.00" id="detector5_0" nVehContrib="169" flow="2028.00" occupancy="9.84" speed="31.50" length="5.50" nVehEntered="170"/>
   <interval begin="900.00" end="1200.00" id="detector5_1" nVehContrib="1" flow="12.00" occupancy="0.06" speed="31.50" length="5.50" nVehEntered="1"/>
   <interval begin="900.00" end="1200.00" id="detector5_2" nVehContrib="6" flow="72.00" occupancy="0.35" speed="31.50" length="5.50" nVehEntered="6"/>
   <interval begin="900.00" end="1200.00" id="detector5_3" nVehContrib="144" flow="1728.00" occupancy="8.38" speed="31.50" length="5.50" nVehEntered="145"/>
   <interval begin="900.00" end="1200.00" id="detector5_4" nVehContrib="130" flow="1560.00" occupancy="7.57" speed="31.50" length="5.50" nVehEntered="131"/>
   <interval begin="900.00" end="1200.00" id="detector5_5" nVehContrib="110" flow="1320.00" occupancy="6.40" speed="31.50" length="5.50" nVehEntered="111"/>
   <interval begin="900.00" end="1200.00" id="detector6_0" nVehContrib="170" flow="2040.00" occupancy="9.89" speed="31.50" length="5.50" nVehEntered="170"/>
   <interval begin="900.00" end="1200.00" id="detector6_1" nVehContrib="61" flow="732.00" occupancy="3.55" speed="31.50" length="5.50" nVehEntered="61"/>
   <interval begin="900.00" end="1200.00" id="detector6_2" nVehContrib="90" flow="1080.00" occupancy="5.24" speed="31.50" length="5.50" nVehEntered="90"/>
   <interval begin="900.00" end="1200.00" id="detector6_3" nVehContrib="131" flow="1572.00" occupancy="7.62" speed="31.50" length="5.50" nVehEntered="131"/>
   <interval begin="900.00" end="1200.00" id="detector6_4" nVehContrib="113" flow="1356.00" occupancy="6.58" speed="31.50" length="5.50" nVehEntered="113"/>
   <interval begin="900.00" end="1200.00" id="detector8_0" nVehContrib="173" flow="2076.00" occupancy="10.07" speed="31.50" length="5.50" nVehEntered="173"/>
   <interval begin="900.00" end="1200.00" id="detector8_1" nVehContrib="146" flow="1752.00" occupancy="8.60" speed="31.17" length="5.50" nVehEntered="146"/>
   <interval begin="900.00" end="1200.00" id="detector8_2" nVehContrib="138" flow="1656.00" occupancy="8.09" speed="31.29" length="5.50" nVehEntered="138"/>
   <interval begin="900.00" end="1200.00" id="detector8_3" nVehContrib="119" flow="1428.00" occupancy="7.00" speed="31.20" length="5.50" nVehEntered="119"/>
   <interval begin="900.00" end="1200.00" id="detector9_0" nVehContrib="172" flow="2064.00" occupancy="10.29" speed="30.72" length="5.50" nVehEntered="173"/>
   <interval begin="900.00" end="1200.00" id="detector9_1" nVehContrib="147" flow="1764.00" occupancy="8.59" speed="31.40" length="5.50" nVehEntered="147"/>
   <interval begin="900.00" end="1200.00" id="detector9_2" nVehContrib="137" flow="1644.00" occupancy="7.97" speed="31.50" length="5.50" nVehEntered="137"/>
   <interval begin="900.00" end="1200.00" id="detector9_3" nVehContrib="119" flow="1428.00" occupancy="6.93" speed="31.50" length="5.50" nVehEntered="119"/>
   <interval begin="900.00" end="1200.00" id="detector9_4" nVehContrib="0" flow="0.00" occupancy="0.00" speed="-1.00" length="-1.00" nVehEntered="0"/>
   <interval begin="900.00" end="1200.00" id="detector10_0" nVehContrib="149" flow="1788.00" occupancy="9.01" speed="30.46" length="5.50" nVehEntered="151"/>
   <interval begin="900.00" end="1200.00" id="detector10_1" nVehContrib="115" flow="1380.00" occupancy="6.72" speed="31.38" length="5.50" nVehEntered="116"/>
   <interval begin="900.00" end="1200.00" id="detector10_2" nVehContrib="94" flow="1128.00" occupancy="5.50" speed="31.35" length="5.50" nVehEntered="124"/>
   <interval begin="900.00" end="1200.00" id="detector10_3" nVehContrib="132" flow="1584.00" occupancy="7.69" speed="31.48" length="5.50" nVehEntered="133"/>
   <interval begin="900.00" end="1200.00" id="detector10_4" nVehContrib="115" flow="1380.00" occupancy="6.69" speed="31.50" length="5.50" nVehEntered="115"/>
   <interval begin="900.00" end="1200.00" id="detector11_0" nVehContrib="186" flow="2232.00" occupancy="14.40" speed="23.60" length="5.50" nVehEntered="201"/>
   <interval begin="900.00" end="1200.00" id="detector11_1" nVehContrib="151" flow="1812.00" occupancy="8.95" speed="30.97" length="5.50" nVehEntered="151"/>
   <interval begin="900.00" end="1200.00" id="detector11_2" nVehContrib="94" flow="1128.00" occupancy="5.49" speed="31.41" length="5.50" nVehEntered="94"/>
   <interval begin="900.00" end="1200.00" id="detector11_3" nVehContrib="134" flow="1608.00" occupancy="7.82" speed="31.42" length="5.50" nVehEntered="134"/>
   <interval begin="900.00" end="1200.00" id="detector11_4" nVehContrib="116" flow="1392.00" occupancy="6.77" speed="31.41" length="5.50" nVehEntered="116"/>
   <interval begin="900.00" end="1200.00" id="detector12_0" nVehContrib="179" flow="2148.00" occupancy="10.85" speed="30.25" length="5.50" nVehEntered="186"/>
   <interval begin="900.00" end="1200.00" id="detector12_1" nVehContrib="15" flow="180.00" occupancy="0.88" speed="31.48" length="5.50" nVehEntered="15"/>
   <interval begin="900.00" end="1200.00" id="detector12_2" nVehContrib="152" flow="1824.00" occupancy="8.85" speed="31.49" length="5.50" nVehEntered="152"/>
   <interval begin="900.00" end="1200.00" id="detector12_3" nVehContrib="104" flow="1248.00" occupancy="6.08" speed="31.37" length="5.50" nVehEntered="104"/>
   <interval begin="900.00" end="1200.00" id="detector12_4" nVehContrib="129" flow="1548.00" occupancy="7.51" speed="31.50" length="5.50" nVehEntered="133"/>
   <interval begin="900.00" end="1200.00" id="detector12_5" nVehContrib="115" flow="1380.00" occupancy="6.69" speed="31.50" length="5.50" nVehEntered="115"/>
   <interval begin="900.00" end="1200.00" id="detector13_0" nVehContrib="171" flow="2052.00" occupancy="10.85" speed="29.41" length="5.50" nVehEntered="192"/>
   <interval begin="900.00" end="1200.00" id="detector13_1" nVehContrib="152" flow="1824.00" occupancy="8.87" speed="31.43" length="5.50" nVehEntered="152"/>
   <interval begin="900.00" end="1200.00" id="detector13_2" nVehContrib="114" flow="1368.00" occupancy="6.63" speed="31.50" length="5.50" nVehEntered="114"/>
   <interval begin="900.00" end="1200.00" id="detector13_3" nVehContrib="99" flow="1188.00" occupancy="5.76" speed="31.49" length="5.50" nVehEntered="104"/>
   <interval begin="900.00" end="1200.00" id="detector13_4" nVehContrib="108" flow="1296.00" occupancy="6.29" speed="31.50" length="5.50" nVehEntered="109"/>
   <interval begin="900.00" end="1200.00" id="detector14_0" nVehContrib="184" flow="2208.00" occupancy="13.00" speed="25.95" length="5.50" nVehEntered="205"/>
   <interval begin="900.00" end="1200.00" id="detector14_1" nVehContrib="166" flow="1992.00" occupancy="9.69" speed="31.41" length="5.50" nVehEntered="172"/>
   <interval begin="900.00" end="1200.00" id="detector14_2" nVehContrib="125" flow="1500.00" occupancy="7.28" speed="31.49" length="5.50" nVehEntered="126"/>
   <interval begin="900.00" end="1200.00" id="detector14_3" nVehContrib="111" flow="1332.00" occupancy="6.46" speed="31.50" length="5.50" nVehEntered="114"/>
   <interval begin="900.00" end="1200.00" id="detector14_4" nVehContrib="103" flow="1236.00" occupancy="6.00" speed="31.50" length="5.50" nVehEntered="114"/>
   <interval begin="900.00" end="1200.00" id="detector15_0" nVehContrib="184" flow="2208.00" occupancy="12.28" speed="27.48" length="5.50" nVehEntered="184"/>
   <interval begin="900.00" end="1200.00" id="detector15_1" nVehContrib="186" flow="2232.00" occupancy="15.02" speed="22.99" length="5.50" nVehEntered="265"/>
   <interval begin="900.00" end="1200.00" id="detector15_2" nVehContrib="158" flow="1896.00" occupancy="9.56" speed="30.40" length="5.50" nVehEntered="158"/>
   <interval begin="900.00" end="1200.00" id="detector15_3" nVehContrib="105" flow="1260.00" occupancy="6.14" speed="31.34" length="5.50" nVehEntered="105"/>
   <interval begin="900.00" end="1200.00" id="detector15_4" nVehContrib="0" flow="0.00" occupancy="0.00" speed="-1.00" length="-1.00" nVehEntered="0"/>
   <interval begin="900.00" end="1200.00" id="detector16_0" nVehContrib="183" flow="2196.00" occupancy="11.48" speed="29.22" length="5.50" nVehEntered="184"/>
   <interval begin="900.00" end="1200.00" id="detector16_1" nVehContrib="179" flow="2148.00" occupancy="11.13" speed="29.63" length="5.50" nVehEntered="180"/>
   <interval begin="900.00" end="1200.00" id="detector16_2" nVehContrib="162" flow="1944.00" occupancy="9.47" speed="31.36" length="5.50" nVehEntered="163"/>
   <interval begin="900.00" end="1200.00" id="detector16_3" nVehContrib="123" flow="1476.00" occupancy="7.37" speed="30.91" length="5.50" nVehEntered="124"/>
   <interval begin="900.00" end="1200.00" id="detector16_4" nVehContrib="58" flow="696.00" occupancy="3.43" speed="31.09" length="5.50" nVehEntered="58"/>
   <interval begin="900.00" end="1200.00" id="detector17_0" nVehContrib="179" flow="2148.00" occupancy="10.68" speed="30.74" length="5.50" nVehEntered="183"/>
   <interval begin="900.00" end="1200.00" id="detector17_1" nVehContrib="4" flow="48.00" occupancy="0.23" speed="31.50" length="5.50" nVehEntered="4"/>
   <interval begin="900.00" end="1200.00" id="detector17_2" nVehContrib="177" flow="2124.00" occupancy="10.57" speed="30.72" length="5.50" nVehEntered="177"/>
   <interval begin="900.00" end="1200.00" id="detector17_3" nVehContrib="165" flow="1980.00" occupancy="9.70" speed="31.22" length="5.50" nVehEntered="166"/>
   <interval begin="900.00" end="1200.00" id="detector17_4" nVehContrib="127" flow="1524.00" occupancy="7.39" speed="31.49" length="5.50" nVehEntered="128"/>
   <interval begin="900.00" end="1200.00" id="detector17_5" nVehContrib="60" flow="720.00" occupancy="3.49" speed="31.50" length="5.50" nVehEntered="60"/>
   <interval begin="900.00" end="1200.00" id="detector18_0" nVehContrib="182" flow="2184.00" occupancy="11.62" speed="28.73" length="5.50" nVehEntered="182"/>
   <interval begin="900.00" end="1200.00" id="detector18_1" nVehContrib="164" flow="1968.00" occupancy="9.58" speed="31.40" length="5.50" nVehEntered="164"/>
   <interval begin="900.00" end="1200.00" id="detector18_2" nVehContrib="134" flow="1608.00" occupancy="7.80" speed="31.50" length="5.50" nVehEntered="134"/>
   <interval begin="900.00" end="1200.00" id="detector18_3" nVehContrib="128" flow="1536.00" occupancy="7.45" speed="31.50" length="5.50" nVehEntered="128"/>
   <interval begin="900.00" end="1200.00" id="detector18_4" nVehContrib="69" flow="828.00" occupancy="4.02" speed="31.47" length="5.50" nVehEntered="69"/>
   <interval begin="1200.00" end="1500.00" id="detector1_0" nVehContrib="115" flow="1380.00" occupancy="6.91" speed="30.60" length="5.50" nVehEntered="115"/>
   <interval begin="1200.00" end="1500.00" id="detector1_1" nVehContrib="114" flow="1368.00" occupancy="6.82" speed="30.71" length="5.50" nVehEntered="114"/>
   <interval begin="1200.00" end="1500.00" id="detector1_2" nVehContrib="114" flow="1368.00" occupancy="6.80" speed="30.79" length="5.50" nVehEntered="114"/>
   <interval begin="1200.00" end="1500.00" id="detector1_3" nVehContrib="116" flow="1392.00" occupancy="6.94" speed="30.69" length="5.50" nVehEntered="116"/>
   <interval begin="1200.00" end="1500.00" id="detector2_0" nVehContrib="125" flow="1500.00" occupancy="7.29" speed="31.45" length="5.50" nVehEntered="125"/>
   <interval begin="1200.00" end="1500.00" id="detector2_1" nVehContrib="121" flow="1452.00" occupancy="7.04" speed="31.50" length="5.50" nVehEntered="125"/>
   <interval begin="1200.00" end="1500.00" id="detector2_2" nVehContrib="121" flow="1452.00" occupancy="7.04" speed="31.50" length="5.50" nVehEntered="125"/>
   <interval begin="1200.00" end="1500.00" id="detector2_3" nVehContrib="117" flow="1404.00" occupancy="6.81" speed="31.50" length="5.50" nVehEntered="121"/>
   <interval begin="1200.00" end="1500.00" id="detector3_0" nVehContrib="160" flow="1920.00" occupancy="10.31" speed="28.79" length="5.50" nVehEntered="168"/>
   <interval begin="1200.00" end="1500.00" id="detector3_1" nVehContrib="125" flow="1500.00" occupancy="7.32" speed="31.33" length="5.50" nVehEntered="125"/>
   <interval begin="1200.00" end="1500.00" id="detector3_2" nVehContrib="122" flow="1464.00" occupancy="7.11" speed="31.47" length="5.50" nVehEntered="122"/>
   <interval begin="1200.00" end="1500.00" id="detector3_3" nVehContrib="116" flow="1392.00" occupancy="6.76" speed="31.45" length="5.50" nVehEntered="116"/>
   <interval begin="1200.00" end="1500.00" id="detector4_0" nVehContrib="167" flow="2004.00" occupancy="9.79" speed="31.27" length="5.50" nVehEntered="167"/>
   <interval begin="1200.00" end="1500.00" id="detector4_1" nVehContrib="4" flow="48.00" occupancy="0.23" speed="31.50" length="5.50" nVehEntered="4"/>
   <interval begin="1200.00" end="1500.00" id="detector4_2" nVehContrib="139" flow="1668.00" occupancy="8.09" speed="31.49" length="5.50" nVehEntered="139"/>
   <interval begin="1200.00" end="1500.00" id="detector4_3" nVehContrib="118" flow="1416.00" occupancy="6.87" speed="31.50" length="5.50" nVehEntered="118"/>
   <interval begin="1200.00" end="1500.00" id="detector4_4" nVehContrib="117" flow="1404.00" occupancy="6.81" speed="31.50" length="5.50" nVehEntered="117"/>
   <interval begin="1200.00" end="1500.00" id="detector5_0" nVehContrib="162" flow="1944.00" occupancy="9.43" speed="31.50" length="5.50" nVehEntered="163"/>
   <interval begin="1200.00" end="1500.00" id="detector5_1" nVehContrib="1" flow="12.00" occupancy="0.06" speed="31.50" length="5.50" nVehEntered="1"/>
   <interval begin="1200.00" end="1500.00" id="detector5_2" nVehContrib="10" flow="120.00" occupancy="0.58" speed="31.50" length="5.50" nVehEntered="10"/>
   <interval begin="1200.00" end="1500.00" id="detector5_3" nVehContrib="137" flow="1644.00" occupancy="7.97" speed="31.50" length="5.50" nVehEntered="137"/>
   <interval begin="1200.00" end="1500.00" id="detector5_4" nVehContrib="118" flow="1416.00" occupancy="6.91" speed="31.50" length="5.50" nVehEntered="118"/>
   <interval begin="1200.00" end="1500.00" id="detector5_5" nVehContrib="115" flow="1380.00" occupancy="6.73" speed="31.50" length="5.50" nVehEntered="116"/>
   <interval begin="1200.00" end="1500.00" id="detector6_0" nVehContrib="163" flow="1956.00" occupancy="9.49" speed="31.50" length="5.50" nVehEntered="163"/>
   <interval begin="1200.00" end="1500.00" id="detector6_1" nVehContrib="62" flow="744.00" occupancy="3.61" speed="31.50" length="5.50" nVehEntered="62"/>
   <interval begin="1200.00" end="1500.00" id="detector6_2" nVehContrib="84" flow="1008.00" occupancy="4.89" speed="31.50" length="5.50" nVehEntered="86"/>
   <interval begin="1200.00" end="1500.00" id="detector6_3" nVehContrib="119" flow="1428.00" occupancy="6.93" speed="31.50" length="5.50" nVehEntered="119"/>
   <interval begin="1200.00" end="1500.00" id="detector6_4" nVehContrib="115" flow="1380.00" occupancy="6.69" speed="31.50" length="5.50" nVehEntered="115"/>
   <interval begin="1200.00" end="1500.00" id="detector8_0" nVehContrib="165" flow="1980.00" occupancy="9.61" speed="31.49" length="5.50" nVehEntered="165"/>
   <interval begin="1200.00" end="1500.00" id="detector8_1" nVehContrib="136" flow="1632.00" occupancy="7.92" speed="31.50" length="5.50" nVehEntered="136"/>
   <interval begin="1200.00" end="1500.00" id="detector8_2" nVehContrib="123" flow="1476.00" occupancy="7.26" speed="31.12" length="5.50" nVehEntered="123"/>
   <interval begin="1200.00" end="1500.00" id="detector8_3" nVehContrib="109" flow="1308.00" occupancy="6.36" speed="32.00" length="5.50" nVehEntered="109"/>
   <interval begin="1200.00" end="1500.00" id="detector9_0" nVehContrib="167" flow="2004.00" occupancy="10.03" speed="30.65" length="5.50" nVehEntered="167"/>
   <interval begin="1200.00" end="1500.00" id="detector9_1" nVehContrib="138" flow="1656.00" occupancy="8.03" speed="31.50" length="5.50" nVehEntered="138"/>
   <interval begin="1200.00" end="1500.00" id="detector9_2" nVehContrib="126" flow="1512.00" occupancy="7.34" speed="31.49" length="5.50" nVehEntered="126"/>
   <interval begin="1200.00" end="1500.00" id="detector9_3" nVehContrib="114" flow="1368.00" occupancy="6.64" speed="31.50" length="5.50" nVehEntered="114"/>
   <interval begin="1200.00" end="1500.00" id="detector9_4" nVehContrib="0" flow="0.00" occupancy="0.00" speed="-1.00" length="-1.00" nVehEntered="0"/>
   <interval begin="1200.00" end="1500.00" id="detector10_0" nVehContrib="165" flow="1980.00" occupancy="10.11" speed="30.10" length="5.50" nVehEntered="168"/>
   <interval begin="1200.00" end="1500.00" id="detector10_1" nVehContrib="115" flow="1380.00" occupancy="6.72" speed="31.37" length="5.50" nVehEntered="115"/>
   <interval begin="1200.00" end="1500.00" id="detector10_2" nVehContrib="70" flow="840.00" occupancy="4.07" speed="31.50" length="5.50" nVehEntered="111"/>
   <interval begin="1200.00" end="1500.00" id="detector10_3" nVehContrib="132" flow="1584.00" occupancy="7.68" speed="31.49" length="5.50" nVehEntered="133"/>
   <interval begin="1200.00" end="1500.00" id="detector10_4" nVehContrib="117" flow="1404.00" occupancy="6.81" speed="31.50" length="5.50" nVehEntered="118"/>
   <interval begin="1200.00" end="1500.00" id="detector11_0" nVehContrib="185" flow="2220.00" occupancy="14.38" speed="23.64" length="5.50" nVehEntered="200"/>
   <interval begin="1200.00" end="1500.00" id="detector11_1" nVehContrib="152" flow="1824.00" occupancy="9.01" speed="30.95" length="5.50" nVehEntered="155"/>
   <interval begin="1200.00" end="1500.00" id="detector11_2" nVehContrib="79" flow="948.00" occupancy="4.61" speed="31.43" length="5.50" nVehEntered="79"/>
   <interval begin="1200.00" end="1500.00" id="detector11_3" nVehContrib="132" flow="1584.00" occupancy="7.74" speed="31.27" length="5.50" nVehEntered="132"/>
   <interval begin="1200.00" end="1500.00" id="detector11_4" nVehContrib="117" flow="1404.00" occupancy="6.88" speed="31.21" length="5.50" nVehEntered="117"/>
   <interval begin="1200.00" end="1500.00" id="detector12_0" nVehContrib="178" flow="2136.00" occupancy="10.79" speed="30.27" length="5.50" nVehEntered="185"/>
   <interval begin="1200.00" end="1500.00" id="detector12_1" nVehContrib="11" flow="132.00" occupancy="0.62" speed="32.84" length="5.50" nVehEntered="11"/>
   <interval begin="1200.00" end="1500.00" id="detector12_2" nVehContrib="158" flow="1896.00" occupancy="9.21" speed="31.47" length="5.50" nVehEntered="158"/>
   <interval begin="1200.00" end="1500.00" id="detector12_3" nVehContrib="89" flow="1068.00" occupancy="5.19" speed="31.45" length="5.50" nVehEntered="89"/>
   <interval begin="1200.00" end="1500.00" id="detector12_4" nVehContrib="130" flow="1560.00" occupancy="7.57" speed="31.50" length="5.50" nVehEntered="131"/>
   <interval begin="1200.00" end="1500.00" id="detector12_5" nVehContrib="118" flow="1416.00" occupancy="6.87" speed="31.49" length="5.50" nVehEntered="118"/>
   <interval begin="1200.00" end="1500.00" id="detector13_0" nVehContrib="174" flow="2088.00" occupancy="10.57" speed="30.27" length="5.50" nVehEntered="185"/>
   <interval begin="1200.00" end="1500.00" id="detector13_1" nVehContrib="153" flow="1836.00" occupancy="8.91" speed="31.49" length="5.50" nVehEntered="153"/>
   <interval begin="1200.00" end="1500.00" id="detector13_2" nVehContrib="112" flow="1344.00" occupancy="6.52" speed="31.50" length="5.50" nVehEntered="112"/>
   <interval begin="1200.00" end="1500.00" id="detector13_3" nVehContrib="96" flow="1152.00" occupancy="5.61" speed="31.40" length="5.50" nVehEntered="103"/>
   <interval begin="1200.00" end="1500.00" id="detector13_4" nVehContrib="110" flow="1320.00" occupancy="6.40" speed="31.50" length="5.50" nVehEntered="111"/>
   <interval begin="1200.00" end="1500.00" id="detector14_0" nVehContrib="184" flow="2208.00" occupancy="12.96" speed="26.02" length="5.50" nVehEntered="195"/>
   <interval begin="1200.00" end="1500.00" id="detector14_1" nVehContrib="163" flow="1956.00" occupancy="9.50" speed="31.47" length="5.50" nVehEntered="169"/>
   <interval begin="1200.00" end="1500.00" id="detector14_2" nVehContrib="121" flow="1452.00" occupancy="7.04" speed="31.50" length="5.50" nVehEntered="121"/>
   <interval begin="1200.00" end="1500.00" id="detector14_3" nVehContrib="106" flow="1272.00" occupancy="6.17" speed="31.50" length="5.50" nVehEntered="107"/>
   <interval begin="1200.00" end="1500.00" id="detector14_4" nVehContrib="105" flow="1260.00" occupancy="6.11" speed="31.50" length="5.50" nVehEntered="108"/>
   <interval begin="1200.00" end="1500.00" id="detector15_0" nVehContrib="183" flow="2196.00" occupancy="11.86" speed="28.45" length="5.50" nVehEntered="184"/>
   <interval begin="1200.00" end="1500.00" id="detector15_1" nVehContrib="187" flow="2244.00" occupancy="14.22" speed="24.37" length="5.50" nVehEntered="268"/>
   <interval begin="1200.00" end="1500.00" id="detector15_2" nVehContrib="145" flow="1740.00" occupancy="8.64" speed="30.84" length="5.50" nVehEntered="149"/>
   <interval begin="1200.00" end="1500.00" id="detector15_3" nVehContrib="110" flow="1320.00" occupancy="6.45" speed="31.29" length="5.50" nVehEntered="110"/>
   <interval begin="1200.00" end="1500.00" id="detector15_4" nVehContrib="0" flow="0.00" occupancy="0.00" speed="-1.00" length="-1.00" nVehEntered="0"/>
   <interval begin="1200.00" end="1500.00" id="detector16_0" nVehContrib="182" flow="2184.00" occupancy="11.15" speed="29.92" length="5.50" nVehEntered="183"/>
   <interval begin="1200.00" end="1500.00" id="detector16_1" nVehContrib="179" flow="2148.00" occupancy="10.80" speed="30.41" length="5.50" nVehEntered="180"/>
   <interval begin="1200.00" end="1500.00" id="detector16_2" nVehContrib="157" flow="1884.00" occupancy="9.24" speed="31.18" length="5.50" nVehEntered="157"/>
   <interval begin="1200.00" end="1500.00" id="detector16_3" nVehContrib="124" flow="1488.00" occupancy="7.47" speed="30.73" length="5.50" nVehEntered="125"/>
   <interval begin="1200.00" end="1500.00" id="detector16_4" nVehContrib="53" flow="636.00" occupancy="3.19" speed="30.59" length="5.50" nVehEntered="56"/>
   <interval begin="1200.00" end="1500.00" id="detector17_0" nVehContrib="182" flow="2184.00" occupancy="10.84" speed="30.79" length="5.50" nVehEntered="182"/>
   <interval begin="1200.00" end="1500.00" id="detector17_1" nVehContrib="0" flow="0.00" occupancy="0.00" speed="-1.00" length="-1.00" nVehEntered="0"/>
   <interval begin="1200.00" end="1500.00" id="detector17_2" nVehContrib="179" flow="2148.00" occupancy="10.60" speed="30.97" length="5.50" nVehEntered="179"/>
   <interval begin="1200.00" end="1500.00" id="detector17_3" nVehContrib="158" flow="1896.00" occupancy="9.56" speed="30.48" length="5.50" nVehEntered="159"/>
   <interval begin="1200.00" end="1500.00" id="detector17_4" nVehContrib="122" flow="1464.00" occupancy="7.16" speed="31.27" length="5.50" nVehEntered="124"/>
   <interval begin="1200.00" end="1500.00" id="detector17_5" nVehContrib="59" flow="708.00" occupancy="3.43" speed="31.49" length="5.50" nVehEntered="59"/>
   <interval begin="1200.00" end="1500.00" id="detector18_0" nVehContrib="179" flow="2148.00" occupancy="10.92" speed="30.13" length="5.50" nVehEntered="179"/>
   <interval begin="1200.00" end="1500.00" id="detector18_1" nVehContrib="153" flow="1836.00" occupancy="8.91" speed="31.50" length="5.50" nVehEntered="153"/>
   <interval begin="1200.00" end="1500.00" id="detector18_2" nVehContrib="134" flow="1608.00" occupancy="7.80" speed="31.50" length="5.50" nVehEntered="134"/>
   <interval begin="1200.00" end="1500.00" id="detector18_3" nVehContrib="123" flow="1476.00" occupancy="7.16" speed="31.50" length="5.50" nVehEntered="123"/>
   <interval begin="1200.00" end="1500.00" id="detector18_4" nVehContrib="71" flow="852.00" occupancy="4.07" speed="36.95" length="5.50" nVehEntered="71"/>
   <interval begin="1500.00" end="1800.00" id="detector1_0" nVehContrib="123" flow="1476.00" occupancy="7.42" speed="30.46" length="5.50" nVehEntered="123"/>
   <interval begin="1500.00" end="1800.00" id="detector1_1" nVehContrib="122" flow="1464.00" occupancy="7.31" speed="30.64" length="5.50" nVehEntered="122"/>
   <interval begin="1500.00" end="1800.00" id="detector1_2" nVehContrib="123" flow="1476.00" occupancy="7.38" speed="30.64" length="5.50" nVehEntered="123"/>
   <interval begin="1500.00" end="1800.00" id="detector1_3" nVehContrib="124" flow="1488.00" occupancy="7.42" speed="30.71" length="5.50" nVehEntered="124"/>
   <interval begin="1500.00" end="1800.00" id="detector2_0" nVehContrib="133" flow="1596.00" occupancy="7.74" speed="31.50" length="5.50" nVehEntered="133"/>
   <interval begin="1500.00" end="1800.00" id="detector2_1" nVehContrib="128" flow="1536.00" occupancy="7.46" speed="31.44" length="5.50" nVehEntered="133"/>
   <interval begin="1500.00" end="1800.00" id="detector2_2" nVehContrib="127" flow="1524.00" occupancy="7.39" speed="31.50" length="5.50" nVehEntered="132"/>
   <interval begin="1500.00" end="1800.00" id="detector2_3" nVehContrib="125" flow="1500.00" occupancy="7.28" speed="31.50" length="5.50" nVehEntered="129"/>
   <interval begin="1500.00" end="1800.00" id="detector3_0" nVehContrib="180" flow="2160.00" occupancy="12.42" speed="26.86" length="5.50" nVehEntered="189"/>
   <interval begin="1500.00" end="1800.00" id="detector3_1" nVehContrib="138" flow="1656.00" occupancy="8.06" speed="31.40" length="5.50" nVehEntered="138"/>
   <interval begin="1500.00" end="1800.00" id="detector3_2" nVehContrib="127" flow="1524.00" occupancy="7.39" speed="31.49" length="5.50" nVehEntered="127"/>
   <interval begin="1500.00" end="1800.00" id="detector3_3" nVehContrib="127" flow="1524.00" occupancy="7.43" speed="31.36" length="5.50" nVehEntered="127"/>
   <interval begin="1500.00" end="1800.00" id="detector4_0" nVehContrib="178" flow="2136.00" occupancy="10.54" speed="30.96" length="5.50" nVehEntered="179"/>
   <interval begin="1500.00" end="1800.00" id="detector4_1" nVehContrib="8" flow="96.00" occupancy="0.47" speed="31.13" length="5.50" nVehEntered="8"/>
   <interval begin="1500.00" end="1800.00" id="detector4_2" nVehContrib="146" flow="1752.00" occupancy="8.50" speed="31.50" length="5.50" nVehEntered="146"/>
   <interval begin="1500.00" end="1800.00" id="detector4_3" nVehContrib="130" flow="1560.00" occupancy="7.57" speed="31.50" length="5.50" nVehEntered="130"/>
   <interval begin="1500.00" end="1800.00" id="detector4_4" nVehContrib="127" flow="1524.00" occupancy="7.39" speed="31.50" length="5.50" nVehEntered="127"/>
   <interval begin="1500.00" end="1800.00" id="detector5_0" nVehContrib="154" flow="1848.00" occupancy="9.01" speed="31.50" length="5.50" nVehEntered="154"/>
   <interval begin="1500.00" end="1800.00" id="detector5_1" nVehContrib="0" flow="0.00" occupancy="0.00" speed="-1.00" length="-1.00" nVehEntered="0"/>
   <interval begin="1500.00" end="1800.00" id="detector5_2" nVehContrib="28" flow="336.00" occupancy="1.63" speed="31.50" length="5.50" nVehEntered="28"/>
   <interval begin="1500.00" end="1800.00" id="detector5_3" nVehContrib="144" flow="1728.00" occupancy="8.38" speed="31.50" length="5.50" nVehEntered="144"/>
   <interval begin="1500.00" end="1800.00" id="detector5_4" nVehContrib="131" flow="1572.00" occupancy="7.58" speed="31.50" length="5.50" nVehEntered="131"/>
   <interval begin="1500.00" end="1800.00" id="detector5_5" nVehContrib="123" flow="1476.00" occupancy="7.12" speed="31.50" length="5.50" nVehEntered="124"/>
   <interval begin="1500.00" end="1800.00" id="detector6_0" nVehContrib="155" flow="1860.00" occupancy="9.02" speed="31.50" length="5.50" nVehEntered="155"/>
   <interval begin="1500.00" end="1800.00" id="detector6_1" nVehContrib="70" flow="840.00" occupancy="4.07" speed="31.50" length="5.50" nVehEntered="70"/>
   <interval begin="1500.00" end="1800.00" id="detector6_2" nVehContrib="102" flow="1224.00" occupancy="5.94" speed="31.50" length="5.50" nVehEntered="105"/>
   <interval begin="1500.00" end="1800.00" id="detector6_3" nVehContrib="132" flow="1584.00" occupancy="7.68" speed="31.50" length="5.50" nVehEntered="132"/>
   <interval begin="1500.00" end="1800.00" id="detector6_4" nVehContrib="123" flow="1476.00" occupancy="7.16" speed="31.50" length="5.50" nVehEntered="123"/>
   <interval begin="1500.00" end="1800.00" id="detector8_0" nVehContrib="168" flow="2016.00" occupancy="9.78" speed="31.48" length="5.50" nVehEntered="168"/>
   <interval begin="1500.00" end="1800.00" id="detector8_1" nVehContrib="148" flow="1776.00" occupancy="8.73" speed="31.13" length="5.50" nVehEntered="148"/>
   <interval begin="1500.00" end="1800.00" id="detector8_2" nVehContrib="130" flow="1560.00" occupancy="7.76" speed="30.79" length="5.50" nVehEntered="130"/>
   <interval begin="1500.00" end="1800.00" id="detector8_3" nVehContrib="128" flow="1536.00" occupancy="7.47" speed="31.39" length="5.50" nVehEntered="128"/>
   <interval begin="1500.00" end="1800.00" id="detector9_0" nVehContrib="167" flow="2004.00" occupancy="9.90" speed="30.96" length="5.50" nVehEntered="167"/>
   <interval begin="1500.00" end="1800.00" id="detector9_1" nVehContrib="145" flow="1740.00" occupancy="8.44" speed="31.48" length="5.50" nVehEntered="145"/>
   <interval begin="1500.00" end="1800.00" id="detector9_2" nVehContrib="131" flow="1572.00" occupancy="7.65" speed="31.41" length="5.50" nVehEntered="131"/>
   <interval begin="1500.00" end="1800.00" id="detector9_3" nVehContrib="126" flow="1512.00" occupancy="7.36" speed="31.39" length="5.50" nVehEntered="127"/>
   <interval begin="1500.00" end="1800.00" id="detector9_4" nVehContrib="0" flow="0.00" occupancy="0.00" speed="-1.00" length="-1.00" nVehEntered="0"/>
   <interval begin="1500.00" end="1800.00" id="detector10_0" nVehContrib="159" flow="1908.00" occupancy="9.61" speed="30.46" length="5.50" nVehEntered="160"/>
   <interval begin="1500.00" end="1800.00" id="detector10_1" nVehContrib="107" flow="1284.00" occupancy="6.24" speed="31.45" length="5.50" nVehEntered="109"/>
   <interval begin="1500.00" end="1800.00" id="detector10_2" nVehContrib="82" flow="984.00" occupancy="4.76" speed="31.88" length="5.50" nVehEntered="113"/>
   <interval begin="1500.00" end="1800.00" id="detector10_3" nVehContrib="126" flow="1512.00" occupancy="7.34" speed="31.48" length="5.50" nVehEntered="127"/>
   <interval begin="1500.00" end="1800.00" id="detector10_4" nVehContrib="118" flow="1416.00" occupancy="6.89" speed="31.40" length="5.50" nVehEntered="121"/>
   <interval begin="1500.00" end="1800.00" id="detector11_0" nVehContrib="186" flow="2232.00" occupancy="14.74" speed="23.19" length="5.50" nVehEntered="198"/>
   <interval begin="1500.00" end="1800.00" id="detector11_1" nVehContrib="154" flow="1848.00" occupancy="9.13" speed="30.97" length="5.50" nVehEntered="156"/>
   <interval begin="1500.00" end="1800.00" id="detector11_2" nVehContrib="82" flow="984.00" occupancy="4.74" speed="32.20" length="5.50" nVehEntered="82"/>
   <interval begin="1500.00" end="1800.00" id="detector11_3" nVehContrib="124" flow="1488.00" occupancy="7.22" speed="31.47" length="5.50" nVehEntered="124"/>
   <interval begin="1500.00" end="1800.00" id="detector11_4" nVehContrib="115" flow="1380.00" occupancy="6.71" speed="31.44" length="5.50" nVehEntered="115"/>
   <interval begin="1500.00" end="1800.00" id="detector12_0" nVehContrib="178" flow="2136.00" occupancy="10.75" speed="30.37" length="5.50" nVehEntered="186"/>
   <interval begin="1500.00" end="1800.00" id="detector12_1" nVehContrib="13" flow="156.00" occupancy="0.76" speed="31.50" length="5.50" nVehEntered="13"/>
   <interval begin="1500.00" end="1800.00" id="detector12_2" nVehContrib="155" flow="1860.00" occupancy="9.03" speed="31.47" length="5.50" nVehEntered="155"/>
   <interval begin="1500.00" end="1800.00" id="detector12_3" nVehContrib="91" flow="1092.00" occupancy="5.31" speed="31.44" length="5.50" nVehEntered="92"/>
   <interval begin="1500.00" end="1800.00" id="detector12_4" nVehContrib="120" flow="1440.00" occupancy="6.98" speed="31.50" length="5.50" nVehEntered="124"/>
   <interval begin="1500.00" end="1800.00" id="detector12_5" nVehContrib="119" flow="1428.00" occupancy="6.93" speed="31.50" length="5.50" nVehEntered="119"/>
   <interval begin="1500.00" end="1800.00" id="detector13_0" nVehContrib="175" flow="2100.00" occupancy="10.81" speed="29.96" length="5.50" nVehEntered="188"/>
   <interval begin="1500.00" end="1800.00" id="detector13_1" nVehContrib="153" flow="1836.00" occupancy="8.91" speed="31.49" length="5.50" nVehEntered="156"/>
   <interval begin="1500.00" end="1800.00" id="detector13_2" nVehContrib="98" flow="1176.00" occupancy="5.70" speed="31.50" length="5.50" nVehEntered="99"/>
   <interval begin="1500.00" end="1800.00" id="detector13_3" nVehContrib="109" flow="1308.00" occupancy="6.34" speed="31.50" length="5.50" nVehEntered="111"/>
   <interval begin="1500.00" end="1800.00" id="detector13_4" nVehContrib="104" flow="1248.00" occupancy="6.05" speed="31.50" length="5.50" nVehEntered="105"/>
   <interval begin="1500.00" end="1800.00" id="detector14_0" nVehContrib="179" flow="2148.00" occupancy="14.62" speed="22.93" length="5.50" nVehEntered="203"/>
   <interval begin="1500.00" end="1800.00" id="detector14_1" nVehContrib="167" flow="2004.00" occupancy="9.80" speed="31.26" length="5.50" nVehEntered="175"/>
   <interval begin="1500.00" end="1800.00" id="detector14_2" nVehContrib="116" flow="1392.00" occupancy="6.75" speed="31.50" length="5.50" nVehEntered="116"/>
   <interval begin="1500.00" end="1800.00" id="detector14_3" nVehContrib="109" flow="1308.00" occupancy="6.34" speed="31.49" length="5.50" nVehEntered="109"/>
   <interval begin="1500.00" end="1800.00" id="detector14_4" nVehContrib="101" flow="1212.00" occupancy="5.88" speed="31.49" length="5.50" nVehEntered="104"/>
   <interval begin="1500.00" end="1800.00" id="detector15_0" nVehContrib="185" flow="2220.00" occupancy="13.59" speed="25.08" length="5.50" nVehEntered="185"/>
   <interval begin="1500.00" end="1800.00" id="detector15_1" nVehContrib="186" flow="2232.00" occupancy="14.42" speed="23.94" length="5.50" nVehEntered="266"/>
   <interval begin="1500.00" end="1800.00" id="detector15_2" nVehContrib="140" flow="1680.00" occupancy="8.29" speed="31.01" length="5.50" nVehEntered="145"/>
   <interval begin="1500.00" end="1800.00" id="detector15_3" nVehContrib="102" flow="1224.00" occupancy="5.89" speed="33.45" length="5.50" nVehEntered="102"/>
   <interval begin="1500.00" end="1800.00" id="detector15_4" nVehContrib="0" flow="0.00" occupancy="0.00" speed="-1.00" length="-1.00" nVehEntered="0"/>
   <interval begin="1500.00" end="1800.00" id="detector16_0" nVehContrib="183" flow="2196.00" occupancy="11.53" speed="29.11" length="5.50" nVehEntered="183"/>
   <interval begin="1500.00" end="1800.00" id="detector16_1" nVehContrib="178" flow="2136.00" occupancy="10.58" speed="30.84" length="5.50" nVehEntered="178"/>
   <interval begin="1500.00" end="1800.00" id="detector16_2" nVehContrib="152" flow="1824.00" occupancy="8.99" speed="31.08" length="5.50" nVehEntered="152"/>
   <interval begin="1500.00" end="1800.00" id="detector16_3" nVehContrib="107" flow="1284.00" occupancy="6.64" speed="29.95" length="5.50" nVehEntered="109"/>
   <interval begin="1500.00" end="1800.00" id="detector16_4" nVehContrib="55" flow="660.00" occupancy="3.28" speed="30.97" length="5.50" nVehEntered="55"/>
   <interval begin="1500.00" end="1800.00" id="detector17_0" nVehContrib="180" flow="2160.00" occupancy="10.78" speed="30.61" length="5.50" nVehEntered="183"/>
   <interval begin="1500.00" end="1800.00" id="detector17_1" nVehContrib="3" flow="36.00" occupancy="0.17" speed="33.37" length="5.50" nVehEntered="3"/>
   <interval begin="1500.00" end="1800.00" id="detector17_2" nVehContrib="177" flow="2124.00" occupancy="10.34" speed="31.37" length="5.50" nVehEntered="177"/>
   <interval begin="1500.00" end="1800.00" id="detector17_3" nVehContrib="158" flow="1896.00" occupancy="9.31" speed="31.09" length="5.50" nVehEntered="159"/>
   <interval begin="1500.00" end="1800.00" id="detector17_4" nVehContrib="104" flow="1248.00" occupancy="6.06" speed="31.48" length="5.50" nVehEntered="106"/>
   <interval begin="1500.00" end="1800.00" id="detector17_5" nVehContrib="60" flow="720.00" occupancy="3.48" speed="31.68" length="5.50" nVehEntered="60"/>
   <interval begin="1500.00" end="1800.00" id="detector18_0" nVehContrib="182" flow="2184.00" occupancy="11.28" speed="29.58" length="5.50" nVehEntered="182"/>
   <interval begin="1500.00" end="1800.00" id="detector18_1" nVehContrib="156" flow="1872.00" occupancy="9.10" speed="31.44" length="5.50" nVehEntered="156"/>
   <interval begin="1500.00" end="1800.00" id="detector18_2" nVehContrib="126" flow="1512.00" occupancy="7.33" speed="31.50" length="5.50" nVehEntered="126"/>
   <interval begin="1500.00" end="1800.00" id="detector18_3" nVehContrib="103" flow="1236.00" occupancy="6.05" speed="31.42" length="5.50" nVehEntered="103"/>
   <interval begin="1500.00" end="1800.00" id="detector18_4" nVehContrib="58" flow="696.00" occupancy="3.38" speed="31.49" length="5.50" nVehEntered="58"/>
</detector>
