<?xml version="1.0"?>

<!-- generated on 03/12/13 18:53:37 by SUMO sumo Version 0.13.0
<?xml version="1.0" encoding="iso-8859-1"?>

<configuration xmlns:xsi="http://www.w3.org/2001/XMLSchema-instance" xsi:noNamespaceSchemaLocation="http://sumo.sf.net/xsd/sumoConfiguration.xsd">

    <input>
        <net-file value="prob.net.xml"/>
        <route-files value="output.rou.xml"/>
        <additional-files value="detectors.add.xml"/>
    </input>

    <output>
        <netstate-dump value="netstate.xml"/>
        <summary-output value="summary.xml"/>
    </output>

    <time>
        <begin value="0"/>
        <end value="1800"/>
    </time>

    <gui_only>
        <gui-settings-file value=""/>
    </gui_only>

</configuration>
-->

<detector>
   <interval begin="0.00" end="300.00" id="detector1_0" nVehContrib="76" flow="912.00" occupancy="4.46" speed="31.25" length="5.50" nVehEntered="76"/>
   <interval begin="0.00" end="300.00" id="detector1_1" nVehContrib="76" flow="912.00" occupancy="4.44" speed="31.39" length="5.50" nVehEntered="76"/>
   <interval begin="0.00" end="300.00" id="detector1_2" nVehContrib="76" flow="912.00" occupancy="4.47" speed="31.23" length="5.50" nVehEntered="76"/>
   <interval begin="0.00" end="300.00" id="detector1_3" nVehContrib="74" flow="888.00" occupancy="4.34" speed="31.25" length="5.50" nVehEntered="74"/>
   <interval begin="0.00" end="300.00" id="detector2_0" nVehContrib="78" flow="936.00" occupancy="4.54" speed="31.50" length="5.50" nVehEntered="78"/>
   <interval begin="0.00" end="300.00" id="detector2_1" nVehContrib="64" flow="768.00" occupancy="3.72" speed="31.50" length="5.50" nVehEntered="75"/>
   <interval begin="0.00" end="300.00" id="detector2_2" nVehContrib="66" flow="792.00" occupancy="3.84" speed="31.50" length="5.50" nVehEntered="73"/>
   <interval begin="0.00" end="300.00" id="detector2_3" nVehContrib="62" flow="744.00" occupancy="3.61" speed="31.50" length="5.50" nVehEntered="67"/>
   <interval begin="0.00" end="300.00" id="detector3_0" nVehContrib="103" flow="1236.00" occupancy="6.21" speed="30.59" length="5.50" nVehEntered="107"/>
   <interval begin="0.00" end="300.00" id="detector3_1" nVehContrib="66" flow="792.00" occupancy="3.82" speed="31.72" length="5.50" nVehEntered="66"/>
   <interval begin="0.00" end="300.00" id="detector3_2" nVehContrib="63" flow="756.00" occupancy="3.67" speed="31.50" length="5.50" nVehEntered="63"/>
   <interval begin="0.00" end="300.00" id="detector3_3" nVehContrib="59" flow="708.00" occupancy="3.43" speed="31.50" length="5.50" nVehEntered="59"/>
   <interval begin="0.00" end="300.00" id="detector4_0" nVehContrib="105" flow="1260.00" occupancy="6.12" speed="31.48" length="5.50" nVehEntered="105"/>
   <interval begin="0.00" end="300.00" id="detector4_1" nVehContrib="0" flow="0.00" occupancy="0.00" speed="-1.00" length="-1.00" nVehEntered="0"/>
   <interval begin="0.00" end="300.00" id="detector4_2" nVehContrib="60" flow="720.00" occupancy="3.49" speed="31.50" length="5.50" nVehEntered="60"/>
   <interval begin="0.00" end="300.00" id="detector4_3" nVehContrib="56" flow="672.00" occupancy="3.26" speed="31.50" length="5.50" nVehEntered="56"/>
   <interval begin="0.00" end="300.00" id="detector4_4" nVehContrib="51" flow="612.00" occupancy="2.97" speed="31.50" length="5.50" nVehEntered="51"/>
   <interval begin="0.00" end="300.00" id="detector5_0" nVehContrib="92" flow="1104.00" occupancy="5.35" speed="31.50" length="5.50" nVehEntered="92"/>
   <interval begin="0.00" end="300.00" id="detector5_1" nVehContrib="0" flow="0.00" occupancy="0.00" speed="-1.00" length="-1.00" nVehEntered="0"/>
   <interval begin="0.00" end="300.00" id="detector5_2" nVehContrib="2" flow="24.00" occupancy="0.12" speed="31.50" length="5.50" nVehEntered="2"/>
   <interval begin="0.00" end="300.00" id="detector5_3" nVehContrib="50" flow="600.00" occupancy="2.91" speed="31.50" length="5.50" nVehEntered="51"/>
   <interval begin="0.00" end="300.00" id="detector5_4" nVehContrib="49" flow="588.00" occupancy="2.85" speed="31.50" length="5.50" nVehEntered="49"/>
   <interval begin="0.00" end="300.00" id="detector5_5" nVehContrib="44" flow="528.00" occupancy="2.56" speed="31.50" length="5.50" nVehEntered="44"/>
   <interval begin="0.00" end="300.00" id="detector6_0" nVehContrib="88" flow="1056.00" occupancy="5.12" speed="31.50" length="5.50" nVehEntered="88"/>
   <interval begin="0.00" end="300.00" id="detector6_1" nVehContrib="6" flow="72.00" occupancy="0.35" speed="31.50" length="5.50" nVehEntered="6"/>
   <interval begin="0.00" end="300.00" id="detector6_2" nVehContrib="41" flow="492.00" occupancy="2.39" speed="31.50" length="5.50" nVehEntered="41"/>
   <interval begin="0.00" end="300.00" id="detector6_3" nVehContrib="48" flow="576.00" occupancy="2.79" speed="31.50" length="5.50" nVehEntered="48"/>
   <interval begin="0.00" end="300.00" id="detector6_4" nVehContrib="41" flow="492.00" occupancy="2.39" speed="31.50" length="5.50" nVehEntered="41"/>
   <interval begin="0.00" end="300.00" id="detector8_0" nVehContrib="68" flow="816.00" occupancy="3.96" speed="31.50" length="5.50" nVehEntered="68"/>
   <interval begin="0.00" end="300.00" id="detector8_1" nVehContrib="42" flow="504.00" occupancy="2.45" speed="31.45" length="5.50" nVehEntered="42"/>
   <interval begin="0.00" end="300.00" id="detector8_2" nVehContrib="29" flow="348.00" occupancy="1.69" speed="31.50" length="5.50" nVehEntered="30"/>
   <interval begin="0.00" end="300.00" id="detector8_3" nVehContrib="21" flow="252.00" occupancy="1.22" speed="31.50" length="5.50" nVehEntered="22"/>
   <interval begin="0.00" end="300.00" id="detector9_0" nVehContrib="63" flow="756.00" occupancy="3.69" speed="31.49" length="5.50" nVehEntered="63"/>
   <interval begin="0.00" end="300.00" id="detector9_1" nVehContrib="38" flow="456.00" occupancy="2.21" speed="31.50" length="5.50" nVehEntered="39"/>
   <interval begin="0.00" end="300.00" id="detector9_2" nVehContrib="23" flow="276.00" occupancy="1.34" speed="31.50" length="5.50" nVehEntered="23"/>
   <interval begin="0.00" end="300.00" id="detector9_3" nVehContrib="18" flow="216.00" occupancy="1.05" speed="31.50" length="5.50" nVehEntered="18"/>
   <interval begin="0.00" end="300.00" id="detector9_4" nVehContrib="0" flow="0.00" occupancy="0.00" speed="-1.00" length="-1.00" nVehEntered="0"/>
   <interval begin="0.00" end="300.00" id="detector10_0" nVehContrib="76" flow="912.00" occupancy="4.45" speed="31.72" length="5.50" nVehEntered="78"/>
   <interval begin="0.00" end="300.00" id="detector10_1" nVehContrib="22" flow="264.00" occupancy="1.26" speed="32.26" length="5.50" nVehEntered="22"/>
   <interval begin="0.00" end="300.00" id="detector10_2" nVehContrib="11" flow="132.00" occupancy="0.64" speed="31.50" length="5.50" nVehEntered="17"/>
   <interval begin="0.00" end="300.00" id="detector10_3" nVehContrib="14" flow="168.00" occupancy="0.81" speed="31.50" length="5.50" nVehEntered="14"/>
   <interval begin="0.00" end="300.00" id="detector10_4" nVehContrib="13" flow="156.00" occupancy="0.76" speed="31.50" length="5.50" nVehEntered="13"/>
   <interval begin="0.00" end="300.00" id="detector11_0" nVehContrib="91" flow="1092.00" occupancy="5.42" speed="31.37" length="5.50" nVehEntered="98"/>
   <interval begin="0.00" end="300.00" id="detector11_1" nVehContrib="33" flow="396.00" occupancy="1.91" speed="31.76" length="5.50" nVehEntered="33"/>
   <interval begin="0.00" end="300.00" id="detector11_2" nVehContrib="5" flow="60.00" occupancy="0.29" speed="31.50" length="5.50" nVehEntered="5"/>
   <interval begin="0.00" end="300.00" id="detector11_3" nVehContrib="15" flow="180.00" occupancy="0.87" speed="31.49" length="5.50" nVehEntered="15"/>
   <interval begin="0.00" end="300.00" id="detector11_4" nVehContrib="8" flow="96.00" occupancy="0.47" speed="31.50" length="5.50" nVehEntered="8"/>
   <interval begin="0.00" end="300.00" id="detector12_0" nVehContrib="84" flow="1008.00" occupancy="4.95" speed="31.48" length="5.50" nVehEntered="84"/>
   <interval begin="0.00" end="300.00" id="detector12_1" nVehContrib="3" flow="36.00" occupancy="0.17" speed="31.50" length="5.50" nVehEntered="3"/>
   <interval begin="0.00" end="300.00" id="detector12_2" nVehContrib="36" flow="432.00" occupancy="2.10" speed="31.50" length="5.50" nVehEntered="36"/>
   <interval begin="0.00" end="300.00" id="detector12_3" nVehContrib="4" flow="48.00" occupancy="0.23" speed="31.50" length="5.50" nVehEntered="4"/>
   <interval begin="0.00" end="300.00" id="detector12_4" nVehContrib="12" flow="144.00" occupancy="0.70" speed="31.50" length="5.50" nVehEntered="13"/>
   <interval begin="0.00" end="300.00" id="detector12_5" nVehContrib="7" flow="84.00" occupancy="0.41" speed="31.50" length="5.50" nVehEntered="7"/>
   <interval begin="0.00" end="300.00" id="detector13_0" nVehContrib="70" flow="840.00" occupancy="4.07" speed="31.49" length="5.50" nVehEntered="75"/>
   <interval begin="0.00" end="300.00" id="detector13_1" nVehContrib="27" flow="324.00" occupancy="1.57" speed="31.50" length="5.50" nVehEntered="28"/>
   <interval begin="0.00" end="300.00" id="detector13_2" nVehContrib="4" flow="48.00" occupancy="0.23" speed="31.50" length="5.50" nVehEntered="4"/>
   <interval begin="0.00" end="300.00" id="detector13_3" nVehContrib="6" flow="72.00" occupancy="0.35" speed="31.50" length="5.50" nVehEntered="8"/>
   <interval begin="0.00" end="300.00" id="detector13_4" nVehContrib="2" flow="24.00" occupancy="0.12" speed="31.50" length="5.50" nVehEntered="2"/>
   <interval begin="0.00" end="300.00" id="detector14_0" nVehContrib="105" flow="1260.00" occupancy="6.12" speed="31.47" length="5.50" nVehEntered="124"/>
   <interval begin="0.00" end="300.00" id="detector14_1" nVehContrib="40" flow="480.00" occupancy="2.33" speed="31.49" length="5.50" nVehEntered="40"/>
   <interval begin="0.00" end="300.00" id="detector14_2" nVehContrib="4" flow="48.00" occupancy="0.23" speed="31.50" length="5.50" nVehEntered="4"/>
   <interval begin="0.00" end="300.00" id="detector14_3" nVehContrib="2" flow="24.00" occupancy="0.12" speed="31.50" length="5.50" nVehEntered="2"/>
   <interval begin="0.00" end="300.00" id="detector14_4" nVehContrib="1" flow="12.00" occupancy="0.06" speed="31.50" length="5.50" nVehEntered="1"/>
   <interval begin="0.00" end="300.00" id="detector15_0" nVehContrib="99" flow="1188.00" occupancy="5.76" speed="31.50" length="5.50" nVehEntered="99"/>
   <interval begin="0.00" end="300.00" id="detector15_1" nVehContrib="35" flow="420.00" occupancy="2.04" speed="31.49" length="5.50" nVehEntered="35"/>
   <interval begin="0.00" end="300.00" id="detector15_2" nVehContrib="1" flow="12.00" occupancy="0.06" speed="31.50" length="5.50" nVehEntered="1"/>
   <interval begin="0.00" end="300.00" id="detector15_3" nVehContrib="1" flow="12.00" occupancy="0.06" speed="31.50" length="5.50" nVehEntered="1"/>
   <interval begin="0.00" end="300.00" id="detector15_4" nVehContrib="0" flow="0.00" occupancy="0.00" speed="-1.00" length="-1.00" nVehEntered="0"/>
   <interval begin="0.00" end="300.00" id="detector16_0" nVehContrib="93" flow="1116.00" occupancy="5.41" speed="31.50" length="5.50" nVehEntered="93"/>
   <interval begin="0.00" end="300.00" id="detector16_1" nVehContrib="26" flow="312.00" occupancy="1.51" speed="31.50" length="5.50" nVehEntered="26"/>
   <interval begin="0.00" end="300.00" id="detector16_2" nVehContrib="2" flow="24.00" occupancy="0.12" speed="31.50" length="5.50" nVehEntered="2"/>
   <interval begin="0.00" end="300.00" id="detector16_3" nVehContrib="1" flow="12.00" occupancy="0.06" speed="31.50" length="5.50" nVehEntered="1"/>
   <interval begin="0.00" end="300.00" id="detector16_4" nVehContrib="0" flow="0.00" occupancy="0.00" speed="-1.00" length="-1.00" nVehEntered="0"/>
   <interval begin="0.00" end="300.00" id="detector17_0" nVehContrib="89" flow="1068.00" occupancy="5.18" speed="31.50" length="5.50" nVehEntered="89"/>
   <interval begin="0.00" end="300.00" id="detector17_1" nVehContrib="0" flow="0.00" occupancy="0.00" speed="-1.00" length="-1.00" nVehEntered="0"/>
   <interval begin="0.00" end="300.00" id="detector17_2" nVehContrib="23" flow="276.00" occupancy="1.34" speed="31.50" length="5.50" nVehEntered="23"/>
   <interval begin="0.00" end="300.00" id="detector17_3" nVehContrib="2" flow="24.00" occupancy="0.12" speed="31.50" length="5.50" nVehEntered="2"/>
   <interval begin="0.00" end="300.00" id="detector17_4" nVehContrib="1" flow="12.00" occupancy="0.06" speed="31.50" length="5.50" nVehEntered="1"/>
   <interval begin="0.00" end="300.00" id="detector17_5" nVehContrib="0" flow="0.00" occupancy="0.00" speed="-1.00" length="-1.00" nVehEntered="0"/>
   <interval begin="0.00" end="300.00" id="detector18_0" nVehContrib="77" flow="924.00" occupancy="4.48" speed="31.50" length="5.50" nVehEntered="77"/>
   <interval begin="0.00" end="300.00" id="detector18_1" nVehContrib="15" flow="180.00" occupancy="0.87" speed="31.50" length="5.50" nVehEntered="15"/>
   <interval begin="0.00" end="300.00" id="detector18_2" nVehContrib="2" flow="24.00" occupancy="0.12" speed="31.50" length="5.50" nVehEntered="2"/>
   <interval begin="0.00" end="300.00" id="detector18_3" nVehContrib="0" flow="0.00" occupancy="0.00" speed="-1.00" length="-1.00" nVehEntered="0"/>
   <interval begin="0.00" end="300.00" id="detector18_4" nVehContrib="0" flow="0.00" occupancy="0.00" speed="-1.00" length="-1.00" nVehEntered="0"/>
   <interval begin="300.00" end="600.00" id="detector1_0" nVehContrib="82" flow="984.00" occupancy="4.83" speed="31.15" length="5.50" nVehEntered="82"/>
   <interval begin="300.00" end="600.00" id="detector1_1" nVehContrib="83" flow="996.00" occupancy="4.87" speed="31.25" length="5.50" nVehEntered="83"/>
   <interval begin="300.00" end="600.00" id="detector1_2" nVehContrib="83" flow="996.00" occupancy="4.90" speed="31.12" length="5.50" nVehEntered="83"/>
   <interval begin="300.00" end="600.00" id="detector1_3" nVehContrib="83" flow="996.00" occupancy="4.90" speed="31.10" length="5.50" nVehEntered="83"/>
   <interval begin="300.00" end="600.00" id="detector2_0" nVehContrib="93" flow="1116.00" occupancy="5.42" speed="31.44" length="5.50" nVehEntered="93"/>
   <interval begin="300.00" end="600.00" id="detector2_1" nVehContrib="82" flow="984.00" occupancy="4.77" speed="31.50" length="5.50" nVehEntered="92"/>
   <interval begin="300.00" end="600.00" id="detector2_2" nVehContrib="82" flow="984.00" occupancy="4.77" speed="31.50" length="5.50" nVehEntered="91"/>
   <interval begin="300.00" end="600.00" id="detector2_3" nVehContrib="74" flow="888.00" occupancy="4.31" speed="31.50" length="5.50" nVehEntered="82"/>
   <interval begin="300.00" end="600.00" id="detector3_0" nVehContrib="118" flow="1416.00" occupancy="7.12" speed="30.54" length="5.50" nVehEntered="122"/>
   <interval begin="300.00" end="600.00" id="detector3_1" nVehContrib="84" flow="1008.00" occupancy="4.89" speed="31.52" length="5.50" nVehEntered="84"/>
   <interval begin="300.00" end="600.00" id="detector3_2" nVehContrib="84" flow="1008.00" occupancy="4.89" speed="31.49" length="5.50" nVehEntered="84"/>
   <interval begin="300.00" end="600.00" id="detector3_3" nVehContrib="75" flow="900.00" occupancy="4.37" speed="31.50" length="5.50" nVehEntered="75"/>
   <interval begin="300.00" end="600.00" id="detector4_0" nVehContrib="123" flow="1476.00" occupancy="7.17" speed="31.47" length="5.50" nVehEntered="123"/>
   <interval begin="300.00" end="600.00" id="detector4_1" nVehContrib="3" flow="36.00" occupancy="0.17" speed="31.50" length="5.50" nVehEntered="3"/>
   <interval begin="300.00" end="600.00" id="detector4_2" nVehContrib="91" flow="1092.00" occupancy="5.30" speed="31.50" length="5.50" nVehEntered="91"/>
   <interval begin="300.00" end="600.00" id="detector4_3" nVehContrib="87" flow="1044.00" occupancy="5.06" speed="31.50" length="5.50" nVehEntered="87"/>
   <interval begin="300.00" end="600.00" id="detector4_4" nVehContrib="77" flow="924.00" occupancy="4.48" speed="31.50" length="5.50" nVehEntered="77"/>
   <interval begin="300.00" end="600.00" id="detector5_0" nVehContrib="123" flow="1476.00" occupancy="7.16" speed="31.50" length="5.50" nVehEntered="123"/>
   <interval begin="300.00" end="600.00" id="detector5_1" nVehContrib="0" flow="0.00" occupancy="0.00" speed="-1.00" length="-1.00" nVehEntered="0"/>
   <interval begin="300.00" end="600.00" id="detector5_2" nVehContrib="4" flow="48.00" occupancy="0.23" speed="31.50" length="5.50" nVehEntered="4"/>
   <interval begin="300.00" end="600.00" id="detector5_3" nVehContrib="90" flow="1080.00" occupancy="5.24" speed="31.50" length="5.50" nVehEntered="90"/>
   <interval begin="300.00" end="600.00" id="detector5_4" nVehContrib="83" flow="996.00" occupancy="4.83" speed="31.50" length="5.50" nVehEntered="83"/>
   <interval begin="300.00" end="600.00" id="detector5_5" nVehContrib="77" flow="924.00" occupancy="4.48" speed="31.50" length="5.50" nVehEntered="77"/>
   <interval begin="300.00" end="600.00" id="detector6_0" nVehContrib="123" flow="1476.00" occupancy="7.16" speed="31.49" length="5.50" nVehEntered="123"/>
   <interval begin="300.00" end="600.00" id="detector6_1" nVehContrib="18" flow="216.00" occupancy="1.05" speed="31.50" length="5.50" nVehEntered="18"/>
   <interval begin="300.00" end="600.00" id="detector6_2" nVehContrib="78" flow="936.00" occupancy="4.54" speed="31.50" length="5.50" nVehEntered="79"/>
   <interval begin="300.00" end="600.00" id="detector6_3" nVehContrib="80" flow="960.00" occupancy="4.66" speed="31.50" length="5.50" nVehEntered="80"/>
   <interval begin="300.00" end="600.00" id="detector6_4" nVehContrib="76" flow="912.00" occupancy="4.42" speed="31.50" length="5.50" nVehEntered="76"/>
   <interval begin="300.00" end="600.00" id="detector8_0" nVehContrib="138" flow="1656.00" occupancy="8.03" speed="31.50" length="5.50" nVehEntered="138"/>
   <interval begin="300.00" end="600.00" id="detector8_1" nVehContrib="97" flow="1164.00" occupancy="5.65" speed="31.47" length="5.50" nVehEntered="97"/>
   <interval begin="300.00" end="600.00" id="detector8_2" nVehContrib="72" flow="864.00" occupancy="4.19" speed="31.50" length="5.50" nVehEntered="72"/>
   <interval begin="300.00" end="600.00" id="detector8_3" nVehContrib="68" flow="816.00" occupancy="3.96" speed="31.50" length="5.50" nVehEntered="68"/>
   <interval begin="300.00" end="600.00" id="detector9_0" nVehContrib="137" flow="1644.00" occupancy="7.96" speed="31.48" length="5.50" nVehEntered="137"/>
   <interval begin="300.00" end="600.00" id="detector9_1" nVehContrib="98" flow="1176.00" occupancy="5.70" speed="31.50" length="5.50" nVehEntered="98"/>
   <interval begin="300.00" end="600.00" id="detector9_2" nVehContrib="69" flow="828.00" occupancy="4.02" speed="31.50" length="5.50" nVehEntered="69"/>
   <interval begin="300.00" end="600.00" id="detector9_3" nVehContrib="63" flow="756.00" occupancy="3.67" speed="31.50" length="5.50" nVehEntered="63"/>
   <interval begin="300.00" end="600.00" id="detector9_4" nVehContrib="0" flow="0.00" occupancy="0.00" speed="-1.00" length="-1.00" nVehEntered="0"/>
   <interval begin="300.00" end="600.00" id="detector10_0" nVehContrib="145" flow="1740.00" occupancy="8.58" speed="33.83" length="5.50" nVehEntered="150"/>
   <interval begin="300.00" end="600.00" id="detector10_1" nVehContrib="72" flow="864.00" occupancy="4.16" speed="31.84" length="5.50" nVehEntered="73"/>
   <interval begin="300.00" end="600.00" id="detector10_2" nVehContrib="51" flow="612.00" occupancy="2.98" speed="31.39" length="5.50" nVehEntered="81"/>
   <interval begin="300.00" end="600.00" id="detector10_3" nVehContrib="74" flow="888.00" occupancy="4.31" speed="31.48" length="5.50" nVehEntered="75"/>
   <interval begin="300.00" end="600.00" id="detector10_4" nVehContrib="58" flow="696.00" occupancy="3.38" speed="31.50" length="5.50" nVehEntered="61"/>
   <interval begin="300.00" end="600.00" id="detector11_0" nVehContrib="165" flow="1980.00" occupancy="10.26" speed="30.09" length="5.50" nVehEntered="168"/>
   <interval begin="300.00" end="600.00" id="detector11_1" nVehContrib="106" flow="1272.00" occupancy="6.19" speed="31.40" length="5.50" nVehEntered="106"/>
   <interval begin="300.00" end="600.00" id="detector11_2" nVehContrib="39" flow="468.00" occupancy="2.27" speed="31.50" length="5.50" nVehEntered="39"/>
   <interval begin="300.00" end="600.00" id="detector11_3" nVehContrib="75" flow="900.00" occupancy="4.37" speed="31.50" length="5.50" nVehEntered="75"/>
   <interval begin="300.00" end="600.00" id="detector11_4" nVehContrib="59" flow="708.00" occupancy="3.43" speed="31.50" length="5.50" nVehEntered="59"/>
   <interval begin="300.00" end="600.00" id="detector12_0" nVehContrib="162" flow="1944.00" occupancy="9.41" speed="31.38" length="5.50" nVehEntered="163"/>
   <interval begin="300.00" end="600.00" id="detector12_1" nVehContrib="2" flow="24.00" occupancy="0.12" speed="31.50" length="5.50" nVehEntered="2"/>
   <interval begin="300.00" end="600.00" id="detector12_2" nVehContrib="119" flow="1428.00" occupancy="6.94" speed="31.46" length="5.50" nVehEntered="119"/>
   <interval begin="300.00" end="600.00" id="detector12_3" nVehContrib="43" flow="516.00" occupancy="2.50" speed="31.50" length="5.50" nVehEntered="43"/>
   <interval begin="300.00" end="600.00" id="detector12_4" nVehContrib="71" flow="852.00" occupancy="4.13" speed="31.50" length="5.50" nVehEntered="73"/>
   <interval begin="300.00" end="600.00" id="detector12_5" nVehContrib="58" flow="696.00" occupancy="3.38" speed="31.50" length="5.50" nVehEntered="58"/>
   <interval begin="300.00" end="600.00" id="detector13_0" nVehContrib="152" flow="1824.00" occupancy="8.86" speed="31.47" length="5.50" nVehEntered="152"/>
   <interval begin="300.00" end="600.00" id="detector13_1" nVehContrib="110" flow="1320.00" occupancy="6.40" speed="31.50" length="5.50" nVehEntered="110"/>
   <interval begin="300.00" end="600.00" id="detector13_2" nVehContrib="41" flow="492.00" occupancy="2.39" speed="31.50" length="5.50" nVehEntered="43"/>
   <interval begin="300.00" end="600.00" id="detector13_3" nVehContrib="55" flow="660.00" occupancy="3.20" speed="31.50" length="5.50" nVehEntered="56"/>
   <interval begin="300.00" end="600.00" id="detector13_4" nVehContrib="48" flow="576.00" occupancy="2.79" speed="31.50" length="5.50" nVehEntered="49"/>
   <interval begin="300.00" end="600.00" id="detector14_0" nVehContrib="182" flow="2184.00" occupancy="11.25" speed="29.72" length="5.50" nVehEntered="215"/>
   <interval begin="300.00" end="600.00" id="detector14_1" nVehContrib="142" flow="1704.00" occupancy="8.27" speed="31.47" length="5.50" nVehEntered="149"/>
   <interval begin="300.00" end="600.00" id="detector14_2" nVehContrib="48" flow="576.00" occupancy="2.80" speed="31.44" length="5.50" nVehEntered="48"/>
   <interval begin="300.00" end="600.00" id="detector14_3" nVehContrib="55" flow="660.00" occupancy="3.20" speed="31.50" length="5.50" nVehEntered="55"/>
   <interval begin="300.00" end="600.00" id="detector14_4" nVehContrib="46" flow="552.00" occupancy="2.68" speed="31.50" length="5.50" nVehEntered="47"/>
   <interval begin="300.00" end="600.00" id="detector15_0" nVehContrib="181" flow="2172.00" occupancy="10.76" speed="30.85" length="5.50" nVehEntered="181"/>
   <interval begin="300.00" end="600.00" id="detector15_1" nVehContrib="166" flow="1992.00" occupancy="10.51" speed="29.22" length="5.50" nVehEntered="184"/>
   <interval begin="300.00" end="600.00" id="detector15_2" nVehContrib="67" flow="804.00" occupancy="3.91" speed="31.42" length="5.50" nVehEntered="67"/>
   <interval begin="300.00" end="600.00" id="detector15_3" nVehContrib="45" flow="540.00" occupancy="2.64" speed="31.31" length="5.50" nVehEntered="45"/>
   <interval begin="300.00" end="600.00" id="detector15_4" nVehContrib="0" flow="0.00" occupancy="0.00" speed="-1.00" length="-1.00" nVehEntered="0"/>
   <interval begin="300.00" end="600.00" id="detector16_0" nVehContrib="179" flow="2148.00" occupancy="10.47" speed="31.39" length="5.50" nVehEntered="179"/>
   <interval begin="300.00" end="600.00" id="detector16_1" nVehContrib="149" flow="1788.00" occupancy="8.68" speed="31.49" length="5.50" nVehEntered="149"/>
   <interval begin="300.00" end="600.00" id="detector16_2" nVehContrib="77" flow="924.00" occupancy="4.48" speed="31.48" length="5.50" nVehEntered="77"/>
   <interval begin="300.00" end="600.00" id="detector16_3" nVehContrib="46" flow="552.00" occupancy="2.66" speed="31.75" length="5.50" nVehEntered="46"/>
   <interval begin="300.00" end="600.00" id="detector16_4" nVehContrib="9" flow="108.00" occupancy="0.52" speed="31.50" length="5.50" nVehEntered="10"/>
   <interval begin="300.00" end="600.00" id="detector17_0" nVehContrib="179" flow="2148.00" occupancy="10.43" speed="31.47" length="5.50" nVehEntered="179"/>
   <interval begin="300.00" end="600.00" id="detector17_1" nVehContrib="1" flow="12.00" occupancy="0.06" speed="31.50" length="5.50" nVehEntered="1"/>
   <interval begin="300.00" end="600.00" id="detector17_2" nVehContrib="146" flow="1752.00" occupancy="8.50" speed="31.50" length="5.50" nVehEntered="147"/>
   <interval begin="300.00" end="600.00" id="detector17_3" nVehContrib="73" flow="876.00" occupancy="4.25" speed="31.48" length="5.50" nVehEntered="73"/>
   <interval begin="300.00" end="600.00" id="detector17_4" nVehContrib="43" flow="516.00" occupancy="2.50" speed="31.50" length="5.50" nVehEntered="43"/>
   <interval begin="300.00" end="600.00" id="detector17_5" nVehContrib="8" flow="96.00" occupancy="0.47" speed="31.50" length="5.50" nVehEntered="8"/>
   <interval begin="300.00" end="600.00" id="detector18_0" nVehContrib="173" flow="2076.00" occupancy="10.25" speed="30.94" length="5.50" nVehEntered="173"/>
   <interval begin="300.00" end="600.00" id="detector18_1" nVehContrib="113" flow="1356.00" occupancy="6.58" speed="31.50" length="5.50" nVehEntered="113"/>
   <interval begin="300.00" end="600.00" id="detector18_2" nVehContrib="54" flow="648.00" occupancy="3.14" speed="31.50" length="5.50" nVehEntered="54"/>
   <interval begin="300.00" end="600.00" id="detector18_3" nVehContrib="31" flow="372.00" occupancy="1.80" speed="31.50" length="5.50" nVehEntered="31"/>
   <interval begin="300.00" end="600.00" id="detector18_4" nVehContrib="9" flow="108.00" occupancy="0.48" speed="59.62" length="5.50" nVehEntered="9"/>
   <interval begin="600.00" end="900.00" id="detector1_0" nVehContrib="87" flow="1044.00" occupancy="5.14" speed="31.09" length="5.50" nVehEntered="87"/>
   <interval begin="600.00" end="900.00" id="detector1_1" nVehContrib="87" flow="1044.00" occupancy="5.16" speed="30.98" length="5.50" nVehEntered="87"/>
   <interval begin="600.00" end="900.00" id="detector1_2" nVehContrib="87" flow="1044.00" occupancy="5.13" speed="31.15" length="5.50" nVehEntered="87"/>
   <interval begin="600.00" end="900.00" id="detector1_3" nVehContrib="87" flow="1044.00" occupancy="5.12" speed="31.16" length="5.50" nVehEntered="87"/>
   <interval begin="600.00" end="900.00" id="detector2_0" nVehContrib="91" flow="1092.00" occupancy="5.30" speed="31.50" length="5.50" nVehEntered="91"/>
   <interval begin="600.00" end="900.00" id="detector2_1" nVehContrib="92" flow="1104.00" occupancy="5.35" speed="31.50" length="5.50" nVehEntered="96"/>
   <interval begin="600.00" end="900.00" id="detector2_2" nVehContrib="90" flow="1080.00" occupancy="5.24" speed="31.50" length="5.50" nVehEntered="99"/>
   <interval begin="600.00" end="900.00" id="detector2_3" nVehContrib="75" flow="900.00" occupancy="4.37" speed="31.50" length="5.50" nVehEntered="87"/>
   <interval begin="600.00" end="900.00" id="detector3_0" nVehContrib="129" flow="1548.00" occupancy="7.87" speed="30.18" length="5.50" nVehEntered="134"/>
   <interval begin="600.00" end="900.00" id="detector3_1" nVehContrib="95" flow="1140.00" occupancy="5.53" speed="31.54" length="5.50" nVehEntered="95"/>
   <interval begin="600.00" end="900.00" id="detector3_2" nVehContrib="87" flow="1044.00" occupancy="5.06" speed="31.50" length="5.50" nVehEntered="87"/>
   <interval begin="600.00" end="900.00" id="detector3_3" nVehContrib="74" flow="888.00" occupancy="4.31" speed="31.50" length="5.50" nVehEntered="74"/>
   <interval begin="600.00" end="900.00" id="detector4_0" nVehContrib="131" flow="1572.00" occupancy="7.63" speed="31.50" length="5.50" nVehEntered="131"/>
   <interval begin="600.00" end="900.00" id="detector4_1" nVehContrib="1" flow="12.00" occupancy="0.06" speed="31.50" length="5.50" nVehEntered="1"/>
   <interval begin="600.00" end="900.00" id="detector4_2" nVehContrib="98" flow="1176.00" occupancy="5.70" speed="31.50" length="5.50" nVehEntered="98"/>
   <interval begin="600.00" end="900.00" id="detector4_3" nVehContrib="86" flow="1032.00" occupancy="5.01" speed="31.50" length="5.50" nVehEntered="86"/>
   <interval begin="600.00" end="900.00" id="detector4_4" nVehContrib="74" flow="888.00" occupancy="4.31" speed="31.50" length="5.50" nVehEntered="74"/>
   <interval begin="600.00" end="900.00" id="detector5_0" nVehContrib="136" flow="1632.00" occupancy="7.92" speed="31.50" length="5.50" nVehEntered="136"/>
   <interval begin="600.00" end="900.00" id="detector5_1" nVehContrib="0" flow="0.00" occupancy="0.00" speed="-1.00" length="-1.00" nVehEntered="0"/>
   <interval begin="600.00" end="900.00" id="detector5_2" nVehContrib="2" flow="24.00" occupancy="0.12" speed="31.50" length="5.50" nVehEntered="2"/>
   <interval begin="600.00" end="900.00" id="detector5_3" nVehContrib="103" flow="1236.00" occupancy="5.99" speed="31.50" length="5.50" nVehEntered="103"/>
   <interval begin="600.00" end="900.00" id="detector5_4" nVehContrib="92" flow="1104.00" occupancy="5.35" speed="31.50" length="5.50" nVehEntered="92"/>
   <interval begin="600.00" end="900.00" id="detector5_5" nVehContrib="75" flow="900.00" occupancy="4.37" speed="31.50" length="5.50" nVehEntered="75"/>
   <interval begin="600.00" end="900.00" id="detector6_0" nVehContrib="137" flow="1644.00" occupancy="7.97" speed="31.50" length="5.50" nVehEntered="137"/>
   <interval begin="600.00" end="900.00" id="detector6_1" nVehContrib="22" flow="264.00" occupancy="1.28" speed="31.50" length="5.50" nVehEntered="22"/>
   <interval begin="600.00" end="900.00" id="detector6_2" nVehContrib="83" flow="996.00" occupancy="4.83" speed="31.50" length="5.50" nVehEntered="83"/>
   <interval begin="600.00" end="900.00" id="detector6_3" nVehContrib="92" flow="1104.00" occupancy="5.35" speed="31.50" length="5.50" nVehEntered="92"/>
   <interval begin="600.00" end="900.00" id="detector6_4" nVehContrib="75" flow="900.00" occupancy="4.37" speed="31.50" length="5.50" nVehEntered="75"/>
   <interval begin="600.00" end="900.00" id="detector8_0" nVehContrib="142" flow="1704.00" occupancy="8.27" speed="31.48" length="5.50" nVehEntered="142"/>
   <interval begin="600.00" end="900.00" id="detector8_1" nVehContrib="106" flow="1272.00" occupancy="6.19" speed="31.39" length="5.50" nVehEntered="106"/>
   <interval begin="600.00" end="900.00" id="detector8_2" nVehContrib="83" flow="996.00" occupancy="4.83" speed="31.50" length="5.50" nVehEntered="83"/>
   <interval begin="600.00" end="900.00" id="detector8_3" nVehContrib="72" flow="864.00" occupancy="4.21" speed="31.37" length="5.50" nVehEntered="72"/>
   <interval begin="600.00" end="900.00" id="detector9_0" nVehContrib="144" flow="1728.00" occupancy="8.38" speed="31.50" length="5.50" nVehEntered="144"/>
   <interval begin="600.00" end="900.00" id="detector9_1" nVehContrib="104" flow="1248.00" occupancy="6.05" speed="31.50" length="5.50" nVehEntered="105"/>
   <interval begin="600.00" end="900.00" id="detector9_2" nVehContrib="88" flow="1056.00" occupancy="5.14" speed="31.43" length="5.50" nVehEntered="88"/>
   <interval begin="600.00" end="900.00" id="detector9_3" nVehContrib="72" flow="864.00" occupancy="4.19" speed="31.50" length="5.50" nVehEntered="72"/>
   <interval begin="600.00" end="900.00" id="detector9_4" nVehContrib="0" flow="0.00" occupancy="0.00" speed="-1.00" length="-1.00" nVehEntered="0"/>
   <interval begin="600.00" end="900.00" id="detector10_0" nVehContrib="151" flow="1812.00" occupancy="9.00" speed="30.82" length="5.50" nVehEntered="157"/>
   <interval begin="600.00" end="900.00" id="detector10_1" nVehContrib="69" flow="828.00" occupancy="4.00" speed="31.62" length="5.50" nVehEntered="69"/>
   <interval begin="600.00" end="900.00" id="detector10_2" nVehContrib="63" flow="756.00" occupancy="3.67" speed="31.46" length="5.50" nVehEntered="98"/>
   <interval begin="600.00" end="900.00" id="detector10_3" nVehContrib="86" flow="1032.00" occupancy="5.01" speed="31.50" length="5.50" nVehEntered="87"/>
   <interval begin="600.00" end="900.00" id="detector10_4" nVehContrib="69" flow="828.00" occupancy="4.02" speed="31.50" length="5.50" nVehEntered="69"/>
   <interval begin="600.00" end="900.00" id="detector11_0" nVehContrib="169" flow="2028.00" occupancy="10.74" speed="28.97" length="5.50" nVehEntered="173"/>
   <interval begin="600.00" end="900.00" id="detector11_1" nVehContrib="105" flow="1260.00" occupancy="6.10" speed="31.62" length="5.50" nVehEntered="105"/>
   <interval begin="600.00" end="900.00" id="detector11_2" nVehContrib="47" flow="564.00" occupancy="2.74" speed="31.50" length="5.50" nVehEntered="47"/>
   <interval begin="600.00" end="900.00" id="detector11_3" nVehContrib="83" flow="996.00" occupancy="4.83" speed="31.50" length="5.50" nVehEntered="83"/>
   <interval begin="600.00" end="900.00" id="detector11_4" nVehContrib="62" flow="744.00" occupancy="3.61" speed="31.50" length="5.50" nVehEntered="62"/>
   <interval begin="600.00" end="900.00" id="detector12_0" nVehContrib="162" flow="1944.00" occupancy="9.50" speed="31.26" length="5.50" nVehEntered="165"/>
   <interval begin="600.00" end="900.00" id="detector12_1" nVehContrib="3" flow="36.00" occupancy="0.17" speed="31.50" length="5.50" nVehEntered="3"/>
   <interval begin="600.00" end="900.00" id="detector12_2" nVehContrib="116" flow="1392.00" occupancy="6.75" speed="31.50" length="5.50" nVehEntered="116"/>
   <interval begin="600.00" end="900.00" id="detector12_3" nVehContrib="46" flow="552.00" occupancy="2.68" speed="31.50" length="5.50" nVehEntered="46"/>
   <interval begin="600.00" end="900.00" id="detector12_4" nVehContrib="81" flow="972.00" occupancy="4.71" speed="31.50" length="5.50" nVehEntered="82"/>
   <interval begin="600.00" end="900.00" id="detector12_5" nVehContrib="60" flow="720.00" occupancy="3.49" speed="31.50" length="5.50" nVehEntered="60"/>
   <interval begin="600.00" end="900.00" id="detector13_0" nVehContrib="160" flow="1920.00" occupancy="9.38" speed="31.38" length="5.50" nVehEntered="161"/>
   <interval begin="600.00" end="900.00" id="detector13_1" nVehContrib="106" flow="1272.00" occupancy="6.17" speed="31.50" length="5.50" nVehEntered="107"/>
   <interval begin="600.00" end="900.00" id="detector13_2" nVehContrib="53" flow="636.00" occupancy="3.08" speed="31.50" length="5.50" nVehEntered="54"/>
   <interval begin="600.00" end="900.00" id="detector13_3" nVehContrib="64" flow="768.00" occupancy="3.72" speed="31.50" length="5.50" nVehEntered="66"/>
   <interval begin="600.00" end="900.00" id="detector13_4" nVehContrib="49" flow="588.00" occupancy="2.85" speed="31.50" length="5.50" nVehEntered="49"/>
   <interval begin="600.00" end="900.00" id="detector14_0" nVehContrib="183" flow="2196.00" occupancy="11.83" speed="28.41" length="5.50" nVehEntered="203"/>
   <interval begin="600.00" end="900.00" id="detector14_1" nVehContrib="140" flow="1680.00" occupancy="8.15" speed="31.49" length="5.50" nVehEntered="146"/>
   <interval begin="600.00" end="900.00" id="detector14_2" nVehContrib="59" flow="708.00" occupancy="3.44" speed="31.48" length="5.50" nVehEntered="60"/>
   <interval begin="600.00" end="900.00" id="detector14_3" nVehContrib="64" flow="768.00" occupancy="3.72" speed="31.50" length="5.50" nVehEntered="65"/>
   <interval begin="600.00" end="900.00" id="detector14_4" nVehContrib="43" flow="516.00" occupancy="2.50" speed="31.50" length="5.50" nVehEntered="43"/>
   <interval begin="600.00" end="900.00" id="detector15_0" nVehContrib="181" flow="2172.00" occupancy="10.95" speed="30.33" length="5.50" nVehEntered="182"/>
   <interval begin="600.00" end="900.00" id="detector15_1" nVehContrib="175" flow="2100.00" occupancy="11.28" speed="28.69" length="5.50" nVehEntered="201"/>
   <interval begin="600.00" end="900.00" id="detector15_2" nVehContrib="88" flow="1056.00" occupancy="5.13" speed="31.46" length="5.50" nVehEntered="88"/>
   <interval begin="600.00" end="900.00" id="detector15_3" nVehContrib="47" flow="564.00" occupancy="2.74" speed="31.42" length="5.50" nVehEntered="47"/>
   <interval begin="600.00" end="900.00" id="detector15_4" nVehContrib="0" flow="0.00" occupancy="0.00" speed="-1.00" length="-1.00" nVehEntered="0"/>
   <interval begin="600.00" end="900.00" id="detector16_0" nVehContrib="178" flow="2136.00" occupancy="10.45" speed="31.20" length="5.50" nVehEntered="179"/>
   <interval begin="600.00" end="900.00" id="detector16_1" nVehContrib="160" flow="1920.00" occupancy="9.34" speed="31.40" length="5.50" nVehEntered="160"/>
   <interval begin="600.00" end="900.00" id="detector16_2" nVehContrib="108" flow="1296.00" occupancy="6.29" speed="31.48" length="5.50" nVehEntered="108"/>
   <interval begin="600.00" end="900.00" id="detector16_3" nVehContrib="50" flow="600.00" occupancy="2.93" speed="31.31" length="5.50" nVehEntered="50"/>
   <interval begin="600.00" end="900.00" id="detector16_4" nVehContrib="14" flow="168.00" occupancy="0.81" speed="31.50" length="5.50" nVehEntered="14"/>
   <interval begin="600.00" end="900.00" id="detector17_0" nVehContrib="177" flow="2124.00" occupancy="10.34" speed="31.39" length="5.50" nVehEntered="177"/>
   <interval begin="600.00" end="900.00" id="detector17_1" nVehContrib="1" flow="12.00" occupancy="0.06" speed="31.50" length="5.50" nVehEntered="1"/>
   <interval begin="600.00" end="900.00" id="detector17_2" nVehContrib="158" flow="1896.00" occupancy="9.20" speed="31.50" length="5.50" nVehEntered="159"/>
   <interval begin="600.00" end="900.00" id="detector17_3" nVehContrib="107" flow="1284.00" occupancy="6.23" speed="31.50" length="5.50" nVehEntered="107"/>
   <interval begin="600.00" end="900.00" id="detector17_4" nVehContrib="50" flow="600.00" occupancy="2.91" speed="31.50" length="5.50" nVehEntered="50"/>
   <interval begin="600.00" end="900.00" id="detector17_5" nVehContrib="13" flow="156.00" occupancy="0.76" speed="31.50" length="5.50" nVehEntered="13"/>
   <interval begin="600.00" end="900.00" id="detector18_0" nVehContrib="178" flow="2136.00" occupancy="10.58" speed="30.85" length="5.50" nVehEntered="178"/>
   <interval begin="600.00" end="900.00" id="detector18_1" nVehContrib="132" flow="1584.00" occupancy="7.68" speed="31.50" length="5.50" nVehEntered="132"/>
   <interval begin="600.00" end="900.00" id="detector18_2" nVehContrib="96" flow="1152.00" occupancy="5.59" speed="31.50" length="5.50" nVehEntered="96"/>
   <interval begin="600.00" end="900.00" id="detector18_3" nVehContrib="55" flow="660.00" occupancy="3.22" speed="31.36" length="5.50" nVehEntered="55"/>
   <interval begin="600.00" end="900.00" id="detector18_4" nVehContrib="24" flow="288.00" occupancy="1.40" speed="31.49" length="5.50" nVehEntered="24"/>
   <interval begin="900.00" end="1200.00" id="detector1_0" nVehContrib="86" flow="1032.00" occupancy="5.09" speed="31.02" length="5.50" nVehEntered="86"/>
   <interval begin="900.00" end="1200.00" id="detector1_1" nVehContrib="86" flow="1032.00" occupancy="5.09" speed="31.02" length="5.50" nVehEntered="86"/>
   <interval begin="900.00" end="1200.00" id="detector1_2" nVehContrib="82" flow="984.00" occupancy="4.84" speed="31.11" length="5.50" nVehEntered="82"/>
   <interval begin="900.00" end="1200.00" id="detector1_3" nVehContrib="84" flow="1008.00" occupancy="4.97" speed="31.00" length="5.50" nVehEntered="84"/>
   <interval begin="900.00" end="1200.00" id="detector2_0" nVehContrib="96" flow="1152.00" occupancy="5.59" speed="31.50" length="5.50" nVehEntered="96"/>
   <interval begin="900.00" end="1200.00" id="detector2_1" nVehContrib="86" flow="1032.00" occupancy="5.01" speed="31.50" length="5.50" nVehEntered="96"/>
   <interval begin="900.00" end="1200.00" id="detector2_2" nVehContrib="90" flow="1080.00" occupancy="5.24" speed="31.50" length="5.50" nVehEntered="99"/>
   <interval begin="900.00" end="1200.00" id="detector2_3" nVehContrib="76" flow="912.00" occupancy="4.42" speed="31.50" length="5.50" nVehEntered="88"/>
   <interval begin="900.00" end="1200.00" id="detector3_0" nVehContrib="130" flow="1560.00" occupancy="7.92" speed="30.25" length="5.50" nVehEntered="131"/>
   <interval begin="900.00" end="1200.00" id="detector3_1" nVehContrib="88" flow="1056.00" occupancy="5.13" speed="31.46" length="5.50" nVehEntered="88"/>
   <interval begin="900.00" end="1200.00" id="detector3_2" nVehContrib="92" flow="1104.00" occupancy="5.35" speed="31.50" length="5.50" nVehEntered="92"/>
   <interval begin="900.00" end="1200.00" id="detector3_3" nVehContrib="77" flow="924.00" occupancy="4.48" speed="31.50" length="5.50" nVehEntered="77"/>
   <interval begin="900.00" end="1200.00" id="detector4_0" nVehContrib="144" flow="1728.00" occupancy="8.40" speed="31.41" length="5.50" nVehEntered="144"/>
   <interval begin="900.00" end="1200.00" id="detector4_1" nVehContrib="1" flow="12.00" occupancy="0.06" speed="31.50" length="5.50" nVehEntered="1"/>
   <interval begin="900.00" end="1200.00" id="detector4_2" nVehContrib="101" flow="1212.00" occupancy="5.88" speed="31.50" length="5.50" nVehEntered="101"/>
   <interval begin="900.00" end="1200.00" id="detector4_3" nVehContrib="93" flow="1116.00" occupancy="5.41" speed="31.50" length="5.50" nVehEntered="93"/>
   <interval begin="900.00" end="1200.00" id="detector4_4" nVehContrib="80" flow="960.00" occupancy="4.66" speed="31.50" length="5.50" nVehEntered="80"/>
   <interval begin="900.00" end="1200.00" id="detector5_0" nVehContrib="136" flow="1632.00" occupancy="7.92" speed="31.50" length="5.50" nVehEntered="136"/>
   <interval begin="900.00" end="1200.00" id="detector5_1" nVehContrib="0" flow="0.00" occupancy="0.00" speed="-1.00" length="-1.00" nVehEntered="0"/>
   <interval begin="900.00" end="1200.00" id="detector5_2" nVehContrib="2" flow="24.00" occupancy="0.12" speed="31.50" length="5.50" nVehEntered="2"/>
   <interval begin="900.00" end="1200.00" id="detector5_3" nVehContrib="100" flow="1200.00" occupancy="5.82" speed="31.50" length="5.50" nVehEntered="100"/>
   <interval begin="900.00" end="1200.00" id="detector5_4" nVehContrib="86" flow="1032.00" occupancy="5.01" speed="31.50" length="5.50" nVehEntered="87"/>
   <interval begin="900.00" end="1200.00" id="detector5_5" nVehContrib="78" flow="936.00" occupancy="4.54" speed="31.50" length="5.50" nVehEntered="78"/>
   <interval begin="900.00" end="1200.00" id="detector6_0" nVehContrib="133" flow="1596.00" occupancy="7.74" speed="31.50" length="5.50" nVehEntered="133"/>
   <interval begin="900.00" end="1200.00" id="detector6_1" nVehContrib="22" flow="264.00" occupancy="1.28" speed="31.50" length="5.50" nVehEntered="22"/>
   <interval begin="900.00" end="1200.00" id="detector6_2" nVehContrib="79" flow="948.00" occupancy="4.60" speed="31.50" length="5.50" nVehEntered="80"/>
   <interval begin="900.00" end="1200.00" id="detector6_3" nVehContrib="86" flow="1032.00" occupancy="5.01" speed="31.50" length="5.50" nVehEntered="86"/>
   <interval begin="900.00" end="1200.00" id="detector6_4" nVehContrib="77" flow="924.00" occupancy="4.48" speed="31.50" length="5.50" nVehEntered="77"/>
   <interval begin="900.00" end="1200.00" id="detector8_0" nVehContrib="140" flow="1680.00" occupancy="8.20" speed="31.50" length="5.50" nVehEntered="140"/>
   <interval begin="900.00" end="1200.00" id="detector8_1" nVehContrib="103" flow="1236.00" occupancy="6.01" speed="31.44" length="5.50" nVehEntered="103"/>
   <interval begin="900.00" end="1200.00" id="detector8_2" nVehContrib="92" flow="1104.00" occupancy="5.39" speed="31.31" length="5.50" nVehEntered="93"/>
   <interval begin="900.00" end="1200.00" id="detector8_3" nVehContrib="73" flow="876.00" occupancy="4.26" speed="31.41" length="5.50" nVehEntered="73"/>
   <interval begin="900.00" end="1200.00" id="detector9_0" nVehContrib="141" flow="1692.00" occupancy="8.21" speed="31.48" length="5.50" nVehEntered="141"/>
   <interval begin="900.00" end="1200.00" id="detector9_1" nVehContrib="107" flow="1284.00" occupancy="6.23" speed="31.50" length="5.50" nVehEntered="108"/>
   <interval begin="900.00" end="1200.00" id="detector9_2" nVehContrib="86" flow="1032.00" occupancy="5.02" speed="31.41" length="5.50" nVehEntered="86"/>
   <interval begin="900.00" end="1200.00" id="detector9_3" nVehContrib="71" flow="852.00" occupancy="4.13" speed="31.50" length="5.50" nVehEntered="71"/>
   <interval begin="900.00" end="1200.00" id="detector9_4" nVehContrib="0" flow="0.00" occupancy="0.00" speed="-1.00" length="-1.00" nVehEntered="0"/>
   <interval begin="900.00" end="1200.00" id="detector10_0" nVehContrib="147" flow="1764.00" occupancy="8.63" speed="31.68" length="5.50" nVehEntered="148"/>
   <interval begin="900.00" end="1200.00" id="detector10_1" nVehContrib="78" flow="936.00" occupancy="4.56" speed="31.43" length="5.50" nVehEntered="79"/>
   <interval begin="900.00" end="1200.00" id="detector10_2" nVehContrib="61" flow="732.00" occupancy="3.58" speed="31.28" length="5.50" nVehEntered="102"/>
   <interval begin="900.00" end="1200.00" id="detector10_3" nVehContrib="87" flow="1044.00" occupancy="5.07" speed="31.46" length="5.50" nVehEntered="87"/>
   <interval begin="900.00" end="1200.00" id="detector10_4" nVehContrib="68" flow="816.00" occupancy="3.96" speed="31.52" length="5.50" nVehEntered="68"/>
   <interval begin="900.00" end="1200.00" id="detector11_0" nVehContrib="165" flow="1980.00" occupancy="10.35" speed="29.43" length="5.50" nVehEntered="175"/>
   <interval begin="900.00" end="1200.00" id="detector11_1" nVehContrib="114" flow="1368.00" occupancy="6.66" speed="31.41" length="5.50" nVehEntered="114"/>
   <interval begin="900.00" end="1200.00" id="detector11_2" nVehContrib="51" flow="612.00" occupancy="2.97" speed="31.47" length="5.50" nVehEntered="51"/>
   <interval begin="900.00" end="1200.00" id="detector11_3" nVehContrib="91" flow="1092.00" occupancy="5.30" speed="31.50" length="5.50" nVehEntered="91"/>
   <interval begin="900.00" end="1200.00" id="detector11_4" nVehContrib="66" flow="792.00" occupancy="3.84" speed="31.49" length="5.50" nVehEntered="66"/>
   <interval begin="900.00" end="1200.00" id="detector12_0" nVehContrib="161" flow="1932.00" occupancy="9.39" speed="31.44" length="5.50" nVehEntered="161"/>
   <interval begin="900.00" end="1200.00" id="detector12_1" nVehContrib="5" flow="60.00" occupancy="0.29" speed="31.50" length="5.50" nVehEntered="5"/>
   <interval begin="900.00" end="1200.00" id="detector12_2" nVehContrib="126" flow="1512.00" occupancy="7.34" speed="31.48" length="5.50" nVehEntered="126"/>
   <interval begin="900.00" end="1200.00" id="detector12_3" nVehContrib="53" flow="636.00" occupancy="3.08" speed="31.50" length="5.50" nVehEntered="53"/>
   <interval begin="900.00" end="1200.00" id="detector12_4" nVehContrib="92" flow="1104.00" occupancy="5.35" speed="31.50" length="5.50" nVehEntered="93"/>
   <interval begin="900.00" end="1200.00" id="detector12_5" nVehContrib="68" flow="816.00" occupancy="3.96" speed="31.50" length="5.50" nVehEntered="68"/>
   <interval begin="900.00" end="1200.00" id="detector13_0" nVehContrib="161" flow="1932.00" occupancy="9.37" speed="31.47" length="5.50" nVehEntered="166"/>
   <interval begin="900.00" end="1200.00" id="detector13_1" nVehContrib="123" flow="1476.00" occupancy="7.16" speed="31.50" length="5.50" nVehEntered="123"/>
   <interval begin="900.00" end="1200.00" id="detector13_2" nVehContrib="57" flow="684.00" occupancy="3.33" speed="31.50" length="5.50" nVehEntered="57"/>
   <interval begin="900.00" end="1200.00" id="detector13_3" nVehContrib="75" flow="900.00" occupancy="4.37" speed="31.50" length="5.50" nVehEntered="80"/>
   <interval begin="900.00" end="1200.00" id="detector13_4" nVehContrib="65" flow="780.00" occupancy="3.78" speed="31.50" length="5.50" nVehEntered="65"/>
   <interval begin="900.00" end="1200.00" id="detector14_0" nVehContrib="185" flow="2220.00" occupancy="12.13" speed="28.01" length="5.50" nVehEntered="201"/>
   <interval begin="900.00" end="1200.00" id="detector14_1" nVehContrib="147" flow="1764.00" occupancy="8.57" speed="31.46" length="5.50" nVehEntered="154"/>
   <interval begin="900.00" end="1200.00" id="detector14_2" nVehContrib="68" flow="816.00" occupancy="3.96" speed="31.50" length="5.50" nVehEntered="68"/>
   <interval begin="900.00" end="1200.00" id="detector14_3" nVehContrib="80" flow="960.00" occupancy="4.66" speed="31.49" length="5.50" nVehEntered="82"/>
   <interval begin="900.00" end="1200.00" id="detector14_4" nVehContrib="63" flow="756.00" occupancy="3.67" speed="31.50" length="5.50" nVehEntered="65"/>
   <interval begin="900.00" end="1200.00" id="detector15_0" nVehContrib="183" flow="2196.00" occupancy="11.31" speed="29.68" length="5.50" nVehEntered="183"/>
   <interval begin="900.00" end="1200.00" id="detector15_1" nVehContrib="180" flow="2160.00" occupancy="12.34" speed="27.16" length="5.50" nVehEntered="205"/>
   <interval begin="900.00" end="1200.00" id="detector15_2" nVehContrib="102" flow="1224.00" occupancy="5.98" speed="31.30" length="5.50" nVehEntered="103"/>
   <interval begin="900.00" end="1200.00" id="detector15_3" nVehContrib="57" flow="684.00" occupancy="3.27" speed="33.41" length="5.50" nVehEntered="57"/>
   <interval begin="900.00" end="1200.00" id="detector15_4" nVehContrib="0" flow="0.00" occupancy="0.00" speed="-1.00" length="-1.00" nVehEntered="0"/>
   <interval begin="900.00" end="1200.00" id="detector16_0" nVehContrib="182" flow="2184.00" occupancy="10.87" speed="30.69" length="5.50" nVehEntered="182"/>
   <interval begin="900.00" end="1200.00" id="detector16_1" nVehContrib="165" flow="1980.00" occupancy="9.62" speed="31.44" length="5.50" nVehEntered="165"/>
   <interval begin="900.00" end="1200.00" id="detector16_2" nVehContrib="117" flow="1404.00" occupancy="6.82" speed="31.47" length="5.50" nVehEntered="117"/>
   <interval begin="900.00" end="1200.00" id="detector16_3" nVehContrib="57" flow="684.00" occupancy="3.32" speed="31.50" length="5.50" nVehEntered="57"/>
   <interval begin="900.00" end="1200.00" id="detector16_4" nVehContrib="12" flow="144.00" occupancy="0.71" speed="31.15" length="5.50" nVehEntered="12"/>
   <interval begin="900.00" end="1200.00" id="detector17_0" nVehContrib="178" flow="2136.00" occupancy="10.47" speed="31.18" length="5.50" nVehEntered="182"/>
   <interval begin="900.00" end="1200.00" id="detector17_1" nVehContrib="5" flow="60.00" occupancy="0.29" speed="31.50" length="5.50" nVehEntered="5"/>
   <interval begin="900.00" end="1200.00" id="detector17_2" nVehContrib="164" flow="1968.00" occupancy="9.55" speed="31.50" length="5.50" nVehEntered="165"/>
   <interval begin="900.00" end="1200.00" id="detector17_3" nVehContrib="116" flow="1392.00" occupancy="6.75" speed="31.50" length="5.50" nVehEntered="116"/>
   <interval begin="900.00" end="1200.00" id="detector17_4" nVehContrib="58" flow="696.00" occupancy="3.38" speed="31.50" length="5.50" nVehEntered="58"/>
   <interval begin="900.00" end="1200.00" id="detector17_5" nVehContrib="14" flow="168.00" occupancy="0.81" speed="31.49" length="5.50" nVehEntered="14"/>
   <interval begin="900.00" end="1200.00" id="detector18_0" nVehContrib="175" flow="2100.00" occupancy="10.56" speed="30.49" length="5.50" nVehEntered="175"/>
   <interval begin="900.00" end="1200.00" id="detector18_1" nVehContrib="141" flow="1692.00" occupancy="8.21" speed="31.48" length="5.50" nVehEntered="141"/>
   <interval begin="900.00" end="1200.00" id="detector18_2" nVehContrib="100" flow="1200.00" occupancy="5.82" speed="31.50" length="5.50" nVehEntered="100"/>
   <interval begin="900.00" end="1200.00" id="detector18_3" nVehContrib="58" flow="696.00" occupancy="3.38" speed="31.50" length="5.50" nVehEntered="58"/>
   <interval begin="900.00" end="1200.00" id="detector18_4" nVehContrib="23" flow="276.00" occupancy="1.35" speed="31.30" length="5.50" nVehEntered="23"/>
   <interval begin="1200.00" end="1500.00" id="detector1_0" nVehContrib="88" flow="1056.00" occupancy="5.17" speed="31.21" length="5.50" nVehEntered="88"/>
   <interval begin="1200.00" end="1500.00" id="detector1_1" nVehContrib="88" flow="1056.00" occupancy="5.19" speed="31.14" length="5.50" nVehEntered="88"/>
   <interval begin="1200.00" end="1500.00" id="detector1_2" nVehContrib="88" flow="1056.00" occupancy="5.18" speed="31.16" length="5.50" nVehEntered="88"/>
   <interval begin="1200.00" end="1500.00" id="detector1_3" nVehContrib="88" flow="1056.00" occupancy="5.18" speed="31.19" length="5.50" nVehEntered="88"/>
   <interval begin="1200.00" end="1500.00" id="detector2_0" nVehContrib="98" flow="1176.00" occupancy="5.70" speed="31.50" length="5.50" nVehEntered="98"/>
   <interval begin="1200.00" end="1500.00" id="detector2_1" nVehContrib="93" flow="1116.00" occupancy="5.41" speed="31.50" length="5.50" nVehEntered="101"/>
   <interval begin="1200.00" end="1500.00" id="detector2_2" nVehContrib="88" flow="1056.00" occupancy="5.13" speed="31.46" length="5.50" nVehEntered="99"/>
   <interval begin="1200.00" end="1500.00" id="detector2_3" nVehContrib="80" flow="960.00" occupancy="4.66" speed="31.50" length="5.50" nVehEntered="89"/>
   <interval begin="1200.00" end="1500.00" id="detector3_0" nVehContrib="130" flow="1560.00" occupancy="7.91" speed="30.25" length="5.50" nVehEntered="133"/>
   <interval begin="1200.00" end="1500.00" id="detector3_1" nVehContrib="96" flow="1152.00" occupancy="5.59" speed="31.50" length="5.50" nVehEntered="96"/>
   <interval begin="1200.00" end="1500.00" id="detector3_2" nVehContrib="86" flow="1032.00" occupancy="5.01" speed="31.50" length="5.50" nVehEntered="86"/>
   <interval begin="1200.00" end="1500.00" id="detector3_3" nVehContrib="78" flow="936.00" occupancy="4.54" speed="31.49" length="5.50" nVehEntered="78"/>
   <interval begin="1200.00" end="1500.00" id="detector4_0" nVehContrib="134" flow="1608.00" occupancy="7.80" speed="31.49" length="5.50" nVehEntered="135"/>
   <interval begin="1200.00" end="1500.00" id="detector4_1" nVehContrib="3" flow="36.00" occupancy="0.17" speed="31.50" length="5.50" nVehEntered="3"/>
   <interval begin="1200.00" end="1500.00" id="detector4_2" nVehContrib="98" flow="1176.00" occupancy="5.70" speed="31.50" length="5.50" nVehEntered="98"/>
   <interval begin="1200.00" end="1500.00" id="detector4_3" nVehContrib="86" flow="1032.00" occupancy="5.01" speed="31.50" length="5.50" nVehEntered="86"/>
   <interval begin="1200.00" end="1500.00" id="detector4_4" nVehContrib="76" flow="912.00" occupancy="4.42" speed="31.50" length="5.50" nVehEntered="76"/>
   <interval begin="1200.00" end="1500.00" id="detector5_0" nVehContrib="137" flow="1644.00" occupancy="7.97" speed="31.50" length="5.50" nVehEntered="137"/>
   <interval begin="1200.00" end="1500.00" id="detector5_1" nVehContrib="0" flow="0.00" occupancy="0.00" speed="-1.00" length="-1.00" nVehEntered="0"/>
   <interval begin="1200.00" end="1500.00" id="detector5_2" nVehContrib="3" flow="36.00" occupancy="0.17" speed="31.50" length="5.50" nVehEntered="3"/>
   <interval begin="1200.00" end="1500.00" id="detector5_3" nVehContrib="99" flow="1188.00" occupancy="5.76" speed="31.49" length="5.50" nVehEntered="99"/>
   <interval begin="1200.00" end="1500.00" id="detector5_4" nVehContrib="84" flow="1008.00" occupancy="4.89" speed="31.50" length="5.50" nVehEntered="85"/>
   <interval begin="1200.00" end="1500.00" id="detector5_5" nVehContrib="73" flow="876.00" occupancy="4.25" speed="31.50" length="5.50" nVehEntered="73"/>
   <interval begin="1200.00" end="1500.00" id="detector6_0" nVehContrib="139" flow="1668.00" occupancy="8.09" speed="31.50" length="5.50" nVehEntered="139"/>
   <interval begin="1200.00" end="1500.00" id="detector6_1" nVehContrib="16" flow="192.00" occupancy="0.93" speed="31.50" length="5.50" nVehEntered="16"/>
   <interval begin="1200.00" end="1500.00" id="detector6_2" nVehContrib="87" flow="1044.00" occupancy="5.06" speed="31.50" length="5.50" nVehEntered="90"/>
   <interval begin="1200.00" end="1500.00" id="detector6_3" nVehContrib="87" flow="1044.00" occupancy="5.06" speed="31.50" length="5.50" nVehEntered="87"/>
   <interval begin="1200.00" end="1500.00" id="detector6_4" nVehContrib="75" flow="900.00" occupancy="4.37" speed="31.50" length="5.50" nVehEntered="75"/>
   <interval begin="1200.00" end="1500.00" id="detector8_0" nVehContrib="142" flow="1704.00" occupancy="8.21" speed="31.49" length="5.50" nVehEntered="142"/>
   <interval begin="1200.00" end="1500.00" id="detector8_1" nVehContrib="96" flow="1152.00" occupancy="5.57" speed="31.79" length="5.50" nVehEntered="96"/>
   <interval begin="1200.00" end="1500.00" id="detector8_2" nVehContrib="72" flow="864.00" occupancy="4.19" speed="31.50" length="5.50" nVehEntered="74"/>
   <interval begin="1200.00" end="1500.00" id="detector8_3" nVehContrib="59" flow="708.00" occupancy="3.46" speed="31.26" length="5.50" nVehEntered="59"/>
   <interval begin="1200.00" end="1500.00" id="detector9_0" nVehContrib="141" flow="1692.00" occupancy="8.24" speed="31.36" length="5.50" nVehEntered="142"/>
   <interval begin="1200.00" end="1500.00" id="detector9_1" nVehContrib="99" flow="1188.00" occupancy="5.77" speed="31.46" length="5.50" nVehEntered="101"/>
   <interval begin="1200.00" end="1500.00" id="detector9_2" nVehContrib="72" flow="864.00" occupancy="4.19" speed="31.50" length="5.50" nVehEntered="72"/>
   <interval begin="1200.00" end="1500.00" id="detector9_3" nVehContrib="60" flow="720.00" occupancy="3.49" speed="31.50" length="5.50" nVehEntered="60"/>
   <interval begin="1200.00" end="1500.00" id="detector9_4" nVehContrib="0" flow="0.00" occupancy="0.00" speed="-1.00" length="-1.00" nVehEntered="0"/>
   <interval begin="1200.00" end="1500.00" id="detector10_0" nVehContrib="146" flow="1752.00" occupancy="8.72" speed="30.76" length="5.50" nVehEntered="151"/>
   <interval begin="1200.00" end="1500.00" id="detector10_1" nVehContrib="74" flow="888.00" occupancy="4.29" speed="31.72" length="5.50" nVehEntered="74"/>
   <interval begin="1200.00" end="1500.00" id="detector10_2" nVehContrib="61" flow="732.00" occupancy="3.58" speed="31.47" length="5.50" nVehEntered="94"/>
   <interval begin="1200.00" end="1500.00" id="detector10_3" nVehContrib="72" flow="864.00" occupancy="4.20" speed="31.45" length="5.50" nVehEntered="74"/>
   <interval begin="1200.00" end="1500.00" id="detector10_4" nVehContrib="55" flow="660.00" occupancy="3.20" speed="31.50" length="5.50" nVehEntered="57"/>
   <interval begin="1200.00" end="1500.00" id="detector11_0" nVehContrib="164" flow="1968.00" occupancy="10.39" speed="29.19" length="5.50" nVehEntered="171"/>
   <interval begin="1200.00" end="1500.00" id="detector11_1" nVehContrib="109" flow="1308.00" occupancy="6.40" speed="31.34" length="5.50" nVehEntered="109"/>
   <interval begin="1200.00" end="1500.00" id="detector11_2" nVehContrib="50" flow="600.00" occupancy="2.91" speed="31.50" length="5.50" nVehEntered="50"/>
   <interval begin="1200.00" end="1500.00" id="detector11_3" nVehContrib="73" flow="876.00" occupancy="4.25" speed="31.50" length="5.50" nVehEntered="73"/>
   <interval begin="1200.00" end="1500.00" id="detector11_4" nVehContrib="53" flow="636.00" occupancy="3.09" speed="31.49" length="5.50" nVehEntered="53"/>
   <interval begin="1200.00" end="1500.00" id="detector12_0" nVehContrib="157" flow="1884.00" occupancy="9.18" speed="31.34" length="5.50" nVehEntered="157"/>
   <interval begin="1200.00" end="1500.00" id="detector12_1" nVehContrib="3" flow="36.00" occupancy="0.17" speed="31.50" length="5.50" nVehEntered="3"/>
   <interval begin="1200.00" end="1500.00" id="detector12_2" nVehContrib="116" flow="1392.00" occupancy="6.75" speed="31.49" length="5.50" nVehEntered="116"/>
   <interval begin="1200.00" end="1500.00" id="detector12_3" nVehContrib="54" flow="648.00" occupancy="3.14" speed="31.50" length="5.50" nVehEntered="54"/>
   <interval begin="1200.00" end="1500.00" id="detector12_4" nVehContrib="71" flow="852.00" occupancy="4.13" speed="31.50" length="5.50" nVehEntered="72"/>
   <interval begin="1200.00" end="1500.00" id="detector12_5" nVehContrib="52" flow="624.00" occupancy="3.03" speed="31.50" length="5.50" nVehEntered="52"/>
   <interval begin="1200.00" end="1500.00" id="detector13_0" nVehContrib="158" flow="1896.00" occupancy="9.20" speed="31.39" length="5.50" nVehEntered="161"/>
   <interval begin="1200.00" end="1500.00" id="detector13_1" nVehContrib="117" flow="1404.00" occupancy="6.81" speed="31.50" length="5.50" nVehEntered="118"/>
   <interval begin="1200.00" end="1500.00" id="detector13_2" nVehContrib="65" flow="780.00" occupancy="3.72" speed="36.04" length="5.50" nVehEntered="67"/>
   <interval begin="1200.00" end="1500.00" id="detector13_3" nVehContrib="60" flow="720.00" occupancy="3.49" speed="31.50" length="5.50" nVehEntered="67"/>
   <interval begin="1200.00" end="1500.00" id="detector13_4" nVehContrib="51" flow="612.00" occupancy="2.97" speed="31.50" length="5.50" nVehEntered="51"/>
   <interval begin="1200.00" end="1500.00" id="detector14_0" nVehContrib="184" flow="2208.00" occupancy="12.74" speed="26.49" length="5.50" nVehEntered="195"/>
   <interval begin="1200.00" end="1500.00" id="detector14_1" nVehContrib="141" flow="1692.00" occupancy="8.21" speed="31.48" length="5.50" nVehEntered="145"/>
   <interval begin="1200.00" end="1500.00" id="detector14_2" nVehContrib="73" flow="876.00" occupancy="4.25" speed="31.50" length="5.50" nVehEntered="73"/>
   <interval begin="1200.00" end="1500.00" id="detector14_3" nVehContrib="64" flow="768.00" occupancy="3.72" speed="31.50" length="5.50" nVehEntered="65"/>
   <interval begin="1200.00" end="1500.00" id="detector14_4" nVehContrib="51" flow="612.00" occupancy="2.97" speed="31.50" length="5.50" nVehEntered="54"/>
   <interval begin="1200.00" end="1500.00" id="detector15_0" nVehContrib="183" flow="2196.00" occupancy="11.51" speed="29.15" length="5.50" nVehEntered="185"/>
   <interval begin="1200.00" end="1500.00" id="detector15_1" nVehContrib="180" flow="2160.00" occupancy="12.26" speed="27.27" length="5.50" nVehEntered="211"/>
   <interval begin="1200.00" end="1500.00" id="detector15_2" nVehContrib="99" flow="1188.00" occupancy="5.90" speed="30.85" length="5.50" nVehEntered="101"/>
   <interval begin="1200.00" end="1500.00" id="detector15_3" nVehContrib="56" flow="672.00" occupancy="3.25" speed="31.76" length="5.50" nVehEntered="57"/>
   <interval begin="1200.00" end="1500.00" id="detector15_4" nVehContrib="0" flow="0.00" occupancy="0.00" speed="-1.00" length="-1.00" nVehEntered="0"/>
   <interval begin="1200.00" end="1500.00" id="detector16_0" nVehContrib="178" flow="2136.00" occupancy="10.53" speed="31.00" length="5.50" nVehEntered="179"/>
   <interval begin="1200.00" end="1500.00" id="detector16_1" nVehContrib="165" flow="1980.00" occupancy="9.66" speed="31.35" length="5.50" nVehEntered="165"/>
   <interval begin="1200.00" end="1500.00" id="detector16_2" nVehContrib="122" flow="1464.00" occupancy="7.18" speed="31.23" length="5.50" nVehEntered="122"/>
   <interval begin="1200.00" end="1500.00" id="detector16_3" nVehContrib="68" flow="816.00" occupancy="3.94" speed="31.65" length="5.50" nVehEntered="68"/>
   <interval begin="1200.00" end="1500.00" id="detector16_4" nVehContrib="16" flow="192.00" occupancy="0.93" speed="31.50" length="5.50" nVehEntered="17"/>
   <interval begin="1200.00" end="1500.00" id="detector17_0" nVehContrib="177" flow="2124.00" occupancy="10.40" speed="31.36" length="5.50" nVehEntered="178"/>
   <interval begin="1200.00" end="1500.00" id="detector17_1" nVehContrib="2" flow="24.00" occupancy="0.12" speed="31.50" length="5.50" nVehEntered="2"/>
   <interval begin="1200.00" end="1500.00" id="detector17_2" nVehContrib="163" flow="1956.00" occupancy="9.49" speed="31.49" length="5.50" nVehEntered="164"/>
   <interval begin="1200.00" end="1500.00" id="detector17_3" nVehContrib="123" flow="1476.00" occupancy="7.16" speed="31.50" length="5.50" nVehEntered="123"/>
   <interval begin="1200.00" end="1500.00" id="detector17_4" nVehContrib="68" flow="816.00" occupancy="3.96" speed="31.50" length="5.50" nVehEntered="68"/>
   <interval begin="1200.00" end="1500.00" id="detector17_5" nVehContrib="16" flow="192.00" occupancy="0.93" speed="31.50" length="5.50" nVehEntered="16"/>
   <interval begin="1200.00" end="1500.00" id="detector18_0" nVehContrib="179" flow="2148.00" occupancy="10.65" speed="30.75" length="5.50" nVehEntered="179"/>
   <interval begin="1200.00" end="1500.00" id="detector18_1" nVehContrib="148" flow="1776.00" occupancy="8.64" speed="31.47" length="5.50" nVehEntered="148"/>
   <interval begin="1200.00" end="1500.00" id="detector18_2" nVehContrib="106" flow="1272.00" occupancy="6.17" speed="31.50" length="5.50" nVehEntered="106"/>
   <interval begin="1200.00" end="1500.00" id="detector18_3" nVehContrib="67" flow="804.00" occupancy="3.90" speed="31.50" length="5.50" nVehEntered="67"/>
   <interval begin="1200.00" end="1500.00" id="detector18_4" nVehContrib="23" flow="276.00" occupancy="1.35" speed="31.17" length="5.50" nVehEntered="23"/>
   <interval begin="1500.00" end="1800.00" id="detector1_0" nVehContrib="84" flow="1008.00" occupancy="4.99" speed="30.92" length="5.50" nVehEntered="84"/>
   <interval begin="1500.00" end="1800.00" id="detector1_1" nVehContrib="86" flow="1032.00" occupancy="5.10" speed="30.98" length="5.50" nVehEntered="86"/>
   <interval begin="1500.00" end="1800.00" id="detector1_2" nVehContrib="84" flow="1008.00" occupancy="4.99" speed="30.92" length="5.50" nVehEntered="84"/>
   <interval begin="1500.00" end="1800.00" id="detector1_3" nVehContrib="85" flow="1020.00" occupancy="5.02" speed="31.06" length="5.50" nVehEntered="85"/>
   <interval begin="1500.00" end="1800.00" id="detector2_0" nVehContrib="98" flow="1176.00" occupancy="5.71" speed="31.46" length="5.50" nVehEntered="98"/>
   <interval begin="1500.00" end="1800.00" id="detector2_1" nVehContrib="90" flow="1080.00" occupancy="5.24" speed="31.50" length="5.50" nVehEntered="98"/>
   <interval begin="1500.00" end="1800.00" id="detector2_2" nVehContrib="88" flow="1056.00" occupancy="5.12" speed="31.50" length="5.50" nVehEntered="96"/>
   <interval begin="1500.00" end="1800.00" id="detector2_3" nVehContrib="84" flow="1008.00" occupancy="4.89" speed="31.50" length="5.50" nVehEntered="90"/>
   <interval begin="1500.00" end="1800.00" id="detector3_0" nVehContrib="119" flow="1428.00" occupancy="7.15" speed="30.66" length="5.50" nVehEntered="123"/>
   <interval begin="1500.00" end="1800.00" id="detector3_1" nVehContrib="93" flow="1116.00" occupancy="5.39" speed="31.87" length="5.50" nVehEntered="93"/>
   <interval begin="1500.00" end="1800.00" id="detector3_2" nVehContrib="88" flow="1056.00" occupancy="5.12" speed="31.50" length="5.50" nVehEntered="88"/>
   <interval begin="1500.00" end="1800.00" id="detector3_3" nVehContrib="84" flow="1008.00" occupancy="4.89" speed="31.50" length="5.50" nVehEntered="84"/>
   <interval begin="1500.00" end="1800.00" id="detector4_0" nVehContrib="126" flow="1512.00" occupancy="7.33" speed="31.50" length="5.50" nVehEntered="126"/>
   <interval begin="1500.00" end="1800.00" id="detector4_1" nVehContrib="3" flow="36.00" occupancy="0.17" speed="31.50" length="5.50" nVehEntered="3"/>
   <interval begin="1500.00" end="1800.00" id="detector4_2" nVehContrib="98" flow="1176.00" occupancy="5.70" speed="31.50" length="5.50" nVehEntered="98"/>
   <interval begin="1500.00" end="1800.00" id="detector4_3" nVehContrib="88" flow="1056.00" occupancy="5.12" speed="31.50" length="5.50" nVehEntered="88"/>
   <interval begin="1500.00" end="1800.00" id="detector4_4" nVehContrib="83" flow="996.00" occupancy="4.83" speed="31.50" length="5.50" nVehEntered="83"/>
   <interval begin="1500.00" end="1800.00" id="detector5_0" nVehContrib="127" flow="1524.00" occupancy="7.39" speed="31.50" length="5.50" nVehEntered="127"/>
   <interval begin="1500.00" end="1800.00" id="detector5_1" nVehContrib="0" flow="0.00" occupancy="0.00" speed="-1.00" length="-1.00" nVehEntered="0"/>
   <interval begin="1500.00" end="1800.00" id="detector5_2" nVehContrib="4" flow="48.00" occupancy="0.23" speed="31.50" length="5.50" nVehEntered="4"/>
   <interval begin="1500.00" end="1800.00" id="detector5_3" nVehContrib="99" flow="1188.00" occupancy="5.76" speed="31.50" length="5.50" nVehEntered="99"/>
   <interval begin="1500.00" end="1800.00" id="detector5_4" nVehContrib="90" flow="1080.00" occupancy="5.24" speed="31.50" length="5.50" nVehEntered="92"/>
   <interval begin="1500.00" end="1800.00" id="detector5_5" nVehContrib="81" flow="972.00" occupancy="4.71" speed="31.50" length="5.50" nVehEntered="83"/>
   <interval begin="1500.00" end="1800.00" id="detector6_0" nVehContrib="128" flow="1536.00" occupancy="7.45" speed="31.50" length="5.50" nVehEntered="128"/>
   <interval begin="1500.00" end="1800.00" id="detector6_1" nVehContrib="27" flow="324.00" occupancy="1.57" speed="31.64" length="5.50" nVehEntered="27"/>
   <interval begin="1500.00" end="1800.00" id="detector6_2" nVehContrib="76" flow="912.00" occupancy="4.42" speed="31.50" length="5.50" nVehEntered="81"/>
   <interval begin="1500.00" end="1800.00" id="detector6_3" nVehContrib="87" flow="1044.00" occupancy="5.06" speed="31.50" length="5.50" nVehEntered="87"/>
   <interval begin="1500.00" end="1800.00" id="detector6_4" nVehContrib="79" flow="948.00" occupancy="4.60" speed="31.50" length="5.50" nVehEntered="79"/>
   <interval begin="1500.00" end="1800.00" id="detector8_0" nVehContrib="148" flow="1776.00" occupancy="8.61" speed="31.50" length="5.50" nVehEntered="148"/>
   <interval begin="1500.00" end="1800.00" id="detector8_1" nVehContrib="106" flow="1272.00" occupancy="6.18" speed="31.47" length="5.50" nVehEntered="106"/>
   <interval begin="1500.00" end="1800.00" id="detector8_2" nVehContrib="89" flow="1068.00" occupancy="5.19" speed="31.43" length="5.50" nVehEntered="89"/>
   <interval begin="1500.00" end="1800.00" id="detector8_3" nVehContrib="74" flow="888.00" occupancy="4.35" speed="31.42" length="5.50" nVehEntered="74"/>
   <interval begin="1500.00" end="1800.00" id="detector9_0" nVehContrib="148" flow="1776.00" occupancy="8.64" speed="31.40" length="5.50" nVehEntered="148"/>
   <interval begin="1500.00" end="1800.00" id="detector9_1" nVehContrib="103" flow="1236.00" occupancy="5.99" speed="31.50" length="5.50" nVehEntered="104"/>
   <interval begin="1500.00" end="1800.00" id="detector9_2" nVehContrib="87" flow="1044.00" occupancy="5.06" speed="31.50" length="5.50" nVehEntered="87"/>
   <interval begin="1500.00" end="1800.00" id="detector9_3" nVehContrib="69" flow="828.00" occupancy="4.02" speed="31.50" length="5.50" nVehEntered="69"/>
   <interval begin="1500.00" end="1800.00" id="detector9_4" nVehContrib="0" flow="0.00" occupancy="0.00" speed="-1.00" length="-1.00" nVehEntered="0"/>
   <interval begin="1500.00" end="1800.00" id="detector10_0" nVehContrib="153" flow="1836.00" occupancy="9.20" speed="30.79" length="5.50" nVehEntered="157"/>
   <interval begin="1500.00" end="1800.00" id="detector10_1" nVehContrib="91" flow="1092.00" occupancy="5.29" speed="31.55" length="5.50" nVehEntered="91"/>
   <interval begin="1500.00" end="1800.00" id="detector10_2" nVehContrib="55" flow="660.00" occupancy="3.20" speed="31.24" length="5.50" nVehEntered="102"/>
   <interval begin="1500.00" end="1800.00" id="detector10_3" nVehContrib="90" flow="1080.00" occupancy="5.24" speed="31.50" length="5.50" nVehEntered="90"/>
   <interval begin="1500.00" end="1800.00" id="detector10_4" nVehContrib="68" flow="816.00" occupancy="3.96" speed="31.50" length="5.50" nVehEntered="69"/>
   <interval begin="1500.00" end="1800.00" id="detector11_0" nVehContrib="169" flow="2028.00" occupancy="10.81" speed="28.91" length="5.50" nVehEntered="178"/>
   <interval begin="1500.00" end="1800.00" id="detector11_1" nVehContrib="118" flow="1416.00" occupancy="6.89" speed="31.29" length="5.50" nVehEntered="119"/>
   <interval begin="1500.00" end="1800.00" id="detector11_2" nVehContrib="51" flow="612.00" occupancy="2.97" speed="31.49" length="5.50" nVehEntered="51"/>
   <interval begin="1500.00" end="1800.00" id="detector11_3" nVehContrib="92" flow="1104.00" occupancy="5.36" speed="31.46" length="5.50" nVehEntered="92"/>
   <interval begin="1500.00" end="1800.00" id="detector11_4" nVehContrib="69" flow="828.00" occupancy="4.02" speed="31.47" length="5.50" nVehEntered="69"/>
   <interval begin="1500.00" end="1800.00" id="detector12_0" nVehContrib="161" flow="1932.00" occupancy="9.43" speed="31.29" length="5.50" nVehEntered="163"/>
   <interval begin="1500.00" end="1800.00" id="detector12_1" nVehContrib="6" flow="72.00" occupancy="0.35" speed="31.50" length="5.50" nVehEntered="6"/>
   <interval begin="1500.00" end="1800.00" id="detector12_2" nVehContrib="128" flow="1536.00" occupancy="7.45" speed="31.49" length="5.50" nVehEntered="128"/>
   <interval begin="1500.00" end="1800.00" id="detector12_3" nVehContrib="52" flow="624.00" occupancy="3.03" speed="31.50" length="5.50" nVehEntered="52"/>
   <interval begin="1500.00" end="1800.00" id="detector12_4" nVehContrib="89" flow="1068.00" occupancy="5.18" speed="31.50" length="5.50" nVehEntered="89"/>
   <interval begin="1500.00" end="1800.00" id="detector12_5" nVehContrib="69" flow="828.00" occupancy="4.02" speed="31.50" length="5.50" nVehEntered="69"/>
   <interval begin="1500.00" end="1800.00" id="detector13_0" nVehContrib="160" flow="1920.00" occupancy="9.35" speed="31.50" length="5.50" nVehEntered="162"/>
   <interval begin="1500.00" end="1800.00" id="detector13_1" nVehContrib="127" flow="1524.00" occupancy="7.39" speed="31.49" length="5.50" nVehEntered="129"/>
   <interval begin="1500.00" end="1800.00" id="detector13_2" nVehContrib="54" flow="648.00" occupancy="3.11" speed="32.17" length="5.50" nVehEntered="57"/>
   <interval begin="1500.00" end="1800.00" id="detector13_3" nVehContrib="74" flow="888.00" occupancy="4.31" speed="31.50" length="5.50" nVehEntered="78"/>
   <interval begin="1500.00" end="1800.00" id="detector13_4" nVehContrib="62" flow="744.00" occupancy="3.61" speed="31.50" length="5.50" nVehEntered="64"/>
   <interval begin="1500.00" end="1800.00" id="detector14_0" nVehContrib="184" flow="2208.00" occupancy="12.52" speed="26.95" length="5.50" nVehEntered="197"/>
   <interval begin="1500.00" end="1800.00" id="detector14_1" nVehContrib="148" flow="1776.00" occupancy="8.63" speed="31.43" length="5.50" nVehEntered="157"/>
   <interval begin="1500.00" end="1800.00" id="detector14_2" nVehContrib="66" flow="792.00" occupancy="3.84" speed="31.50" length="5.50" nVehEntered="66"/>
   <interval begin="1500.00" end="1800.00" id="detector14_3" nVehContrib="71" flow="852.00" occupancy="4.13" speed="31.50" length="5.50" nVehEntered="72"/>
   <interval begin="1500.00" end="1800.00" id="detector14_4" nVehContrib="58" flow="696.00" occupancy="3.38" speed="31.50" length="5.50" nVehEntered="58"/>
   <interval begin="1500.00" end="1800.00" id="detector15_0" nVehContrib="184" flow="2208.00" occupancy="11.41" speed="29.58" length="5.50" nVehEntered="184"/>
   <interval begin="1500.00" end="1800.00" id="detector15_1" nVehContrib="183" flow="2196.00" occupancy="12.37" speed="27.50" length="5.50" nVehEntered="216"/>
   <interval begin="1500.00" end="1800.00" id="detector15_2" nVehContrib="104" flow="1248.00" occupancy="6.17" speed="30.95" length="5.50" nVehEntered="104"/>
   <interval begin="1500.00" end="1800.00" id="detector15_3" nVehContrib="54" flow="648.00" occupancy="3.14" speed="31.50" length="5.50" nVehEntered="54"/>
   <interval begin="1500.00" end="1800.00" id="detector15_4" nVehContrib="0" flow="0.00" occupancy="0.00" speed="-1.00" length="-1.00" nVehEntered="0"/>
   <interval begin="1500.00" end="1800.00" id="detector16_0" nVehContrib="181" flow="2172.00" occupancy="10.71" speed="30.98" length="5.50" nVehEntered="181"/>
   <interval begin="1500.00" end="1800.00" id="detector16_1" nVehContrib="165" flow="1980.00" occupancy="9.64" speed="31.39" length="5.50" nVehEntered="165"/>
   <interval begin="1500.00" end="1800.00" id="detector16_2" nVehContrib="120" flow="1440.00" occupancy="6.97" speed="31.58" length="5.50" nVehEntered="120"/>
   <interval begin="1500.00" end="1800.00" id="detector16_3" nVehContrib="61" flow="732.00" occupancy="3.58" speed="31.35" length="5.50" nVehEntered="62"/>
   <interval begin="1500.00" end="1800.00" id="detector16_4" nVehContrib="14" flow="168.00" occupancy="0.82" speed="31.46" length="5.50" nVehEntered="15"/>
   <interval begin="1500.00" end="1800.00" id="detector17_0" nVehContrib="180" flow="2160.00" occupancy="10.49" speed="31.34" length="5.50" nVehEntered="181"/>
   <interval begin="1500.00" end="1800.00" id="detector17_1" nVehContrib="2" flow="24.00" occupancy="0.12" speed="31.50" length="5.50" nVehEntered="2"/>
   <interval begin="1500.00" end="1800.00" id="detector17_2" nVehContrib="165" flow="1980.00" occupancy="9.61" speed="31.48" length="5.50" nVehEntered="166"/>
   <interval begin="1500.00" end="1800.00" id="detector17_3" nVehContrib="124" flow="1488.00" occupancy="7.22" speed="31.50" length="5.50" nVehEntered="124"/>
   <interval begin="1500.00" end="1800.00" id="detector17_4" nVehContrib="60" flow="720.00" occupancy="3.49" speed="31.50" length="5.50" nVehEntered="60"/>
   <interval begin="1500.00" end="1800.00" id="detector17_5" nVehContrib="17" flow="204.00" occupancy="0.99" speed="31.50" length="5.50" nVehEntered="17"/>
   <interval begin="1500.00" end="1800.00" id="detector18_0" nVehContrib="176" flow="2112.00" occupancy="10.56" speed="30.58" length="5.50" nVehEntered="176"/>
   <interval begin="1500.00" end="1800.00" id="detector18_1" nVehContrib="148" flow="1776.00" occupancy="8.60" speed="31.48" length="5.50" nVehEntered="148"/>
   <interval begin="1500.00" end="1800.00" id="detector18_2" nVehContrib="110" flow="1320.00" occupancy="6.40" speed="31.50" length="5.50" nVehEntered="110"/>
   <interval begin="1500.00" end="1800.00" id="detector18_3" nVehContrib="56" flow="672.00" occupancy="3.26" speed="31.50" length="5.50" nVehEntered="56"/>
   <interval begin="1500.00" end="1800.00" id="detector18_4" nVehContrib="20" flow="240.00" occupancy="1.17" speed="31.27" length="5.50" nVehEntered="20"/>
</detector>
