<?xml version="1.0"?>

<!-- generated on 02/20/13 17:31:36 by SUMO sumo Version 0.13.0
<?xml version="1.0" encoding="iso-8859-1"?>

<configuration xmlns:xsi="http://www.w3.org/2001/XMLSchema-instance" xsi:noNamespaceSchemaLocation="http://sumo.sf.net/xsd/sumoConfiguration.xsd">

    <input>
        <net-file value="prob.net.xml"/>
        <route-files value="output.rou.xml"/>
        <additional-files value="detectors.add.xml"/>
    </input>

    <output>
        <netstate-dump value="netstate.xml"/>
        <summary-output value="summary.xml"/>
    </output>

    <time>
        <begin value="0"/>
        <end value="1800"/>
    </time>

    <gui_only>
        <gui-settings-file value=""/>
    </gui_only>

</configuration>
-->

<detector>
   <interval begin="0.00" end="300.00" id="detector1_0" nVehContrib="62" flow="744.00" occupancy="3.63" speed="31.35" length="5.50" nVehEntered="62"/>
   <interval begin="0.00" end="300.00" id="detector1_1" nVehContrib="62" flow="744.00" occupancy="3.61" speed="31.45" length="5.50" nVehEntered="62"/>
   <interval begin="0.00" end="300.00" id="detector1_2" nVehContrib="63" flow="756.00" occupancy="3.69" speed="31.31" length="5.50" nVehEntered="63"/>
   <interval begin="0.00" end="300.00" id="detector1_3" nVehContrib="61" flow="732.00" occupancy="3.58" speed="31.25" length="5.50" nVehEntered="61"/>
   <interval begin="0.00" end="300.00" id="detector2_0" nVehContrib="66" flow="792.00" occupancy="3.84" speed="31.50" length="5.50" nVehEntered="66"/>
   <interval begin="0.00" end="300.00" id="detector2_1" nVehContrib="57" flow="684.00" occupancy="3.32" speed="31.50" length="5.50" nVehEntered="67"/>
   <interval begin="0.00" end="300.00" id="detector2_2" nVehContrib="55" flow="660.00" occupancy="3.20" speed="31.50" length="5.50" nVehEntered="65"/>
   <interval begin="0.00" end="300.00" id="detector2_3" nVehContrib="47" flow="564.00" occupancy="2.74" speed="31.50" length="5.50" nVehEntered="55"/>
   <interval begin="0.00" end="300.00" id="detector3_0" nVehContrib="90" flow="1080.00" occupancy="5.37" speed="30.82" length="5.50" nVehEntered="91"/>
   <interval begin="0.00" end="300.00" id="detector3_1" nVehContrib="55" flow="660.00" occupancy="3.20" speed="31.47" length="5.50" nVehEntered="55"/>
   <interval begin="0.00" end="300.00" id="detector3_2" nVehContrib="52" flow="624.00" occupancy="3.03" speed="31.50" length="5.50" nVehEntered="52"/>
   <interval begin="0.00" end="300.00" id="detector3_3" nVehContrib="46" flow="552.00" occupancy="2.68" speed="31.50" length="5.50" nVehEntered="46"/>
   <interval begin="0.00" end="300.00" id="detector4_0" nVehContrib="83" flow="996.00" occupancy="4.83" speed="31.48" length="5.50" nVehEntered="83"/>
   <interval begin="0.00" end="300.00" id="detector4_1" nVehContrib="0" flow="0.00" occupancy="0.00" speed="-1.00" length="-1.00" nVehEntered="0"/>
   <interval begin="0.00" end="300.00" id="detector4_2" nVehContrib="56" flow="672.00" occupancy="3.26" speed="31.50" length="5.50" nVehEntered="56"/>
   <interval begin="0.00" end="300.00" id="detector4_3" nVehContrib="47" flow="564.00" occupancy="2.74" speed="31.50" length="5.50" nVehEntered="47"/>
   <interval begin="0.00" end="300.00" id="detector4_4" nVehContrib="43" flow="516.00" occupancy="2.50" speed="31.50" length="5.50" nVehEntered="43"/>
   <interval begin="0.00" end="300.00" id="detector5_0" nVehContrib="75" flow="900.00" occupancy="4.37" speed="31.50" length="5.50" nVehEntered="75"/>
   <interval begin="0.00" end="300.00" id="detector5_1" nVehContrib="0" flow="0.00" occupancy="0.00" speed="-1.00" length="-1.00" nVehEntered="0"/>
   <interval begin="0.00" end="300.00" id="detector5_2" nVehContrib="0" flow="0.00" occupancy="0.00" speed="-1.00" length="-1.00" nVehEntered="0"/>
   <interval begin="0.00" end="300.00" id="detector5_3" nVehContrib="53" flow="636.00" occupancy="3.08" speed="31.50" length="5.50" nVehEntered="53"/>
   <interval begin="0.00" end="300.00" id="detector5_4" nVehContrib="40" flow="480.00" occupancy="2.33" speed="31.50" length="5.50" nVehEntered="40"/>
   <interval begin="0.00" end="300.00" id="detector5_5" nVehContrib="37" flow="444.00" occupancy="2.15" speed="31.50" length="5.50" nVehEntered="38"/>
   <interval begin="0.00" end="300.00" id="detector6_0" nVehContrib="70" flow="840.00" occupancy="4.07" speed="31.50" length="5.50" nVehEntered="70"/>
   <interval begin="0.00" end="300.00" id="detector6_1" nVehContrib="9" flow="108.00" occupancy="0.52" speed="31.50" length="5.50" nVehEntered="9"/>
   <interval begin="0.00" end="300.00" id="detector6_2" nVehContrib="41" flow="492.00" occupancy="2.39" speed="31.50" length="5.50" nVehEntered="41"/>
   <interval begin="0.00" end="300.00" id="detector6_3" nVehContrib="39" flow="468.00" occupancy="2.27" speed="31.50" length="5.50" nVehEntered="39"/>
   <interval begin="0.00" end="300.00" id="detector6_4" nVehContrib="35" flow="420.00" occupancy="2.04" speed="31.50" length="5.50" nVehEntered="35"/>
   <interval begin="0.00" end="300.00" id="detector8_0" nVehContrib="59" flow="708.00" occupancy="3.43" speed="31.50" length="5.50" nVehEntered="59"/>
   <interval begin="0.00" end="300.00" id="detector8_1" nVehContrib="40" flow="480.00" occupancy="2.33" speed="31.47" length="5.50" nVehEntered="40"/>
   <interval begin="0.00" end="300.00" id="detector8_2" nVehContrib="27" flow="324.00" occupancy="1.57" speed="31.48" length="5.50" nVehEntered="28"/>
   <interval begin="0.00" end="300.00" id="detector8_3" nVehContrib="17" flow="204.00" occupancy="0.99" speed="31.50" length="5.50" nVehEntered="17"/>
   <interval begin="0.00" end="300.00" id="detector9_0" nVehContrib="54" flow="648.00" occupancy="3.14" speed="31.50" length="5.50" nVehEntered="54"/>
   <interval begin="0.00" end="300.00" id="detector9_1" nVehContrib="39" flow="468.00" occupancy="2.27" speed="31.50" length="5.50" nVehEntered="39"/>
   <interval begin="0.00" end="300.00" id="detector9_2" nVehContrib="24" flow="288.00" occupancy="1.40" speed="31.50" length="5.50" nVehEntered="24"/>
   <interval begin="0.00" end="300.00" id="detector9_3" nVehContrib="14" flow="168.00" occupancy="0.81" speed="31.50" length="5.50" nVehEntered="15"/>
   <interval begin="0.00" end="300.00" id="detector9_4" nVehContrib="0" flow="0.00" occupancy="0.00" speed="-1.00" length="-1.00" nVehEntered="0"/>
   <interval begin="0.00" end="300.00" id="detector10_0" nVehContrib="69" flow="828.00" occupancy="4.11" speed="30.84" length="5.50" nVehEntered="69"/>
   <interval begin="0.00" end="300.00" id="detector10_1" nVehContrib="14" flow="168.00" occupancy="0.81" speed="31.50" length="5.50" nVehEntered="14"/>
   <interval begin="0.00" end="300.00" id="detector10_2" nVehContrib="14" flow="168.00" occupancy="0.81" speed="31.50" length="5.50" nVehEntered="19"/>
   <interval begin="0.00" end="300.00" id="detector10_3" nVehContrib="17" flow="204.00" occupancy="0.99" speed="31.50" length="5.50" nVehEntered="17"/>
   <interval begin="0.00" end="300.00" id="detector10_4" nVehContrib="9" flow="108.00" occupancy="0.52" speed="31.50" length="5.50" nVehEntered="9"/>
   <interval begin="0.00" end="300.00" id="detector11_0" nVehContrib="85" flow="1020.00" occupancy="5.03" speed="31.05" length="5.50" nVehEntered="85"/>
   <interval begin="0.00" end="300.00" id="detector11_1" nVehContrib="20" flow="240.00" occupancy="1.16" speed="31.50" length="5.50" nVehEntered="21"/>
   <interval begin="0.00" end="300.00" id="detector11_2" nVehContrib="10" flow="120.00" occupancy="0.58" speed="31.50" length="5.50" nVehEntered="10"/>
   <interval begin="0.00" end="300.00" id="detector11_3" nVehContrib="15" flow="180.00" occupancy="0.87" speed="31.50" length="5.50" nVehEntered="15"/>
   <interval begin="0.00" end="300.00" id="detector11_4" nVehContrib="7" flow="84.00" occupancy="0.41" speed="31.50" length="5.50" nVehEntered="7"/>
   <interval begin="0.00" end="300.00" id="detector12_0" nVehContrib="81" flow="972.00" occupancy="4.72" speed="31.46" length="5.50" nVehEntered="81"/>
   <interval begin="0.00" end="300.00" id="detector12_1" nVehContrib="0" flow="0.00" occupancy="0.00" speed="-1.00" length="-1.00" nVehEntered="0"/>
   <interval begin="0.00" end="300.00" id="detector12_2" nVehContrib="23" flow="276.00" occupancy="1.34" speed="31.50" length="5.50" nVehEntered="23"/>
   <interval begin="0.00" end="300.00" id="detector12_3" nVehContrib="10" flow="120.00" occupancy="0.58" speed="31.50" length="5.50" nVehEntered="10"/>
   <interval begin="0.00" end="300.00" id="detector12_4" nVehContrib="11" flow="132.00" occupancy="0.64" speed="31.50" length="5.50" nVehEntered="11"/>
   <interval begin="0.00" end="300.00" id="detector12_5" nVehContrib="8" flow="96.00" occupancy="0.47" speed="31.50" length="5.50" nVehEntered="8"/>
   <interval begin="0.00" end="300.00" id="detector13_0" nVehContrib="65" flow="780.00" occupancy="3.78" speed="31.50" length="5.50" nVehEntered="65"/>
   <interval begin="0.00" end="300.00" id="detector13_1" nVehContrib="17" flow="204.00" occupancy="0.99" speed="31.50" length="5.50" nVehEntered="17"/>
   <interval begin="0.00" end="300.00" id="detector13_2" nVehContrib="3" flow="36.00" occupancy="0.17" speed="31.50" length="5.50" nVehEntered="4"/>
   <interval begin="0.00" end="300.00" id="detector13_3" nVehContrib="5" flow="60.00" occupancy="0.29" speed="31.50" length="5.50" nVehEntered="5"/>
   <interval begin="0.00" end="300.00" id="detector13_4" nVehContrib="4" flow="48.00" occupancy="0.23" speed="31.50" length="5.50" nVehEntered="4"/>
   <interval begin="0.00" end="300.00" id="detector14_0" nVehContrib="93" flow="1116.00" occupancy="5.42" speed="31.46" length="5.50" nVehEntered="107"/>
   <interval begin="0.00" end="300.00" id="detector14_1" nVehContrib="24" flow="288.00" occupancy="1.40" speed="31.50" length="5.50" nVehEntered="24"/>
   <interval begin="0.00" end="300.00" id="detector14_2" nVehContrib="0" flow="0.00" occupancy="0.00" speed="-1.00" length="-1.00" nVehEntered="0"/>
   <interval begin="0.00" end="300.00" id="detector14_3" nVehContrib="0" flow="0.00" occupancy="0.00" speed="-1.00" length="-1.00" nVehEntered="1"/>
   <interval begin="0.00" end="300.00" id="detector14_4" nVehContrib="0" flow="0.00" occupancy="0.00" speed="-1.00" length="-1.00" nVehEntered="0"/>
   <interval begin="0.00" end="300.00" id="detector15_0" nVehContrib="91" flow="1092.00" occupancy="5.31" speed="31.44" length="5.50" nVehEntered="91"/>
   <interval begin="0.00" end="300.00" id="detector15_1" nVehContrib="21" flow="252.00" occupancy="1.22" speed="31.48" length="5.50" nVehEntered="22"/>
   <interval begin="0.00" end="300.00" id="detector15_2" nVehContrib="2" flow="24.00" occupancy="0.12" speed="31.50" length="5.50" nVehEntered="2"/>
   <interval begin="0.00" end="300.00" id="detector15_3" nVehContrib="0" flow="0.00" occupancy="0.00" speed="-1.00" length="-1.00" nVehEntered="0"/>
   <interval begin="0.00" end="300.00" id="detector15_4" nVehContrib="0" flow="0.00" occupancy="0.00" speed="-1.00" length="-1.00" nVehEntered="0"/>
   <interval begin="0.00" end="300.00" id="detector16_0" nVehContrib="83" flow="996.00" occupancy="4.83" speed="31.50" length="5.50" nVehEntered="83"/>
   <interval begin="0.00" end="300.00" id="detector16_1" nVehContrib="19" flow="228.00" occupancy="1.11" speed="31.50" length="5.50" nVehEntered="19"/>
   <interval begin="0.00" end="300.00" id="detector16_2" nVehContrib="2" flow="24.00" occupancy="0.12" speed="31.50" length="5.50" nVehEntered="2"/>
   <interval begin="0.00" end="300.00" id="detector16_3" nVehContrib="0" flow="0.00" occupancy="0.00" speed="-1.00" length="-1.00" nVehEntered="0"/>
   <interval begin="0.00" end="300.00" id="detector16_4" nVehContrib="0" flow="0.00" occupancy="0.00" speed="-1.00" length="-1.00" nVehEntered="0"/>
   <interval begin="0.00" end="300.00" id="detector17_0" nVehContrib="80" flow="960.00" occupancy="4.66" speed="31.50" length="5.50" nVehEntered="80"/>
   <interval begin="0.00" end="300.00" id="detector17_1" nVehContrib="0" flow="0.00" occupancy="0.00" speed="-1.00" length="-1.00" nVehEntered="0"/>
   <interval begin="0.00" end="300.00" id="detector17_2" nVehContrib="18" flow="216.00" occupancy="1.05" speed="31.50" length="5.50" nVehEntered="18"/>
   <interval begin="0.00" end="300.00" id="detector17_3" nVehContrib="2" flow="24.00" occupancy="0.12" speed="31.50" length="5.50" nVehEntered="2"/>
   <interval begin="0.00" end="300.00" id="detector17_4" nVehContrib="0" flow="0.00" occupancy="0.00" speed="-1.00" length="-1.00" nVehEntered="0"/>
   <interval begin="0.00" end="300.00" id="detector17_5" nVehContrib="0" flow="0.00" occupancy="0.00" speed="-1.00" length="-1.00" nVehEntered="0"/>
   <interval begin="0.00" end="300.00" id="detector18_0" nVehContrib="69" flow="828.00" occupancy="4.02" speed="31.50" length="5.50" nVehEntered="69"/>
   <interval begin="0.00" end="300.00" id="detector18_1" nVehContrib="14" flow="168.00" occupancy="0.81" speed="31.50" length="5.50" nVehEntered="14"/>
   <interval begin="0.00" end="300.00" id="detector18_2" nVehContrib="0" flow="0.00" occupancy="0.00" speed="-1.00" length="-1.00" nVehEntered="0"/>
   <interval begin="0.00" end="300.00" id="detector18_3" nVehContrib="0" flow="0.00" occupancy="0.00" speed="-1.00" length="-1.00" nVehEntered="0"/>
   <interval begin="0.00" end="300.00" id="detector18_4" nVehContrib="0" flow="0.00" occupancy="0.00" speed="-1.00" length="-1.00" nVehEntered="0"/>
   <interval begin="300.00" end="600.00" id="detector1_0" nVehContrib="54" flow="648.00" occupancy="3.16" speed="31.39" length="5.50" nVehEntered="54"/>
   <interval begin="300.00" end="600.00" id="detector1_1" nVehContrib="53" flow="636.00" occupancy="3.09" speed="31.44" length="5.50" nVehEntered="53"/>
   <interval begin="300.00" end="600.00" id="detector1_2" nVehContrib="53" flow="636.00" occupancy="3.08" speed="31.50" length="5.50" nVehEntered="53"/>
   <interval begin="300.00" end="600.00" id="detector1_3" nVehContrib="53" flow="636.00" occupancy="3.09" speed="31.44" length="5.50" nVehEntered="53"/>
   <interval begin="300.00" end="600.00" id="detector2_0" nVehContrib="66" flow="792.00" occupancy="3.84" speed="31.50" length="5.50" nVehEntered="66"/>
   <interval begin="300.00" end="600.00" id="detector2_1" nVehContrib="51" flow="612.00" occupancy="2.97" speed="31.50" length="5.50" nVehEntered="63"/>
   <interval begin="300.00" end="600.00" id="detector2_2" nVehContrib="49" flow="588.00" occupancy="2.85" speed="31.50" length="5.50" nVehEntered="58"/>
   <interval begin="300.00" end="600.00" id="detector2_3" nVehContrib="51" flow="612.00" occupancy="2.97" speed="31.50" length="5.50" nVehEntered="55"/>
   <interval begin="300.00" end="600.00" id="detector3_0" nVehContrib="88" flow="1056.00" occupancy="5.22" speed="30.97" length="5.50" nVehEntered="89"/>
   <interval begin="300.00" end="600.00" id="detector3_1" nVehContrib="52" flow="624.00" occupancy="3.03" speed="31.50" length="5.50" nVehEntered="52"/>
   <interval begin="300.00" end="600.00" id="detector3_2" nVehContrib="50" flow="600.00" occupancy="2.91" speed="31.50" length="5.50" nVehEntered="50"/>
   <interval begin="300.00" end="600.00" id="detector3_3" nVehContrib="49" flow="588.00" occupancy="2.85" speed="31.50" length="5.50" nVehEntered="49"/>
   <interval begin="300.00" end="600.00" id="detector4_0" nVehContrib="87" flow="1044.00" occupancy="5.07" speed="31.48" length="5.50" nVehEntered="87"/>
   <interval begin="300.00" end="600.00" id="detector4_1" nVehContrib="1" flow="12.00" occupancy="0.06" speed="31.50" length="5.50" nVehEntered="1"/>
   <interval begin="300.00" end="600.00" id="detector4_2" nVehContrib="63" flow="756.00" occupancy="3.67" speed="31.50" length="5.50" nVehEntered="63"/>
   <interval begin="300.00" end="600.00" id="detector4_3" nVehContrib="52" flow="624.00" occupancy="3.03" speed="31.50" length="5.50" nVehEntered="52"/>
   <interval begin="300.00" end="600.00" id="detector4_4" nVehContrib="49" flow="588.00" occupancy="2.85" speed="31.50" length="5.50" nVehEntered="49"/>
   <interval begin="300.00" end="600.00" id="detector5_0" nVehContrib="86" flow="1032.00" occupancy="5.01" speed="31.50" length="5.50" nVehEntered="86"/>
   <interval begin="300.00" end="600.00" id="detector5_1" nVehContrib="0" flow="0.00" occupancy="0.00" speed="-1.00" length="-1.00" nVehEntered="0"/>
   <interval begin="300.00" end="600.00" id="detector5_2" nVehContrib="0" flow="0.00" occupancy="0.00" speed="-1.00" length="-1.00" nVehEntered="0"/>
   <interval begin="300.00" end="600.00" id="detector5_3" nVehContrib="63" flow="756.00" occupancy="3.67" speed="31.50" length="5.50" nVehEntered="63"/>
   <interval begin="300.00" end="600.00" id="detector5_4" nVehContrib="53" flow="636.00" occupancy="3.08" speed="31.50" length="5.50" nVehEntered="54"/>
   <interval begin="300.00" end="600.00" id="detector5_5" nVehContrib="49" flow="588.00" occupancy="2.85" speed="31.50" length="5.50" nVehEntered="50"/>
   <interval begin="300.00" end="600.00" id="detector6_0" nVehContrib="86" flow="1032.00" occupancy="5.01" speed="31.50" length="5.50" nVehEntered="86"/>
   <interval begin="300.00" end="600.00" id="detector6_1" nVehContrib="7" flow="84.00" occupancy="0.41" speed="31.50" length="5.50" nVehEntered="7"/>
   <interval begin="300.00" end="600.00" id="detector6_2" nVehContrib="56" flow="672.00" occupancy="3.26" speed="31.50" length="5.50" nVehEntered="58"/>
   <interval begin="300.00" end="600.00" id="detector6_3" nVehContrib="52" flow="624.00" occupancy="3.03" speed="31.50" length="5.50" nVehEntered="52"/>
   <interval begin="300.00" end="600.00" id="detector6_4" nVehContrib="49" flow="588.00" occupancy="2.85" speed="31.50" length="5.50" nVehEntered="49"/>
   <interval begin="300.00" end="600.00" id="detector8_0" nVehContrib="104" flow="1248.00" occupancy="6.05" speed="31.49" length="5.50" nVehEntered="104"/>
   <interval begin="300.00" end="600.00" id="detector8_1" nVehContrib="65" flow="780.00" occupancy="3.79" speed="31.45" length="5.50" nVehEntered="68"/>
   <interval begin="300.00" end="600.00" id="detector8_2" nVehContrib="51" flow="612.00" occupancy="2.98" speed="31.43" length="5.50" nVehEntered="53"/>
   <interval begin="300.00" end="600.00" id="detector8_3" nVehContrib="40" flow="480.00" occupancy="2.33" speed="31.50" length="5.50" nVehEntered="40"/>
   <interval begin="300.00" end="600.00" id="detector9_0" nVehContrib="111" flow="1332.00" occupancy="6.47" speed="31.45" length="5.50" nVehEntered="111"/>
   <interval begin="300.00" end="600.00" id="detector9_1" nVehContrib="66" flow="792.00" occupancy="3.84" speed="31.50" length="5.50" nVehEntered="67"/>
   <interval begin="300.00" end="600.00" id="detector9_2" nVehContrib="49" flow="588.00" occupancy="2.85" speed="31.50" length="5.50" nVehEntered="49"/>
   <interval begin="300.00" end="600.00" id="detector9_3" nVehContrib="35" flow="420.00" occupancy="2.04" speed="31.50" length="5.50" nVehEntered="35"/>
   <interval begin="300.00" end="600.00" id="detector9_4" nVehContrib="0" flow="0.00" occupancy="0.00" speed="-1.00" length="-1.00" nVehEntered="0"/>
   <interval begin="300.00" end="600.00" id="detector10_0" nVehContrib="132" flow="1584.00" occupancy="7.79" speed="31.09" length="5.50" nVehEntered="132"/>
   <interval begin="300.00" end="600.00" id="detector10_1" nVehContrib="45" flow="540.00" occupancy="2.62" speed="31.50" length="5.50" nVehEntered="45"/>
   <interval begin="300.00" end="600.00" id="detector10_2" nVehContrib="39" flow="468.00" occupancy="2.27" speed="31.45" length="5.50" nVehEntered="63"/>
   <interval begin="300.00" end="600.00" id="detector10_3" nVehContrib="49" flow="588.00" occupancy="2.85" speed="31.50" length="5.50" nVehEntered="50"/>
   <interval begin="300.00" end="600.00" id="detector10_4" nVehContrib="35" flow="420.00" occupancy="2.04" speed="31.50" length="5.50" nVehEntered="35"/>
   <interval begin="300.00" end="600.00" id="detector11_0" nVehContrib="143" flow="1716.00" occupancy="8.55" speed="30.88" length="5.50" nVehEntered="145"/>
   <interval begin="300.00" end="600.00" id="detector11_1" nVehContrib="72" flow="864.00" occupancy="4.19" speed="31.50" length="5.50" nVehEntered="74"/>
   <interval begin="300.00" end="600.00" id="detector11_2" nVehContrib="26" flow="312.00" occupancy="1.52" speed="31.38" length="5.50" nVehEntered="26"/>
   <interval begin="300.00" end="600.00" id="detector11_3" nVehContrib="46" flow="552.00" occupancy="2.68" speed="31.50" length="5.50" nVehEntered="46"/>
   <interval begin="300.00" end="600.00" id="detector11_4" nVehContrib="36" flow="432.00" occupancy="2.10" speed="31.50" length="5.50" nVehEntered="36"/>
   <interval begin="300.00" end="600.00" id="detector12_0" nVehContrib="135" flow="1620.00" occupancy="7.87" speed="31.46" length="5.50" nVehEntered="135"/>
   <interval begin="300.00" end="600.00" id="detector12_1" nVehContrib="1" flow="12.00" occupancy="0.06" speed="31.50" length="5.50" nVehEntered="1"/>
   <interval begin="300.00" end="600.00" id="detector12_2" nVehContrib="84" flow="1008.00" occupancy="4.89" speed="31.49" length="5.50" nVehEntered="84"/>
   <interval begin="300.00" end="600.00" id="detector12_3" nVehContrib="26" flow="312.00" occupancy="1.51" speed="31.49" length="5.50" nVehEntered="26"/>
   <interval begin="300.00" end="600.00" id="detector12_4" nVehContrib="47" flow="564.00" occupancy="2.74" speed="31.50" length="5.50" nVehEntered="47"/>
   <interval begin="300.00" end="600.00" id="detector12_5" nVehContrib="34" flow="408.00" occupancy="1.98" speed="31.50" length="5.50" nVehEntered="34"/>
   <interval begin="300.00" end="600.00" id="detector13_0" nVehContrib="134" flow="1608.00" occupancy="7.80" speed="31.49" length="5.50" nVehEntered="134"/>
   <interval begin="300.00" end="600.00" id="detector13_1" nVehContrib="81" flow="972.00" occupancy="4.71" speed="31.50" length="5.50" nVehEntered="81"/>
   <interval begin="300.00" end="600.00" id="detector13_2" nVehContrib="26" flow="312.00" occupancy="1.51" speed="31.50" length="5.50" nVehEntered="30"/>
   <interval begin="300.00" end="600.00" id="detector13_3" nVehContrib="38" flow="456.00" occupancy="2.21" speed="31.50" length="5.50" nVehEntered="41"/>
   <interval begin="300.00" end="600.00" id="detector13_4" nVehContrib="28" flow="336.00" occupancy="1.63" speed="31.50" length="5.50" nVehEntered="29"/>
   <interval begin="300.00" end="600.00" id="detector14_0" nVehContrib="160" flow="1920.00" occupancy="9.37" speed="31.31" length="5.50" nVehEntered="180"/>
   <interval begin="300.00" end="600.00" id="detector14_1" nVehContrib="105" flow="1260.00" occupancy="6.11" speed="31.50" length="5.50" nVehEntered="106"/>
   <interval begin="300.00" end="600.00" id="detector14_2" nVehContrib="26" flow="312.00" occupancy="1.51" speed="31.50" length="5.50" nVehEntered="28"/>
   <interval begin="300.00" end="600.00" id="detector14_3" nVehContrib="41" flow="492.00" occupancy="2.39" speed="31.47" length="5.50" nVehEntered="41"/>
   <interval begin="300.00" end="600.00" id="detector14_4" nVehContrib="27" flow="324.00" occupancy="1.57" speed="31.50" length="5.50" nVehEntered="28"/>
   <interval begin="300.00" end="600.00" id="detector15_0" nVehContrib="156" flow="1872.00" occupancy="9.08" speed="31.49" length="5.50" nVehEntered="156"/>
   <interval begin="300.00" end="600.00" id="detector15_1" nVehContrib="121" flow="1452.00" occupancy="7.30" speed="30.50" length="5.50" nVehEntered="132"/>
   <interval begin="300.00" end="600.00" id="detector15_2" nVehContrib="40" flow="480.00" occupancy="2.33" speed="31.50" length="5.50" nVehEntered="40"/>
   <interval begin="300.00" end="600.00" id="detector15_3" nVehContrib="25" flow="300.00" occupancy="1.46" speed="31.50" length="5.50" nVehEntered="25"/>
   <interval begin="300.00" end="600.00" id="detector15_4" nVehContrib="0" flow="0.00" occupancy="0.00" speed="-1.00" length="-1.00" nVehEntered="0"/>
   <interval begin="300.00" end="600.00" id="detector16_0" nVehContrib="156" flow="1872.00" occupancy="9.08" speed="31.50" length="5.50" nVehEntered="156"/>
   <interval begin="300.00" end="600.00" id="detector16_1" nVehContrib="107" flow="1284.00" occupancy="6.23" speed="31.47" length="5.50" nVehEntered="107"/>
   <interval begin="300.00" end="600.00" id="detector16_2" nVehContrib="54" flow="648.00" occupancy="3.14" speed="31.64" length="5.50" nVehEntered="54"/>
   <interval begin="300.00" end="600.00" id="detector16_3" nVehContrib="24" flow="288.00" occupancy="1.41" speed="31.23" length="5.50" nVehEntered="25"/>
   <interval begin="300.00" end="600.00" id="detector16_4" nVehContrib="4" flow="48.00" occupancy="0.23" speed="31.50" length="5.50" nVehEntered="4"/>
   <interval begin="300.00" end="600.00" id="detector17_0" nVehContrib="154" flow="1848.00" occupancy="8.96" speed="31.50" length="5.50" nVehEntered="154"/>
   <interval begin="300.00" end="600.00" id="detector17_1" nVehContrib="1" flow="12.00" occupancy="0.06" speed="31.50" length="5.50" nVehEntered="1"/>
   <interval begin="300.00" end="600.00" id="detector17_2" nVehContrib="103" flow="1236.00" occupancy="6.00" speed="31.49" length="5.50" nVehEntered="104"/>
   <interval begin="300.00" end="600.00" id="detector17_3" nVehContrib="51" flow="612.00" occupancy="2.97" speed="31.49" length="5.50" nVehEntered="52"/>
   <interval begin="300.00" end="600.00" id="detector17_4" nVehContrib="25" flow="300.00" occupancy="1.46" speed="31.47" length="5.50" nVehEntered="25"/>
   <interval begin="300.00" end="600.00" id="detector17_5" nVehContrib="4" flow="48.00" occupancy="0.23" speed="31.50" length="5.50" nVehEntered="4"/>
   <interval begin="300.00" end="600.00" id="detector18_0" nVehContrib="146" flow="1752.00" occupancy="8.52" speed="31.42" length="5.50" nVehEntered="146"/>
   <interval begin="300.00" end="600.00" id="detector18_1" nVehContrib="85" flow="1020.00" occupancy="4.95" speed="31.50" length="5.50" nVehEntered="85"/>
   <interval begin="300.00" end="600.00" id="detector18_2" nVehContrib="38" flow="456.00" occupancy="2.21" speed="31.50" length="5.50" nVehEntered="38"/>
   <interval begin="300.00" end="600.00" id="detector18_3" nVehContrib="24" flow="288.00" occupancy="1.40" speed="31.50" length="5.50" nVehEntered="24"/>
   <interval begin="300.00" end="600.00" id="detector18_4" nVehContrib="4" flow="48.00" occupancy="0.23" speed="31.50" length="5.50" nVehEntered="4"/>
   <interval begin="600.00" end="900.00" id="detector1_0" nVehContrib="63" flow="756.00" occupancy="3.68" speed="31.40" length="5.50" nVehEntered="63"/>
   <interval begin="600.00" end="900.00" id="detector1_1" nVehContrib="64" flow="768.00" occupancy="3.74" speed="31.40" length="5.50" nVehEntered="64"/>
   <interval begin="600.00" end="900.00" id="detector1_2" nVehContrib="64" flow="768.00" occupancy="3.74" speed="31.40" length="5.50" nVehEntered="64"/>
   <interval begin="600.00" end="900.00" id="detector1_3" nVehContrib="64" flow="768.00" occupancy="3.76" speed="31.21" length="5.50" nVehEntered="64"/>
   <interval begin="600.00" end="900.00" id="detector2_0" nVehContrib="72" flow="864.00" occupancy="4.19" speed="31.50" length="5.50" nVehEntered="72"/>
   <interval begin="600.00" end="900.00" id="detector2_1" nVehContrib="71" flow="852.00" occupancy="4.13" speed="31.50" length="5.50" nVehEntered="79"/>
   <interval begin="600.00" end="900.00" id="detector2_2" nVehContrib="56" flow="672.00" occupancy="3.26" speed="31.50" length="5.50" nVehEntered="72"/>
   <interval begin="600.00" end="900.00" id="detector2_3" nVehContrib="54" flow="648.00" occupancy="3.14" speed="31.50" length="5.50" nVehEntered="63"/>
   <interval begin="600.00" end="900.00" id="detector3_0" nVehContrib="106" flow="1272.00" occupancy="6.34" speed="30.74" length="5.50" nVehEntered="107"/>
   <interval begin="600.00" end="900.00" id="detector3_1" nVehContrib="71" flow="852.00" occupancy="4.13" speed="31.50" length="5.50" nVehEntered="71"/>
   <interval begin="600.00" end="900.00" id="detector3_2" nVehContrib="57" flow="684.00" occupancy="3.32" speed="31.50" length="5.50" nVehEntered="57"/>
   <interval begin="600.00" end="900.00" id="detector3_3" nVehContrib="55" flow="660.00" occupancy="3.20" speed="31.50" length="5.50" nVehEntered="55"/>
   <interval begin="600.00" end="900.00" id="detector4_0" nVehContrib="109" flow="1308.00" occupancy="6.35" speed="31.46" length="5.50" nVehEntered="109"/>
   <interval begin="600.00" end="900.00" id="detector4_1" nVehContrib="1" flow="12.00" occupancy="0.06" speed="31.50" length="5.50" nVehEntered="1"/>
   <interval begin="600.00" end="900.00" id="detector4_2" nVehContrib="73" flow="876.00" occupancy="4.25" speed="31.50" length="5.50" nVehEntered="73"/>
   <interval begin="600.00" end="900.00" id="detector4_3" nVehContrib="59" flow="708.00" occupancy="3.43" speed="31.50" length="5.50" nVehEntered="59"/>
   <interval begin="600.00" end="900.00" id="detector4_4" nVehContrib="52" flow="624.00" occupancy="3.03" speed="31.50" length="5.50" nVehEntered="52"/>
   <interval begin="600.00" end="900.00" id="detector5_0" nVehContrib="105" flow="1260.00" occupancy="6.11" speed="31.50" length="5.50" nVehEntered="105"/>
   <interval begin="600.00" end="900.00" id="detector5_1" nVehContrib="0" flow="0.00" occupancy="0.00" speed="-1.00" length="-1.00" nVehEntered="0"/>
   <interval begin="600.00" end="900.00" id="detector5_2" nVehContrib="4" flow="48.00" occupancy="0.23" speed="31.50" length="5.50" nVehEntered="4"/>
   <interval begin="600.00" end="900.00" id="detector5_3" nVehContrib="72" flow="864.00" occupancy="4.19" speed="31.50" length="5.50" nVehEntered="72"/>
   <interval begin="600.00" end="900.00" id="detector5_4" nVehContrib="55" flow="660.00" occupancy="3.20" speed="31.50" length="5.50" nVehEntered="56"/>
   <interval begin="600.00" end="900.00" id="detector5_5" nVehContrib="52" flow="624.00" occupancy="3.03" speed="31.50" length="5.50" nVehEntered="52"/>
   <interval begin="600.00" end="900.00" id="detector6_0" nVehContrib="108" flow="1296.00" occupancy="6.29" speed="31.49" length="5.50" nVehEntered="108"/>
   <interval begin="600.00" end="900.00" id="detector6_1" nVehContrib="9" flow="108.00" occupancy="0.52" speed="31.50" length="5.50" nVehEntered="9"/>
   <interval begin="600.00" end="900.00" id="detector6_2" nVehContrib="65" flow="780.00" occupancy="3.78" speed="31.50" length="5.50" nVehEntered="66"/>
   <interval begin="600.00" end="900.00" id="detector6_3" nVehContrib="56" flow="672.00" occupancy="3.26" speed="31.50" length="5.50" nVehEntered="56"/>
   <interval begin="600.00" end="900.00" id="detector6_4" nVehContrib="50" flow="600.00" occupancy="2.91" speed="31.50" length="5.50" nVehEntered="50"/>
   <interval begin="600.00" end="900.00" id="detector8_0" nVehContrib="115" flow="1380.00" occupancy="6.70" speed="31.48" length="5.50" nVehEntered="115"/>
   <interval begin="600.00" end="900.00" id="detector8_1" nVehContrib="70" flow="840.00" occupancy="4.07" speed="31.49" length="5.50" nVehEntered="71"/>
   <interval begin="600.00" end="900.00" id="detector8_2" nVehContrib="50" flow="600.00" occupancy="2.92" speed="31.43" length="5.50" nVehEntered="52"/>
   <interval begin="600.00" end="900.00" id="detector8_3" nVehContrib="34" flow="408.00" occupancy="1.99" speed="31.31" length="5.50" nVehEntered="34"/>
   <interval begin="600.00" end="900.00" id="detector9_0" nVehContrib="113" flow="1356.00" occupancy="6.58" speed="31.47" length="5.50" nVehEntered="113"/>
   <interval begin="600.00" end="900.00" id="detector9_1" nVehContrib="76" flow="912.00" occupancy="4.42" speed="31.50" length="5.50" nVehEntered="76"/>
   <interval begin="600.00" end="900.00" id="detector9_2" nVehContrib="43" flow="516.00" occupancy="2.50" speed="31.50" length="5.50" nVehEntered="43"/>
   <interval begin="600.00" end="900.00" id="detector9_3" nVehContrib="34" flow="408.00" occupancy="1.98" speed="31.49" length="5.50" nVehEntered="34"/>
   <interval begin="600.00" end="900.00" id="detector9_4" nVehContrib="0" flow="0.00" occupancy="0.00" speed="-1.00" length="-1.00" nVehEntered="0"/>
   <interval begin="600.00" end="900.00" id="detector10_0" nVehContrib="127" flow="1524.00" occupancy="7.55" speed="30.90" length="5.50" nVehEntered="127"/>
   <interval begin="600.00" end="900.00" id="detector10_1" nVehContrib="39" flow="468.00" occupancy="2.27" speed="31.50" length="5.50" nVehEntered="39"/>
   <interval begin="600.00" end="900.00" id="detector10_2" nVehContrib="42" flow="504.00" occupancy="2.44" speed="31.50" length="5.50" nVehEntered="60"/>
   <interval begin="600.00" end="900.00" id="detector10_3" nVehContrib="46" flow="552.00" occupancy="2.68" speed="31.44" length="5.50" nVehEntered="46"/>
   <interval begin="600.00" end="900.00" id="detector10_4" nVehContrib="28" flow="336.00" occupancy="1.63" speed="31.50" length="5.50" nVehEntered="29"/>
   <interval begin="600.00" end="900.00" id="detector11_0" nVehContrib="147" flow="1764.00" occupancy="8.87" speed="30.32" length="5.50" nVehEntered="151"/>
   <interval begin="600.00" end="900.00" id="detector11_1" nVehContrib="74" flow="888.00" occupancy="4.31" speed="31.47" length="5.50" nVehEntered="74"/>
   <interval begin="600.00" end="900.00" id="detector11_2" nVehContrib="20" flow="240.00" occupancy="1.16" speed="31.50" length="5.50" nVehEntered="20"/>
   <interval begin="600.00" end="900.00" id="detector11_3" nVehContrib="44" flow="528.00" occupancy="2.56" speed="31.50" length="5.50" nVehEntered="44"/>
   <interval begin="600.00" end="900.00" id="detector11_4" nVehContrib="27" flow="324.00" occupancy="1.57" speed="31.50" length="5.50" nVehEntered="27"/>
   <interval begin="600.00" end="900.00" id="detector12_0" nVehContrib="132" flow="1584.00" occupancy="7.70" speed="31.43" length="5.50" nVehEntered="133"/>
   <interval begin="600.00" end="900.00" id="detector12_1" nVehContrib="2" flow="24.00" occupancy="0.12" speed="31.50" length="5.50" nVehEntered="2"/>
   <interval begin="600.00" end="900.00" id="detector12_2" nVehContrib="89" flow="1068.00" occupancy="5.18" speed="31.49" length="5.50" nVehEntered="89"/>
   <interval begin="600.00" end="900.00" id="detector12_3" nVehContrib="19" flow="228.00" occupancy="1.11" speed="31.50" length="5.50" nVehEntered="19"/>
   <interval begin="600.00" end="900.00" id="detector12_4" nVehContrib="43" flow="516.00" occupancy="2.50" speed="31.50" length="5.50" nVehEntered="43"/>
   <interval begin="600.00" end="900.00" id="detector12_5" nVehContrib="27" flow="324.00" occupancy="1.57" speed="31.50" length="5.50" nVehEntered="27"/>
   <interval begin="600.00" end="900.00" id="detector13_0" nVehContrib="129" flow="1548.00" occupancy="7.52" speed="31.44" length="5.50" nVehEntered="130"/>
   <interval begin="600.00" end="900.00" id="detector13_1" nVehContrib="89" flow="1068.00" occupancy="5.18" speed="31.50" length="5.50" nVehEntered="90"/>
   <interval begin="600.00" end="900.00" id="detector13_2" nVehContrib="18" flow="216.00" occupancy="1.05" speed="31.50" length="5.50" nVehEntered="18"/>
   <interval begin="600.00" end="900.00" id="detector13_3" nVehContrib="39" flow="468.00" occupancy="2.27" speed="31.50" length="5.50" nVehEntered="39"/>
   <interval begin="600.00" end="900.00" id="detector13_4" nVehContrib="27" flow="324.00" occupancy="1.57" speed="31.50" length="5.50" nVehEntered="27"/>
   <interval begin="600.00" end="900.00" id="detector14_0" nVehContrib="160" flow="1920.00" occupancy="9.40" speed="31.23" length="5.50" nVehEntered="185"/>
   <interval begin="600.00" end="900.00" id="detector14_1" nVehContrib="112" flow="1344.00" occupancy="6.53" speed="31.46" length="5.50" nVehEntered="112"/>
   <interval begin="600.00" end="900.00" id="detector14_2" nVehContrib="16" flow="192.00" occupancy="0.93" speed="31.50" length="5.50" nVehEntered="17"/>
   <interval begin="600.00" end="900.00" id="detector14_3" nVehContrib="38" flow="456.00" occupancy="2.21" speed="31.50" length="5.50" nVehEntered="38"/>
   <interval begin="600.00" end="900.00" id="detector14_4" nVehContrib="28" flow="336.00" occupancy="1.63" speed="31.50" length="5.50" nVehEntered="28"/>
   <interval begin="600.00" end="900.00" id="detector15_0" nVehContrib="158" flow="1896.00" occupancy="9.21" speed="31.44" length="5.50" nVehEntered="158"/>
   <interval begin="600.00" end="900.00" id="detector15_1" nVehContrib="124" flow="1488.00" occupancy="7.36" speed="30.97" length="5.50" nVehEntered="129"/>
   <interval begin="600.00" end="900.00" id="detector15_2" nVehContrib="38" flow="456.00" occupancy="2.21" speed="31.50" length="5.50" nVehEntered="38"/>
   <interval begin="600.00" end="900.00" id="detector15_3" nVehContrib="30" flow="360.00" occupancy="1.75" speed="31.50" length="5.50" nVehEntered="30"/>
   <interval begin="600.00" end="900.00" id="detector15_4" nVehContrib="0" flow="0.00" occupancy="0.00" speed="-1.00" length="-1.00" nVehEntered="0"/>
   <interval begin="600.00" end="900.00" id="detector16_0" nVehContrib="159" flow="1908.00" occupancy="9.26" speed="31.49" length="5.50" nVehEntered="159"/>
   <interval begin="600.00" end="900.00" id="detector16_1" nVehContrib="116" flow="1392.00" occupancy="6.75" speed="31.49" length="5.50" nVehEntered="116"/>
   <interval begin="600.00" end="900.00" id="detector16_2" nVehContrib="47" flow="564.00" occupancy="2.74" speed="31.50" length="5.50" nVehEntered="47"/>
   <interval begin="600.00" end="900.00" id="detector16_3" nVehContrib="33" flow="396.00" occupancy="1.91" speed="31.85" length="5.50" nVehEntered="33"/>
   <interval begin="600.00" end="900.00" id="detector16_4" nVehContrib="2" flow="24.00" occupancy="0.12" speed="31.50" length="5.50" nVehEntered="3"/>
   <interval begin="600.00" end="900.00" id="detector17_0" nVehContrib="160" flow="1920.00" occupancy="9.31" speed="31.50" length="5.50" nVehEntered="160"/>
   <interval begin="600.00" end="900.00" id="detector17_1" nVehContrib="0" flow="0.00" occupancy="0.00" speed="-1.00" length="-1.00" nVehEntered="0"/>
   <interval begin="600.00" end="900.00" id="detector17_2" nVehContrib="113" flow="1356.00" occupancy="6.62" speed="31.50" length="5.50" nVehEntered="113"/>
   <interval begin="600.00" end="900.00" id="detector17_3" nVehContrib="46" flow="552.00" occupancy="2.68" speed="31.50" length="5.50" nVehEntered="46"/>
   <interval begin="600.00" end="900.00" id="detector17_4" nVehContrib="33" flow="396.00" occupancy="1.92" speed="31.50" length="5.50" nVehEntered="33"/>
   <interval begin="600.00" end="900.00" id="detector17_5" nVehContrib="1" flow="12.00" occupancy="0.06" speed="31.50" length="5.50" nVehEntered="1"/>
   <interval begin="600.00" end="900.00" id="detector18_0" nVehContrib="163" flow="1956.00" occupancy="9.60" speed="31.12" length="5.50" nVehEntered="163"/>
   <interval begin="600.00" end="900.00" id="detector18_1" nVehContrib="100" flow="1200.00" occupancy="5.82" speed="31.50" length="5.50" nVehEntered="100"/>
   <interval begin="600.00" end="900.00" id="detector18_2" nVehContrib="43" flow="516.00" occupancy="2.50" speed="31.50" length="5.50" nVehEntered="43"/>
   <interval begin="600.00" end="900.00" id="detector18_3" nVehContrib="30" flow="360.00" occupancy="1.75" speed="31.50" length="5.50" nVehEntered="30"/>
   <interval begin="600.00" end="900.00" id="detector18_4" nVehContrib="3" flow="36.00" occupancy="0.17" speed="31.50" length="5.50" nVehEntered="3"/>
   <interval begin="900.00" end="1200.00" id="detector1_0" nVehContrib="57" flow="684.00" occupancy="3.32" speed="31.50" length="5.50" nVehEntered="57"/>
   <interval begin="900.00" end="1200.00" id="detector1_1" nVehContrib="57" flow="684.00" occupancy="3.33" speed="31.39" length="5.50" nVehEntered="57"/>
   <interval begin="900.00" end="1200.00" id="detector1_2" nVehContrib="57" flow="684.00" occupancy="3.32" speed="31.50" length="5.50" nVehEntered="57"/>
   <interval begin="900.00" end="1200.00" id="detector1_3" nVehContrib="57" flow="684.00" occupancy="3.32" speed="31.50" length="5.50" nVehEntered="57"/>
   <interval begin="900.00" end="1200.00" id="detector2_0" nVehContrib="66" flow="792.00" occupancy="3.84" speed="31.50" length="5.50" nVehEntered="66"/>
   <interval begin="900.00" end="1200.00" id="detector2_1" nVehContrib="56" flow="672.00" occupancy="3.26" speed="31.50" length="5.50" nVehEntered="66"/>
   <interval begin="900.00" end="1200.00" id="detector2_2" nVehContrib="57" flow="684.00" occupancy="3.32" speed="31.50" length="5.50" nVehEntered="66"/>
   <interval begin="900.00" end="1200.00" id="detector2_3" nVehContrib="47" flow="564.00" occupancy="2.74" speed="31.50" length="5.50" nVehEntered="56"/>
   <interval begin="900.00" end="1200.00" id="detector3_0" nVehContrib="89" flow="1068.00" occupancy="5.29" speed="30.93" length="5.50" nVehEntered="89"/>
   <interval begin="900.00" end="1200.00" id="detector3_1" nVehContrib="55" flow="660.00" occupancy="3.20" speed="31.50" length="5.50" nVehEntered="55"/>
   <interval begin="900.00" end="1200.00" id="detector3_2" nVehContrib="55" flow="660.00" occupancy="3.20" speed="31.50" length="5.50" nVehEntered="55"/>
   <interval begin="900.00" end="1200.00" id="detector3_3" nVehContrib="47" flow="564.00" occupancy="2.74" speed="31.50" length="5.50" nVehEntered="47"/>
   <interval begin="900.00" end="1200.00" id="detector4_0" nVehContrib="97" flow="1164.00" occupancy="5.65" speed="31.48" length="5.50" nVehEntered="98"/>
   <interval begin="900.00" end="1200.00" id="detector4_1" nVehContrib="1" flow="12.00" occupancy="0.06" speed="31.50" length="5.50" nVehEntered="1"/>
   <interval begin="900.00" end="1200.00" id="detector4_2" nVehContrib="61" flow="732.00" occupancy="3.55" speed="31.50" length="5.50" nVehEntered="61"/>
   <interval begin="900.00" end="1200.00" id="detector4_3" nVehContrib="53" flow="636.00" occupancy="3.08" speed="31.50" length="5.50" nVehEntered="53"/>
   <interval begin="900.00" end="1200.00" id="detector4_4" nVehContrib="47" flow="564.00" occupancy="2.74" speed="31.50" length="5.50" nVehEntered="47"/>
   <interval begin="900.00" end="1200.00" id="detector5_0" nVehContrib="102" flow="1224.00" occupancy="5.94" speed="31.50" length="5.50" nVehEntered="102"/>
   <interval begin="900.00" end="1200.00" id="detector5_1" nVehContrib="0" flow="0.00" occupancy="0.00" speed="-1.00" length="-1.00" nVehEntered="0"/>
   <interval begin="900.00" end="1200.00" id="detector5_2" nVehContrib="2" flow="24.00" occupancy="0.12" speed="31.50" length="5.50" nVehEntered="2"/>
   <interval begin="900.00" end="1200.00" id="detector5_3" nVehContrib="63" flow="756.00" occupancy="3.67" speed="31.50" length="5.50" nVehEntered="64"/>
   <interval begin="900.00" end="1200.00" id="detector5_4" nVehContrib="55" flow="660.00" occupancy="3.20" speed="31.50" length="5.50" nVehEntered="55"/>
   <interval begin="900.00" end="1200.00" id="detector5_5" nVehContrib="48" flow="576.00" occupancy="2.79" speed="31.50" length="5.50" nVehEntered="48"/>
   <interval begin="900.00" end="1200.00" id="detector6_0" nVehContrib="101" flow="1212.00" occupancy="5.88" speed="31.50" length="5.50" nVehEntered="101"/>
   <interval begin="900.00" end="1200.00" id="detector6_1" nVehContrib="7" flow="84.00" occupancy="0.41" speed="31.50" length="5.50" nVehEntered="7"/>
   <interval begin="900.00" end="1200.00" id="detector6_2" nVehContrib="57" flow="684.00" occupancy="3.32" speed="31.50" length="5.50" nVehEntered="57"/>
   <interval begin="900.00" end="1200.00" id="detector6_3" nVehContrib="51" flow="612.00" occupancy="2.97" speed="31.50" length="5.50" nVehEntered="51"/>
   <interval begin="900.00" end="1200.00" id="detector6_4" nVehContrib="50" flow="600.00" occupancy="2.91" speed="31.50" length="5.50" nVehEntered="50"/>
   <interval begin="900.00" end="1200.00" id="detector8_0" nVehContrib="115" flow="1380.00" occupancy="6.70" speed="31.47" length="5.50" nVehEntered="115"/>
   <interval begin="900.00" end="1200.00" id="detector8_1" nVehContrib="78" flow="936.00" occupancy="4.54" speed="31.50" length="5.50" nVehEntered="79"/>
   <interval begin="900.00" end="1200.00" id="detector8_2" nVehContrib="55" flow="660.00" occupancy="3.20" speed="31.50" length="5.50" nVehEntered="55"/>
   <interval begin="900.00" end="1200.00" id="detector8_3" nVehContrib="39" flow="468.00" occupancy="2.29" speed="31.30" length="5.50" nVehEntered="40"/>
   <interval begin="900.00" end="1200.00" id="detector9_0" nVehContrib="117" flow="1404.00" occupancy="6.81" speed="31.50" length="5.50" nVehEntered="117"/>
   <interval begin="900.00" end="1200.00" id="detector9_1" nVehContrib="83" flow="996.00" occupancy="4.83" speed="31.50" length="5.50" nVehEntered="83"/>
   <interval begin="900.00" end="1200.00" id="detector9_2" nVehContrib="56" flow="672.00" occupancy="3.26" speed="31.50" length="5.50" nVehEntered="57"/>
   <interval begin="900.00" end="1200.00" id="detector9_3" nVehContrib="33" flow="396.00" occupancy="1.92" speed="31.49" length="5.50" nVehEntered="33"/>
   <interval begin="900.00" end="1200.00" id="detector9_4" nVehContrib="0" flow="0.00" occupancy="0.00" speed="-1.00" length="-1.00" nVehEntered="0"/>
   <interval begin="900.00" end="1200.00" id="detector10_0" nVehContrib="143" flow="1716.00" occupancy="8.57" speed="30.65" length="5.50" nVehEntered="143"/>
   <interval begin="900.00" end="1200.00" id="detector10_1" nVehContrib="49" flow="588.00" occupancy="2.85" speed="31.48" length="5.50" nVehEntered="49"/>
   <interval begin="900.00" end="1200.00" id="detector10_2" nVehContrib="44" flow="528.00" occupancy="2.56" speed="31.50" length="5.50" nVehEntered="65"/>
   <interval begin="900.00" end="1200.00" id="detector10_3" nVehContrib="58" flow="696.00" occupancy="3.38" speed="31.50" length="5.50" nVehEntered="59"/>
   <interval begin="900.00" end="1200.00" id="detector10_4" nVehContrib="33" flow="396.00" occupancy="1.92" speed="31.50" length="5.50" nVehEntered="34"/>
   <interval begin="900.00" end="1200.00" id="detector11_0" nVehContrib="167" flow="2004.00" occupancy="10.34" speed="29.77" length="5.50" nVehEntered="169"/>
   <interval begin="900.00" end="1200.00" id="detector11_1" nVehContrib="88" flow="1056.00" occupancy="5.12" speed="31.49" length="5.50" nVehEntered="89"/>
   <interval begin="900.00" end="1200.00" id="detector11_2" nVehContrib="26" flow="312.00" occupancy="1.51" speed="31.50" length="5.50" nVehEntered="26"/>
   <interval begin="900.00" end="1200.00" id="detector11_3" nVehContrib="54" flow="648.00" occupancy="3.17" speed="31.50" length="5.50" nVehEntered="54"/>
   <interval begin="900.00" end="1200.00" id="detector11_4" nVehContrib="34" flow="408.00" occupancy="1.98" speed="31.50" length="5.50" nVehEntered="34"/>
   <interval begin="900.00" end="1200.00" id="detector12_0" nVehContrib="157" flow="1884.00" occupancy="9.18" speed="31.36" length="5.50" nVehEntered="157"/>
   <interval begin="900.00" end="1200.00" id="detector12_1" nVehContrib="1" flow="12.00" occupancy="0.06" speed="31.50" length="5.50" nVehEntered="1"/>
   <interval begin="900.00" end="1200.00" id="detector12_2" nVehContrib="98" flow="1176.00" occupancy="5.71" speed="31.49" length="5.50" nVehEntered="98"/>
   <interval begin="900.00" end="1200.00" id="detector12_3" nVehContrib="27" flow="324.00" occupancy="1.57" speed="31.50" length="5.50" nVehEntered="27"/>
   <interval begin="900.00" end="1200.00" id="detector12_4" nVehContrib="54" flow="648.00" occupancy="3.14" speed="31.50" length="5.50" nVehEntered="54"/>
   <interval begin="900.00" end="1200.00" id="detector12_5" nVehContrib="36" flow="432.00" occupancy="2.10" speed="31.50" length="5.50" nVehEntered="36"/>
   <interval begin="900.00" end="1200.00" id="detector13_0" nVehContrib="140" flow="1680.00" occupancy="8.15" speed="31.49" length="5.50" nVehEntered="142"/>
   <interval begin="900.00" end="1200.00" id="detector13_1" nVehContrib="93" flow="1116.00" occupancy="5.41" speed="31.50" length="5.50" nVehEntered="93"/>
   <interval begin="900.00" end="1200.00" id="detector13_2" nVehContrib="31" flow="372.00" occupancy="1.80" speed="31.50" length="5.50" nVehEntered="32"/>
   <interval begin="900.00" end="1200.00" id="detector13_3" nVehContrib="41" flow="492.00" occupancy="2.39" speed="31.50" length="5.50" nVehEntered="46"/>
   <interval begin="900.00" end="1200.00" id="detector13_4" nVehContrib="31" flow="372.00" occupancy="1.80" speed="31.50" length="5.50" nVehEntered="31"/>
   <interval begin="900.00" end="1200.00" id="detector14_0" nVehContrib="164" flow="1968.00" occupancy="9.66" speed="31.14" length="5.50" nVehEntered="191"/>
   <interval begin="900.00" end="1200.00" id="detector14_1" nVehContrib="116" flow="1392.00" occupancy="6.76" speed="31.47" length="5.50" nVehEntered="116"/>
   <interval begin="900.00" end="1200.00" id="detector14_2" nVehContrib="30" flow="360.00" occupancy="1.75" speed="31.48" length="5.50" nVehEntered="31"/>
   <interval begin="900.00" end="1200.00" id="detector14_3" nVehContrib="42" flow="504.00" occupancy="2.44" speed="31.50" length="5.50" nVehEntered="43"/>
   <interval begin="900.00" end="1200.00" id="detector14_4" nVehContrib="32" flow="384.00" occupancy="1.86" speed="31.50" length="5.50" nVehEntered="33"/>
   <interval begin="900.00" end="1200.00" id="detector15_0" nVehContrib="161" flow="1932.00" occupancy="9.39" speed="31.45" length="5.50" nVehEntered="161"/>
   <interval begin="900.00" end="1200.00" id="detector15_1" nVehContrib="137" flow="1644.00" occupancy="8.64" speed="29.45" length="5.50" nVehEntered="142"/>
   <interval begin="900.00" end="1200.00" id="detector15_2" nVehContrib="46" flow="552.00" occupancy="2.68" speed="31.52" length="5.50" nVehEntered="46"/>
   <interval begin="900.00" end="1200.00" id="detector15_3" nVehContrib="33" flow="396.00" occupancy="1.92" speed="31.50" length="5.50" nVehEntered="33"/>
   <interval begin="900.00" end="1200.00" id="detector15_4" nVehContrib="0" flow="0.00" occupancy="0.00" speed="-1.00" length="-1.00" nVehEntered="0"/>
   <interval begin="900.00" end="1200.00" id="detector16_0" nVehContrib="159" flow="1908.00" occupancy="9.26" speed="31.49" length="5.50" nVehEntered="159"/>
   <interval begin="900.00" end="1200.00" id="detector16_1" nVehContrib="124" flow="1488.00" occupancy="7.23" speed="31.44" length="5.50" nVehEntered="124"/>
   <interval begin="900.00" end="1200.00" id="detector16_2" nVehContrib="63" flow="756.00" occupancy="3.65" speed="31.67" length="5.50" nVehEntered="63"/>
   <interval begin="900.00" end="1200.00" id="detector16_3" nVehContrib="31" flow="372.00" occupancy="1.79" speed="31.88" length="5.50" nVehEntered="32"/>
   <interval begin="900.00" end="1200.00" id="detector16_4" nVehContrib="2" flow="24.00" occupancy="0.12" speed="31.50" length="5.50" nVehEntered="3"/>
   <interval begin="900.00" end="1200.00" id="detector17_0" nVehContrib="159" flow="1908.00" occupancy="9.25" speed="31.50" length="5.50" nVehEntered="159"/>
   <interval begin="900.00" end="1200.00" id="detector17_1" nVehContrib="0" flow="0.00" occupancy="0.00" speed="-1.00" length="-1.00" nVehEntered="0"/>
   <interval begin="900.00" end="1200.00" id="detector17_2" nVehContrib="124" flow="1488.00" occupancy="7.18" speed="31.49" length="5.50" nVehEntered="124"/>
   <interval begin="900.00" end="1200.00" id="detector17_3" nVehContrib="65" flow="780.00" occupancy="3.78" speed="31.49" length="5.50" nVehEntered="65"/>
   <interval begin="900.00" end="1200.00" id="detector17_4" nVehContrib="31" flow="372.00" occupancy="1.80" speed="31.50" length="5.50" nVehEntered="32"/>
   <interval begin="900.00" end="1200.00" id="detector17_5" nVehContrib="2" flow="24.00" occupancy="0.12" speed="31.50" length="5.50" nVehEntered="2"/>
   <interval begin="900.00" end="1200.00" id="detector18_0" nVehContrib="164" flow="1968.00" occupancy="9.62" speed="31.26" length="5.50" nVehEntered="164"/>
   <interval begin="900.00" end="1200.00" id="detector18_1" nVehContrib="109" flow="1308.00" occupancy="6.35" speed="31.49" length="5.50" nVehEntered="109"/>
   <interval begin="900.00" end="1200.00" id="detector18_2" nVehContrib="55" flow="660.00" occupancy="3.20" speed="31.50" length="5.50" nVehEntered="55"/>
   <interval begin="900.00" end="1200.00" id="detector18_3" nVehContrib="31" flow="372.00" occupancy="1.81" speed="31.40" length="5.50" nVehEntered="31"/>
   <interval begin="900.00" end="1200.00" id="detector18_4" nVehContrib="2" flow="24.00" occupancy="0.12" speed="31.50" length="5.50" nVehEntered="2"/>
   <interval begin="1200.00" end="1500.00" id="detector1_0" nVehContrib="66" flow="792.00" occupancy="3.86" speed="31.36" length="5.50" nVehEntered="66"/>
   <interval begin="1200.00" end="1500.00" id="detector1_1" nVehContrib="66" flow="792.00" occupancy="3.87" speed="31.32" length="5.50" nVehEntered="66"/>
   <interval begin="1200.00" end="1500.00" id="detector1_2" nVehContrib="65" flow="780.00" occupancy="3.81" speed="31.31" length="5.50" nVehEntered="65"/>
   <interval begin="1200.00" end="1500.00" id="detector1_3" nVehContrib="65" flow="780.00" occupancy="3.79" speed="31.45" length="5.50" nVehEntered="65"/>
   <interval begin="1200.00" end="1500.00" id="detector2_0" nVehContrib="69" flow="828.00" occupancy="4.02" speed="31.50" length="5.50" nVehEntered="69"/>
   <interval begin="1200.00" end="1500.00" id="detector2_1" nVehContrib="65" flow="780.00" occupancy="3.78" speed="31.50" length="5.50" nVehEntered="72"/>
   <interval begin="1200.00" end="1500.00" id="detector2_2" nVehContrib="58" flow="696.00" occupancy="3.38" speed="31.50" length="5.50" nVehEntered="68"/>
   <interval begin="1200.00" end="1500.00" id="detector2_3" nVehContrib="57" flow="684.00" occupancy="3.32" speed="31.50" length="5.50" nVehEntered="63"/>
   <interval begin="1200.00" end="1500.00" id="detector3_0" nVehContrib="94" flow="1128.00" occupancy="5.58" speed="30.95" length="5.50" nVehEntered="94"/>
   <interval begin="1200.00" end="1500.00" id="detector3_1" nVehContrib="69" flow="828.00" occupancy="4.02" speed="31.50" length="5.50" nVehEntered="69"/>
   <interval begin="1200.00" end="1500.00" id="detector3_2" nVehContrib="59" flow="708.00" occupancy="3.43" speed="31.50" length="5.50" nVehEntered="59"/>
   <interval begin="1200.00" end="1500.00" id="detector3_3" nVehContrib="57" flow="684.00" occupancy="3.32" speed="31.50" length="5.50" nVehEntered="57"/>
   <interval begin="1200.00" end="1500.00" id="detector4_0" nVehContrib="92" flow="1104.00" occupancy="5.36" speed="31.49" length="5.50" nVehEntered="93"/>
   <interval begin="1200.00" end="1500.00" id="detector4_1" nVehContrib="1" flow="12.00" occupancy="0.06" speed="31.50" length="5.50" nVehEntered="1"/>
   <interval begin="1200.00" end="1500.00" id="detector4_2" nVehContrib="71" flow="852.00" occupancy="4.13" speed="31.50" length="5.50" nVehEntered="71"/>
   <interval begin="1200.00" end="1500.00" id="detector4_3" nVehContrib="58" flow="696.00" occupancy="3.38" speed="31.50" length="5.50" nVehEntered="58"/>
   <interval begin="1200.00" end="1500.00" id="detector4_4" nVehContrib="57" flow="684.00" occupancy="3.32" speed="31.50" length="5.50" nVehEntered="57"/>
   <interval begin="1200.00" end="1500.00" id="detector5_0" nVehContrib="92" flow="1104.00" occupancy="5.35" speed="31.50" length="5.50" nVehEntered="92"/>
   <interval begin="1200.00" end="1500.00" id="detector5_1" nVehContrib="0" flow="0.00" occupancy="0.00" speed="-1.00" length="-1.00" nVehEntered="0"/>
   <interval begin="1200.00" end="1500.00" id="detector5_2" nVehContrib="1" flow="12.00" occupancy="0.06" speed="31.50" length="5.50" nVehEntered="1"/>
   <interval begin="1200.00" end="1500.00" id="detector5_3" nVehContrib="72" flow="864.00" occupancy="4.19" speed="31.50" length="5.50" nVehEntered="72"/>
   <interval begin="1200.00" end="1500.00" id="detector5_4" nVehContrib="57" flow="684.00" occupancy="3.32" speed="31.50" length="5.50" nVehEntered="59"/>
   <interval begin="1200.00" end="1500.00" id="detector5_5" nVehContrib="57" flow="684.00" occupancy="3.32" speed="31.50" length="5.50" nVehEntered="57"/>
   <interval begin="1200.00" end="1500.00" id="detector6_0" nVehContrib="94" flow="1128.00" occupancy="5.47" speed="31.50" length="5.50" nVehEntered="94"/>
   <interval begin="1200.00" end="1500.00" id="detector6_1" nVehContrib="8" flow="96.00" occupancy="0.47" speed="31.50" length="5.50" nVehEntered="8"/>
   <interval begin="1200.00" end="1500.00" id="detector6_2" nVehContrib="69" flow="828.00" occupancy="4.02" speed="31.50" length="5.50" nVehEntered="69"/>
   <interval begin="1200.00" end="1500.00" id="detector6_3" nVehContrib="59" flow="708.00" occupancy="3.43" speed="31.50" length="5.50" nVehEntered="59"/>
   <interval begin="1200.00" end="1500.00" id="detector6_4" nVehContrib="57" flow="684.00" occupancy="3.32" speed="31.50" length="5.50" nVehEntered="57"/>
   <interval begin="1200.00" end="1500.00" id="detector8_0" nVehContrib="106" flow="1272.00" occupancy="6.17" speed="31.50" length="5.50" nVehEntered="106"/>
   <interval begin="1200.00" end="1500.00" id="detector8_1" nVehContrib="77" flow="924.00" occupancy="4.48" speed="31.49" length="5.50" nVehEntered="78"/>
   <interval begin="1200.00" end="1500.00" id="detector8_2" nVehContrib="58" flow="696.00" occupancy="3.39" speed="31.38" length="5.50" nVehEntered="60"/>
   <interval begin="1200.00" end="1500.00" id="detector8_3" nVehContrib="34" flow="408.00" occupancy="1.98" speed="31.50" length="5.50" nVehEntered="37"/>
   <interval begin="1200.00" end="1500.00" id="detector9_0" nVehContrib="108" flow="1296.00" occupancy="6.29" speed="31.48" length="5.50" nVehEntered="108"/>
   <interval begin="1200.00" end="1500.00" id="detector9_1" nVehContrib="81" flow="972.00" occupancy="4.71" speed="31.50" length="5.50" nVehEntered="81"/>
   <interval begin="1200.00" end="1500.00" id="detector9_2" nVehContrib="51" flow="612.00" occupancy="2.97" speed="31.50" length="5.50" nVehEntered="51"/>
   <interval begin="1200.00" end="1500.00" id="detector9_3" nVehContrib="30" flow="360.00" occupancy="1.75" speed="31.50" length="5.50" nVehEntered="30"/>
   <interval begin="1200.00" end="1500.00" id="detector9_4" nVehContrib="0" flow="0.00" occupancy="0.00" speed="-1.00" length="-1.00" nVehEntered="0"/>
   <interval begin="1200.00" end="1500.00" id="detector10_0" nVehContrib="125" flow="1500.00" occupancy="7.43" speed="30.91" length="5.50" nVehEntered="126"/>
   <interval begin="1200.00" end="1500.00" id="detector10_1" nVehContrib="56" flow="672.00" occupancy="3.26" speed="31.50" length="5.50" nVehEntered="56"/>
   <interval begin="1200.00" end="1500.00" id="detector10_2" nVehContrib="33" flow="396.00" occupancy="1.93" speed="31.34" length="5.50" nVehEntered="47"/>
   <interval begin="1200.00" end="1500.00" id="detector10_3" nVehContrib="52" flow="624.00" occupancy="3.03" speed="31.45" length="5.50" nVehEntered="53"/>
   <interval begin="1200.00" end="1500.00" id="detector10_4" nVehContrib="27" flow="324.00" occupancy="1.57" speed="31.50" length="5.50" nVehEntered="28"/>
   <interval begin="1200.00" end="1500.00" id="detector11_0" nVehContrib="144" flow="1728.00" occupancy="8.80" speed="30.14" length="5.50" nVehEntered="145"/>
   <interval begin="1200.00" end="1500.00" id="detector11_1" nVehContrib="78" flow="936.00" occupancy="4.57" speed="31.49" length="5.50" nVehEntered="79"/>
   <interval begin="1200.00" end="1500.00" id="detector11_2" nVehContrib="16" flow="192.00" occupancy="0.93" speed="31.49" length="5.50" nVehEntered="16"/>
   <interval begin="1200.00" end="1500.00" id="detector11_3" nVehContrib="52" flow="624.00" occupancy="3.00" speed="31.50" length="5.50" nVehEntered="52"/>
   <interval begin="1200.00" end="1500.00" id="detector11_4" nVehContrib="22" flow="264.00" occupancy="1.28" speed="31.50" length="5.50" nVehEntered="22"/>
   <interval begin="1200.00" end="1500.00" id="detector12_0" nVehContrib="133" flow="1596.00" occupancy="7.76" speed="31.43" length="5.50" nVehEntered="133"/>
   <interval begin="1200.00" end="1500.00" id="detector12_1" nVehContrib="2" flow="24.00" occupancy="0.12" speed="31.50" length="5.50" nVehEntered="2"/>
   <interval begin="1200.00" end="1500.00" id="detector12_2" nVehContrib="90" flow="1080.00" occupancy="5.24" speed="31.49" length="5.50" nVehEntered="91"/>
   <interval begin="1200.00" end="1500.00" id="detector12_3" nVehContrib="16" flow="192.00" occupancy="0.93" speed="31.50" length="5.50" nVehEntered="16"/>
   <interval begin="1200.00" end="1500.00" id="detector12_4" nVehContrib="51" flow="612.00" occupancy="2.97" speed="31.50" length="5.50" nVehEntered="51"/>
   <interval begin="1200.00" end="1500.00" id="detector12_5" nVehContrib="21" flow="252.00" occupancy="1.22" speed="31.50" length="5.50" nVehEntered="21"/>
   <interval begin="1200.00" end="1500.00" id="detector13_0" nVehContrib="134" flow="1608.00" occupancy="7.81" speed="31.47" length="5.50" nVehEntered="134"/>
   <interval begin="1200.00" end="1500.00" id="detector13_1" nVehContrib="90" flow="1080.00" occupancy="5.24" speed="31.50" length="5.50" nVehEntered="90"/>
   <interval begin="1200.00" end="1500.00" id="detector13_2" nVehContrib="18" flow="216.00" occupancy="1.05" speed="31.50" length="5.50" nVehEntered="19"/>
   <interval begin="1200.00" end="1500.00" id="detector13_3" nVehContrib="45" flow="540.00" occupancy="2.62" speed="31.50" length="5.50" nVehEntered="49"/>
   <interval begin="1200.00" end="1500.00" id="detector13_4" nVehContrib="19" flow="228.00" occupancy="1.11" speed="31.50" length="5.50" nVehEntered="19"/>
   <interval begin="1200.00" end="1500.00" id="detector14_0" nVehContrib="164" flow="1968.00" occupancy="9.66" speed="31.12" length="5.50" nVehEntered="186"/>
   <interval begin="1200.00" end="1500.00" id="detector14_1" nVehContrib="113" flow="1356.00" occupancy="6.58" speed="31.49" length="5.50" nVehEntered="114"/>
   <interval begin="1200.00" end="1500.00" id="detector14_2" nVehContrib="23" flow="276.00" occupancy="1.34" speed="31.50" length="5.50" nVehEntered="24"/>
   <interval begin="1200.00" end="1500.00" id="detector14_3" nVehContrib="40" flow="480.00" occupancy="2.33" speed="31.50" length="5.50" nVehEntered="40"/>
   <interval begin="1200.00" end="1500.00" id="detector14_4" nVehContrib="17" flow="204.00" occupancy="0.99" speed="31.50" length="5.50" nVehEntered="17"/>
   <interval begin="1200.00" end="1500.00" id="detector15_0" nVehContrib="164" flow="1968.00" occupancy="9.56" speed="31.46" length="5.50" nVehEntered="164"/>
   <interval begin="1200.00" end="1500.00" id="detector15_1" nVehContrib="136" flow="1632.00" occupancy="8.49" speed="29.71" length="5.50" nVehEntered="138"/>
   <interval begin="1200.00" end="1500.00" id="detector15_2" nVehContrib="47" flow="564.00" occupancy="2.74" speed="31.50" length="5.50" nVehEntered="47"/>
   <interval begin="1200.00" end="1500.00" id="detector15_3" nVehContrib="18" flow="216.00" occupancy="1.05" speed="31.50" length="5.50" nVehEntered="18"/>
   <interval begin="1200.00" end="1500.00" id="detector15_4" nVehContrib="0" flow="0.00" occupancy="0.00" speed="-1.00" length="-1.00" nVehEntered="0"/>
   <interval begin="1200.00" end="1500.00" id="detector16_0" nVehContrib="165" flow="1980.00" occupancy="9.61" speed="31.48" length="5.50" nVehEntered="165"/>
   <interval begin="1200.00" end="1500.00" id="detector16_1" nVehContrib="123" flow="1476.00" occupancy="7.17" speed="31.47" length="5.50" nVehEntered="123"/>
   <interval begin="1200.00" end="1500.00" id="detector16_2" nVehContrib="57" flow="684.00" occupancy="3.37" speed="31.50" length="5.50" nVehEntered="57"/>
   <interval begin="1200.00" end="1500.00" id="detector16_3" nVehContrib="19" flow="228.00" occupancy="1.11" speed="31.50" length="5.50" nVehEntered="19"/>
   <interval begin="1200.00" end="1500.00" id="detector16_4" nVehContrib="1" flow="12.00" occupancy="0.06" speed="31.50" length="5.50" nVehEntered="1"/>
   <interval begin="1200.00" end="1500.00" id="detector17_0" nVehContrib="164" flow="1968.00" occupancy="9.55" speed="31.50" length="5.50" nVehEntered="164"/>
   <interval begin="1200.00" end="1500.00" id="detector17_1" nVehContrib="1" flow="12.00" occupancy="0.06" speed="31.50" length="5.50" nVehEntered="1"/>
   <interval begin="1200.00" end="1500.00" id="detector17_2" nVehContrib="121" flow="1452.00" occupancy="7.09" speed="31.49" length="5.50" nVehEntered="122"/>
   <interval begin="1200.00" end="1500.00" id="detector17_3" nVehContrib="59" flow="708.00" occupancy="3.45" speed="31.50" length="5.50" nVehEntered="59"/>
   <interval begin="1200.00" end="1500.00" id="detector17_4" nVehContrib="18" flow="216.00" occupancy="1.05" speed="31.50" length="5.50" nVehEntered="18"/>
   <interval begin="1200.00" end="1500.00" id="detector17_5" nVehContrib="1" flow="12.00" occupancy="0.06" speed="31.50" length="5.50" nVehEntered="1"/>
   <interval begin="1200.00" end="1500.00" id="detector18_0" nVehContrib="168" flow="2016.00" occupancy="9.88" speed="31.19" length="5.50" nVehEntered="168"/>
   <interval begin="1200.00" end="1500.00" id="detector18_1" nVehContrib="95" flow="1140.00" occupancy="5.54" speed="31.50" length="5.50" nVehEntered="95"/>
   <interval begin="1200.00" end="1500.00" id="detector18_2" nVehContrib="55" flow="660.00" occupancy="3.20" speed="31.50" length="5.50" nVehEntered="55"/>
   <interval begin="1200.00" end="1500.00" id="detector18_3" nVehContrib="21" flow="252.00" occupancy="1.22" speed="31.50" length="5.50" nVehEntered="21"/>
   <interval begin="1200.00" end="1500.00" id="detector18_4" nVehContrib="5" flow="60.00" occupancy="0.29" speed="31.50" length="5.50" nVehEntered="5"/>
   <interval begin="1500.00" end="1800.00" id="detector1_0" nVehContrib="64" flow="768.00" occupancy="3.73" speed="31.43" length="5.50" nVehEntered="64"/>
   <interval begin="1500.00" end="1800.00" id="detector1_1" nVehContrib="63" flow="756.00" occupancy="3.68" speed="31.38" length="5.50" nVehEntered="63"/>
   <interval begin="1500.00" end="1800.00" id="detector1_2" nVehContrib="64" flow="768.00" occupancy="3.74" speed="31.36" length="5.50" nVehEntered="64"/>
   <interval begin="1500.00" end="1800.00" id="detector1_3" nVehContrib="64" flow="768.00" occupancy="3.74" speed="31.36" length="5.50" nVehEntered="64"/>
   <interval begin="1500.00" end="1800.00" id="detector2_0" nVehContrib="80" flow="960.00" occupancy="4.66" speed="31.50" length="5.50" nVehEntered="80"/>
   <interval begin="1500.00" end="1800.00" id="detector2_1" nVehContrib="68" flow="816.00" occupancy="3.96" speed="31.50" length="5.50" nVehEntered="81"/>
   <interval begin="1500.00" end="1800.00" id="detector2_2" nVehContrib="61" flow="732.00" occupancy="3.55" speed="31.50" length="5.50" nVehEntered="75"/>
   <interval begin="1500.00" end="1800.00" id="detector2_3" nVehContrib="58" flow="696.00" occupancy="3.38" speed="31.50" length="5.50" nVehEntered="66"/>
   <interval begin="1500.00" end="1800.00" id="detector3_0" nVehContrib="98" flow="1176.00" occupancy="5.86" speed="30.76" length="5.50" nVehEntered="99"/>
   <interval begin="1500.00" end="1800.00" id="detector3_1" nVehContrib="66" flow="792.00" occupancy="3.84" speed="31.50" length="5.50" nVehEntered="66"/>
   <interval begin="1500.00" end="1800.00" id="detector3_2" nVehContrib="59" flow="708.00" occupancy="3.43" speed="31.50" length="5.50" nVehEntered="59"/>
   <interval begin="1500.00" end="1800.00" id="detector3_3" nVehContrib="57" flow="684.00" occupancy="3.32" speed="31.50" length="5.50" nVehEntered="57"/>
   <interval begin="1500.00" end="1800.00" id="detector4_0" nVehContrib="96" flow="1152.00" occupancy="5.59" speed="31.47" length="5.50" nVehEntered="96"/>
   <interval begin="1500.00" end="1800.00" id="detector4_1" nVehContrib="1" flow="12.00" occupancy="0.06" speed="31.50" length="5.50" nVehEntered="1"/>
   <interval begin="1500.00" end="1800.00" id="detector4_2" nVehContrib="74" flow="888.00" occupancy="4.31" speed="31.50" length="5.50" nVehEntered="74"/>
   <interval begin="1500.00" end="1800.00" id="detector4_3" nVehContrib="61" flow="732.00" occupancy="3.55" speed="31.50" length="5.50" nVehEntered="61"/>
   <interval begin="1500.00" end="1800.00" id="detector4_4" nVehContrib="59" flow="708.00" occupancy="3.43" speed="31.50" length="5.50" nVehEntered="59"/>
   <interval begin="1500.00" end="1800.00" id="detector5_0" nVehContrib="93" flow="1116.00" occupancy="5.41" speed="31.50" length="5.50" nVehEntered="93"/>
   <interval begin="1500.00" end="1800.00" id="detector5_1" nVehContrib="0" flow="0.00" occupancy="0.00" speed="-1.00" length="-1.00" nVehEntered="0"/>
   <interval begin="1500.00" end="1800.00" id="detector5_2" nVehContrib="2" flow="24.00" occupancy="0.12" speed="31.50" length="5.50" nVehEntered="2"/>
   <interval begin="1500.00" end="1800.00" id="detector5_3" nVehContrib="71" flow="852.00" occupancy="4.13" speed="31.50" length="5.50" nVehEntered="72"/>
   <interval begin="1500.00" end="1800.00" id="detector5_4" nVehContrib="57" flow="684.00" occupancy="3.32" speed="31.50" length="5.50" nVehEntered="57"/>
   <interval begin="1500.00" end="1800.00" id="detector5_5" nVehContrib="57" flow="684.00" occupancy="3.32" speed="31.50" length="5.50" nVehEntered="57"/>
   <interval begin="1500.00" end="1800.00" id="detector6_0" nVehContrib="93" flow="1116.00" occupancy="5.41" speed="31.50" length="5.50" nVehEntered="93"/>
   <interval begin="1500.00" end="1800.00" id="detector6_1" nVehContrib="6" flow="72.00" occupancy="0.35" speed="31.50" length="5.50" nVehEntered="6"/>
   <interval begin="1500.00" end="1800.00" id="detector6_2" nVehContrib="64" flow="768.00" occupancy="3.72" speed="31.50" length="5.50" nVehEntered="64"/>
   <interval begin="1500.00" end="1800.00" id="detector6_3" nVehContrib="58" flow="696.00" occupancy="3.38" speed="31.50" length="5.50" nVehEntered="58"/>
   <interval begin="1500.00" end="1800.00" id="detector6_4" nVehContrib="57" flow="684.00" occupancy="3.32" speed="31.50" length="5.50" nVehEntered="57"/>
   <interval begin="1500.00" end="1800.00" id="detector8_0" nVehContrib="112" flow="1344.00" occupancy="6.53" speed="31.45" length="5.50" nVehEntered="112"/>
   <interval begin="1500.00" end="1800.00" id="detector8_1" nVehContrib="78" flow="936.00" occupancy="4.54" speed="31.49" length="5.50" nVehEntered="79"/>
   <interval begin="1500.00" end="1800.00" id="detector8_2" nVehContrib="51" flow="612.00" occupancy="2.98" speed="31.43" length="5.50" nVehEntered="52"/>
   <interval begin="1500.00" end="1800.00" id="detector8_3" nVehContrib="43" flow="516.00" occupancy="2.50" speed="31.50" length="5.50" nVehEntered="43"/>
   <interval begin="1500.00" end="1800.00" id="detector9_0" nVehContrib="113" flow="1356.00" occupancy="6.58" speed="31.48" length="5.50" nVehEntered="113"/>
   <interval begin="1500.00" end="1800.00" id="detector9_1" nVehContrib="81" flow="972.00" occupancy="4.71" speed="31.50" length="5.50" nVehEntered="81"/>
   <interval begin="1500.00" end="1800.00" id="detector9_2" nVehContrib="59" flow="708.00" occupancy="3.43" speed="31.50" length="5.50" nVehEntered="59"/>
   <interval begin="1500.00" end="1800.00" id="detector9_3" nVehContrib="36" flow="432.00" occupancy="2.10" speed="31.50" length="5.50" nVehEntered="38"/>
   <interval begin="1500.00" end="1800.00" id="detector9_4" nVehContrib="0" flow="0.00" occupancy="0.00" speed="-1.00" length="-1.00" nVehEntered="0"/>
   <interval begin="1500.00" end="1800.00" id="detector10_0" nVehContrib="136" flow="1632.00" occupancy="8.11" speed="30.80" length="5.50" nVehEntered="136"/>
   <interval begin="1500.00" end="1800.00" id="detector10_1" nVehContrib="54" flow="648.00" occupancy="3.14" speed="31.50" length="5.50" nVehEntered="54"/>
   <interval begin="1500.00" end="1800.00" id="detector10_2" nVehContrib="38" flow="456.00" occupancy="2.22" speed="31.42" length="5.50" nVehEntered="60"/>
   <interval begin="1500.00" end="1800.00" id="detector10_3" nVehContrib="56" flow="672.00" occupancy="3.26" speed="31.45" length="5.50" nVehEntered="58"/>
   <interval begin="1500.00" end="1800.00" id="detector10_4" nVehContrib="34" flow="408.00" occupancy="1.98" speed="31.50" length="5.50" nVehEntered="36"/>
   <interval begin="1500.00" end="1800.00" id="detector11_0" nVehContrib="152" flow="1824.00" occupancy="9.40" speed="29.95" length="5.50" nVehEntered="152"/>
   <interval begin="1500.00" end="1800.00" id="detector11_1" nVehContrib="86" flow="1032.00" occupancy="4.97" speed="31.50" length="5.50" nVehEntered="87"/>
   <interval begin="1500.00" end="1800.00" id="detector11_2" nVehContrib="21" flow="252.00" occupancy="1.22" speed="31.50" length="5.50" nVehEntered="21"/>
   <interval begin="1500.00" end="1800.00" id="detector11_3" nVehContrib="55" flow="660.00" occupancy="3.20" speed="31.50" length="5.50" nVehEntered="55"/>
   <interval begin="1500.00" end="1800.00" id="detector11_4" nVehContrib="34" flow="408.00" occupancy="1.98" speed="31.50" length="5.50" nVehEntered="34"/>
   <interval begin="1500.00" end="1800.00" id="detector12_0" nVehContrib="144" flow="1728.00" occupancy="8.41" speed="31.38" length="5.50" nVehEntered="146"/>
   <interval begin="1500.00" end="1800.00" id="detector12_1" nVehContrib="2" flow="24.00" occupancy="0.12" speed="31.50" length="5.50" nVehEntered="2"/>
   <interval begin="1500.00" end="1800.00" id="detector12_2" nVehContrib="99" flow="1188.00" occupancy="5.76" speed="31.50" length="5.50" nVehEntered="99"/>
   <interval begin="1500.00" end="1800.00" id="detector12_3" nVehContrib="21" flow="252.00" occupancy="1.22" speed="31.50" length="5.50" nVehEntered="21"/>
   <interval begin="1500.00" end="1800.00" id="detector12_4" nVehContrib="53" flow="636.00" occupancy="3.08" speed="31.50" length="5.50" nVehEntered="54"/>
   <interval begin="1500.00" end="1800.00" id="detector12_5" nVehContrib="34" flow="408.00" occupancy="1.98" speed="31.50" length="5.50" nVehEntered="34"/>
   <interval begin="1500.00" end="1800.00" id="detector13_0" nVehContrib="144" flow="1728.00" occupancy="8.38" speed="31.49" length="5.50" nVehEntered="145"/>
   <interval begin="1500.00" end="1800.00" id="detector13_1" nVehContrib="97" flow="1164.00" occupancy="5.65" speed="31.50" length="5.50" nVehEntered="97"/>
   <interval begin="1500.00" end="1800.00" id="detector13_2" nVehContrib="27" flow="324.00" occupancy="1.54" speed="32.86" length="5.50" nVehEntered="28"/>
   <interval begin="1500.00" end="1800.00" id="detector13_3" nVehContrib="43" flow="516.00" occupancy="2.50" speed="31.50" length="5.50" nVehEntered="45"/>
   <interval begin="1500.00" end="1800.00" id="detector13_4" nVehContrib="30" flow="360.00" occupancy="1.75" speed="31.50" length="5.50" nVehEntered="30"/>
   <interval begin="1500.00" end="1800.00" id="detector14_0" nVehContrib="157" flow="1884.00" occupancy="9.22" speed="31.23" length="5.50" nVehEntered="184"/>
   <interval begin="1500.00" end="1800.00" id="detector14_1" nVehContrib="124" flow="1488.00" occupancy="7.28" speed="31.47" length="5.50" nVehEntered="125"/>
   <interval begin="1500.00" end="1800.00" id="detector14_2" nVehContrib="25" flow="300.00" occupancy="1.46" speed="31.50" length="5.50" nVehEntered="26"/>
   <interval begin="1500.00" end="1800.00" id="detector14_3" nVehContrib="46" flow="552.00" occupancy="2.68" speed="31.50" length="5.50" nVehEntered="47"/>
   <interval begin="1500.00" end="1800.00" id="detector14_4" nVehContrib="28" flow="336.00" occupancy="1.63" speed="31.50" length="5.50" nVehEntered="29"/>
   <interval begin="1500.00" end="1800.00" id="detector15_0" nVehContrib="156" flow="1872.00" occupancy="9.09" speed="31.48" length="5.50" nVehEntered="156"/>
   <interval begin="1500.00" end="1800.00" id="detector15_1" nVehContrib="144" flow="1728.00" occupancy="8.82" speed="30.15" length="5.50" nVehEntered="150"/>
   <interval begin="1500.00" end="1800.00" id="detector15_2" nVehContrib="47" flow="564.00" occupancy="2.74" speed="31.48" length="5.50" nVehEntered="47"/>
   <interval begin="1500.00" end="1800.00" id="detector15_3" nVehContrib="24" flow="288.00" occupancy="1.40" speed="31.50" length="5.50" nVehEntered="24"/>
   <interval begin="1500.00" end="1800.00" id="detector15_4" nVehContrib="0" flow="0.00" occupancy="0.00" speed="-1.00" length="-1.00" nVehEntered="0"/>
   <interval begin="1500.00" end="1800.00" id="detector16_0" nVehContrib="157" flow="1884.00" occupancy="9.14" speed="31.50" length="5.50" nVehEntered="157"/>
   <interval begin="1500.00" end="1800.00" id="detector16_1" nVehContrib="129" flow="1548.00" occupancy="7.52" speed="31.46" length="5.50" nVehEntered="129"/>
   <interval begin="1500.00" end="1800.00" id="detector16_2" nVehContrib="63" flow="756.00" occupancy="3.62" speed="31.45" length="5.50" nVehEntered="63"/>
   <interval begin="1500.00" end="1800.00" id="detector16_3" nVehContrib="26" flow="312.00" occupancy="1.53" speed="31.15" length="5.50" nVehEntered="26"/>
   <interval begin="1500.00" end="1800.00" id="detector16_4" nVehContrib="4" flow="48.00" occupancy="0.23" speed="31.50" length="5.50" nVehEntered="4"/>
   <interval begin="1500.00" end="1800.00" id="detector17_0" nVehContrib="157" flow="1884.00" occupancy="9.14" speed="31.50" length="5.50" nVehEntered="157"/>
   <interval begin="1500.00" end="1800.00" id="detector17_1" nVehContrib="1" flow="12.00" occupancy="0.06" speed="31.50" length="5.50" nVehEntered="1"/>
   <interval begin="1500.00" end="1800.00" id="detector17_2" nVehContrib="127" flow="1524.00" occupancy="7.35" speed="31.49" length="5.50" nVehEntered="128"/>
   <interval begin="1500.00" end="1800.00" id="detector17_3" nVehContrib="64" flow="768.00" occupancy="3.72" speed="31.48" length="5.50" nVehEntered="65"/>
   <interval begin="1500.00" end="1800.00" id="detector17_4" nVehContrib="24" flow="288.00" occupancy="1.40" speed="31.34" length="5.50" nVehEntered="25"/>
   <interval begin="1500.00" end="1800.00" id="detector17_5" nVehContrib="4" flow="48.00" occupancy="0.23" speed="31.50" length="5.50" nVehEntered="4"/>
   <interval begin="1500.00" end="1800.00" id="detector18_0" nVehContrib="168" flow="2016.00" occupancy="9.87" speed="31.21" length="5.50" nVehEntered="168"/>
   <interval begin="1500.00" end="1800.00" id="detector18_1" nVehContrib="113" flow="1356.00" occupancy="6.57" speed="31.49" length="5.50" nVehEntered="113"/>
   <interval begin="1500.00" end="1800.00" id="detector18_2" nVehContrib="59" flow="708.00" occupancy="3.43" speed="31.50" length="5.50" nVehEntered="59"/>
   <interval begin="1500.00" end="1800.00" id="detector18_3" nVehContrib="26" flow="312.00" occupancy="1.52" speed="31.34" length="5.50" nVehEntered="26"/>
   <interval begin="1500.00" end="1800.00" id="detector18_4" nVehContrib="3" flow="36.00" occupancy="0.17" speed="31.50" length="5.50" nVehEntered="3"/>
</detector>
