<?xml version="1.0"?>

<!-- generated on 03/12/13 18:17:40 by SUMO sumo Version 0.13.0
<?xml version="1.0" encoding="iso-8859-1"?>

<configuration xmlns:xsi="http://www.w3.org/2001/XMLSchema-instance" xsi:noNamespaceSchemaLocation="http://sumo.sf.net/xsd/sumoConfiguration.xsd">

    <input>
        <net-file value="prob.net.xml"/>
        <route-files value="output.rou.xml"/>
        <additional-files value="detectors.add.xml"/>
    </input>

    <output>
        <netstate-dump value="netstate.xml"/>
        <summary-output value="summary.xml"/>
    </output>

    <time>
        <begin value="0"/>
        <end value="1800"/>
    </time>

    <gui_only>
        <gui-settings-file value=""/>
    </gui_only>

</configuration>
-->

<detector>
   <interval begin="0.00" end="300.00" id="detector1_0" nVehContrib="44" flow="528.00" occupancy="2.56" speed="31.50" length="5.50" nVehEntered="44"/>
   <interval begin="0.00" end="300.00" id="detector1_1" nVehContrib="45" flow="540.00" occupancy="2.63" speed="31.43" length="5.50" nVehEntered="45"/>
   <interval begin="0.00" end="300.00" id="detector1_2" nVehContrib="45" flow="540.00" occupancy="2.62" speed="31.50" length="5.50" nVehEntered="45"/>
   <interval begin="0.00" end="300.00" id="detector1_3" nVehContrib="44" flow="528.00" occupancy="2.56" speed="31.50" length="5.50" nVehEntered="44"/>
   <interval begin="0.00" end="300.00" id="detector2_0" nVehContrib="45" flow="540.00" occupancy="2.62" speed="31.50" length="5.50" nVehEntered="45"/>
   <interval begin="0.00" end="300.00" id="detector2_1" nVehContrib="38" flow="456.00" occupancy="2.21" speed="31.50" length="5.50" nVehEntered="44"/>
   <interval begin="0.00" end="300.00" id="detector2_2" nVehContrib="38" flow="456.00" occupancy="2.21" speed="31.50" length="5.50" nVehEntered="43"/>
   <interval begin="0.00" end="300.00" id="detector2_3" nVehContrib="34" flow="408.00" occupancy="1.98" speed="31.50" length="5.50" nVehEntered="38"/>
   <interval begin="0.00" end="300.00" id="detector3_0" nVehContrib="60" flow="720.00" occupancy="3.56" speed="31.00" length="5.50" nVehEntered="60"/>
   <interval begin="0.00" end="300.00" id="detector3_1" nVehContrib="36" flow="432.00" occupancy="2.10" speed="31.50" length="5.50" nVehEntered="36"/>
   <interval begin="0.00" end="300.00" id="detector3_2" nVehContrib="37" flow="444.00" occupancy="2.15" speed="31.50" length="5.50" nVehEntered="37"/>
   <interval begin="0.00" end="300.00" id="detector3_3" nVehContrib="33" flow="396.00" occupancy="1.92" speed="31.50" length="5.50" nVehEntered="33"/>
   <interval begin="0.00" end="300.00" id="detector4_0" nVehContrib="55" flow="660.00" occupancy="3.20" speed="31.47" length="5.50" nVehEntered="55"/>
   <interval begin="0.00" end="300.00" id="detector4_1" nVehContrib="0" flow="0.00" occupancy="0.00" speed="-1.00" length="-1.00" nVehEntered="0"/>
   <interval begin="0.00" end="300.00" id="detector4_2" nVehContrib="35" flow="420.00" occupancy="2.04" speed="31.50" length="5.50" nVehEntered="35"/>
   <interval begin="0.00" end="300.00" id="detector4_3" nVehContrib="34" flow="408.00" occupancy="1.98" speed="31.50" length="5.50" nVehEntered="34"/>
   <interval begin="0.00" end="300.00" id="detector4_4" nVehContrib="30" flow="360.00" occupancy="1.75" speed="31.50" length="5.50" nVehEntered="30"/>
   <interval begin="0.00" end="300.00" id="detector5_0" nVehContrib="48" flow="576.00" occupancy="2.79" speed="31.50" length="5.50" nVehEntered="48"/>
   <interval begin="0.00" end="300.00" id="detector5_1" nVehContrib="0" flow="0.00" occupancy="0.00" speed="-1.00" length="-1.00" nVehEntered="0"/>
   <interval begin="0.00" end="300.00" id="detector5_2" nVehContrib="1" flow="12.00" occupancy="0.06" speed="31.50" length="5.50" nVehEntered="1"/>
   <interval begin="0.00" end="300.00" id="detector5_3" nVehContrib="33" flow="396.00" occupancy="1.92" speed="31.50" length="5.50" nVehEntered="33"/>
   <interval begin="0.00" end="300.00" id="detector5_4" nVehContrib="30" flow="360.00" occupancy="1.75" speed="31.50" length="5.50" nVehEntered="30"/>
   <interval begin="0.00" end="300.00" id="detector5_5" nVehContrib="25" flow="300.00" occupancy="1.46" speed="31.50" length="5.50" nVehEntered="25"/>
   <interval begin="0.00" end="300.00" id="detector6_0" nVehContrib="47" flow="564.00" occupancy="2.74" speed="31.50" length="5.50" nVehEntered="47"/>
   <interval begin="0.00" end="300.00" id="detector6_1" nVehContrib="2" flow="24.00" occupancy="0.12" speed="31.50" length="5.50" nVehEntered="2"/>
   <interval begin="0.00" end="300.00" id="detector6_2" nVehContrib="30" flow="360.00" occupancy="1.75" speed="31.50" length="5.50" nVehEntered="30"/>
   <interval begin="0.00" end="300.00" id="detector6_3" nVehContrib="29" flow="348.00" occupancy="1.69" speed="31.50" length="5.50" nVehEntered="29"/>
   <interval begin="0.00" end="300.00" id="detector6_4" nVehContrib="24" flow="288.00" occupancy="1.40" speed="31.50" length="5.50" nVehEntered="24"/>
   <interval begin="0.00" end="300.00" id="detector8_0" nVehContrib="44" flow="528.00" occupancy="2.56" speed="31.48" length="5.50" nVehEntered="44"/>
   <interval begin="0.00" end="300.00" id="detector8_1" nVehContrib="30" flow="360.00" occupancy="1.75" speed="31.49" length="5.50" nVehEntered="31"/>
   <interval begin="0.00" end="300.00" id="detector8_2" nVehContrib="13" flow="156.00" occupancy="0.76" speed="31.50" length="5.50" nVehEntered="16"/>
   <interval begin="0.00" end="300.00" id="detector8_3" nVehContrib="9" flow="108.00" occupancy="0.52" speed="31.50" length="5.50" nVehEntered="9"/>
   <interval begin="0.00" end="300.00" id="detector9_0" nVehContrib="43" flow="516.00" occupancy="2.51" speed="31.46" length="5.50" nVehEntered="43"/>
   <interval begin="0.00" end="300.00" id="detector9_1" nVehContrib="31" flow="372.00" occupancy="1.81" speed="31.48" length="5.50" nVehEntered="32"/>
   <interval begin="0.00" end="300.00" id="detector9_2" nVehContrib="9" flow="108.00" occupancy="0.52" speed="31.50" length="5.50" nVehEntered="9"/>
   <interval begin="0.00" end="300.00" id="detector9_3" nVehContrib="7" flow="84.00" occupancy="0.41" speed="31.50" length="5.50" nVehEntered="7"/>
   <interval begin="0.00" end="300.00" id="detector9_4" nVehContrib="0" flow="0.00" occupancy="0.00" speed="-1.00" length="-1.00" nVehEntered="0"/>
   <interval begin="0.00" end="300.00" id="detector10_0" nVehContrib="56" flow="672.00" occupancy="3.29" speed="31.20" length="5.50" nVehEntered="56"/>
   <interval begin="0.00" end="300.00" id="detector10_1" nVehContrib="11" flow="132.00" occupancy="0.64" speed="31.50" length="5.50" nVehEntered="11"/>
   <interval begin="0.00" end="300.00" id="detector10_2" nVehContrib="17" flow="204.00" occupancy="0.99" speed="31.50" length="5.50" nVehEntered="19"/>
   <interval begin="0.00" end="300.00" id="detector10_3" nVehContrib="8" flow="96.00" occupancy="0.47" speed="31.50" length="5.50" nVehEntered="8"/>
   <interval begin="0.00" end="300.00" id="detector10_4" nVehContrib="2" flow="24.00" occupancy="0.12" speed="31.50" length="5.50" nVehEntered="2"/>
   <interval begin="0.00" end="300.00" id="detector11_0" nVehContrib="61" flow="732.00" occupancy="3.59" speed="31.21" length="5.50" nVehEntered="61"/>
   <interval begin="0.00" end="300.00" id="detector11_1" nVehContrib="18" flow="216.00" occupancy="1.05" speed="31.50" length="5.50" nVehEntered="18"/>
   <interval begin="0.00" end="300.00" id="detector11_2" nVehContrib="7" flow="84.00" occupancy="0.41" speed="31.50" length="5.50" nVehEntered="7"/>
   <interval begin="0.00" end="300.00" id="detector11_3" nVehContrib="5" flow="60.00" occupancy="0.29" speed="31.50" length="5.50" nVehEntered="5"/>
   <interval begin="0.00" end="300.00" id="detector11_4" nVehContrib="2" flow="24.00" occupancy="0.12" speed="31.50" length="5.50" nVehEntered="2"/>
   <interval begin="0.00" end="300.00" id="detector12_0" nVehContrib="54" flow="648.00" occupancy="3.14" speed="31.49" length="5.50" nVehEntered="54"/>
   <interval begin="0.00" end="300.00" id="detector12_1" nVehContrib="0" flow="0.00" occupancy="0.00" speed="-1.00" length="-1.00" nVehEntered="0"/>
   <interval begin="0.00" end="300.00" id="detector12_2" nVehContrib="17" flow="204.00" occupancy="0.99" speed="31.50" length="5.50" nVehEntered="17"/>
   <interval begin="0.00" end="300.00" id="detector12_3" nVehContrib="8" flow="96.00" occupancy="0.47" speed="31.50" length="5.50" nVehEntered="8"/>
   <interval begin="0.00" end="300.00" id="detector12_4" nVehContrib="4" flow="48.00" occupancy="0.23" speed="31.50" length="5.50" nVehEntered="4"/>
   <interval begin="0.00" end="300.00" id="detector12_5" nVehContrib="2" flow="24.00" occupancy="0.12" speed="31.50" length="5.50" nVehEntered="2"/>
   <interval begin="0.00" end="300.00" id="detector13_0" nVehContrib="42" flow="504.00" occupancy="2.49" speed="31.50" length="5.50" nVehEntered="42"/>
   <interval begin="0.00" end="300.00" id="detector13_1" nVehContrib="14" flow="168.00" occupancy="0.81" speed="31.50" length="5.50" nVehEntered="14"/>
   <interval begin="0.00" end="300.00" id="detector13_2" nVehContrib="3" flow="36.00" occupancy="0.17" speed="31.50" length="5.50" nVehEntered="4"/>
   <interval begin="0.00" end="300.00" id="detector13_3" nVehContrib="4" flow="48.00" occupancy="0.23" speed="31.50" length="5.50" nVehEntered="4"/>
   <interval begin="0.00" end="300.00" id="detector13_4" nVehContrib="2" flow="24.00" occupancy="0.12" speed="31.50" length="5.50" nVehEntered="2"/>
   <interval begin="0.00" end="300.00" id="detector14_0" nVehContrib="65" flow="780.00" occupancy="3.79" speed="31.47" length="5.50" nVehEntered="71"/>
   <interval begin="0.00" end="300.00" id="detector14_1" nVehContrib="13" flow="156.00" occupancy="0.76" speed="31.50" length="5.50" nVehEntered="13"/>
   <interval begin="0.00" end="300.00" id="detector14_2" nVehContrib="1" flow="12.00" occupancy="0.06" speed="31.50" length="5.50" nVehEntered="1"/>
   <interval begin="0.00" end="300.00" id="detector14_3" nVehContrib="0" flow="0.00" occupancy="0.00" speed="-1.00" length="-1.00" nVehEntered="0"/>
   <interval begin="0.00" end="300.00" id="detector14_4" nVehContrib="0" flow="0.00" occupancy="0.00" speed="-1.00" length="-1.00" nVehEntered="0"/>
   <interval begin="0.00" end="300.00" id="detector15_0" nVehContrib="58" flow="696.00" occupancy="3.38" speed="31.50" length="5.50" nVehEntered="58"/>
   <interval begin="0.00" end="300.00" id="detector15_1" nVehContrib="7" flow="84.00" occupancy="0.46" speed="31.50" length="5.50" nVehEntered="7"/>
   <interval begin="0.00" end="300.00" id="detector15_2" nVehContrib="0" flow="0.00" occupancy="0.00" speed="-1.00" length="-1.00" nVehEntered="0"/>
   <interval begin="0.00" end="300.00" id="detector15_3" nVehContrib="0" flow="0.00" occupancy="0.00" speed="-1.00" length="-1.00" nVehEntered="0"/>
   <interval begin="0.00" end="300.00" id="detector15_4" nVehContrib="0" flow="0.00" occupancy="0.00" speed="-1.00" length="-1.00" nVehEntered="0"/>
   <interval begin="0.00" end="300.00" id="detector16_0" nVehContrib="53" flow="636.00" occupancy="3.08" speed="31.50" length="5.50" nVehEntered="53"/>
   <interval begin="0.00" end="300.00" id="detector16_1" nVehContrib="7" flow="84.00" occupancy="0.41" speed="31.50" length="5.50" nVehEntered="7"/>
   <interval begin="0.00" end="300.00" id="detector16_2" nVehContrib="0" flow="0.00" occupancy="0.00" speed="-1.00" length="-1.00" nVehEntered="0"/>
   <interval begin="0.00" end="300.00" id="detector16_3" nVehContrib="0" flow="0.00" occupancy="0.00" speed="-1.00" length="-1.00" nVehEntered="0"/>
   <interval begin="0.00" end="300.00" id="detector16_4" nVehContrib="0" flow="0.00" occupancy="0.00" speed="-1.00" length="-1.00" nVehEntered="0"/>
   <interval begin="0.00" end="300.00" id="detector17_0" nVehContrib="50" flow="600.00" occupancy="2.96" speed="31.50" length="5.50" nVehEntered="50"/>
   <interval begin="0.00" end="300.00" id="detector17_1" nVehContrib="0" flow="0.00" occupancy="0.00" speed="-1.00" length="-1.00" nVehEntered="0"/>
   <interval begin="0.00" end="300.00" id="detector17_2" nVehContrib="7" flow="84.00" occupancy="0.41" speed="31.50" length="5.50" nVehEntered="7"/>
   <interval begin="0.00" end="300.00" id="detector17_3" nVehContrib="0" flow="0.00" occupancy="0.00" speed="-1.00" length="-1.00" nVehEntered="0"/>
   <interval begin="0.00" end="300.00" id="detector17_4" nVehContrib="0" flow="0.00" occupancy="0.00" speed="-1.00" length="-1.00" nVehEntered="0"/>
   <interval begin="0.00" end="300.00" id="detector17_5" nVehContrib="0" flow="0.00" occupancy="0.00" speed="-1.00" length="-1.00" nVehEntered="0"/>
   <interval begin="0.00" end="300.00" id="detector18_0" nVehContrib="44" flow="528.00" occupancy="2.56" speed="31.49" length="5.50" nVehEntered="44"/>
   <interval begin="0.00" end="300.00" id="detector18_1" nVehContrib="4" flow="48.00" occupancy="0.23" speed="31.50" length="5.50" nVehEntered="4"/>
   <interval begin="0.00" end="300.00" id="detector18_2" nVehContrib="0" flow="0.00" occupancy="0.00" speed="-1.00" length="-1.00" nVehEntered="0"/>
   <interval begin="0.00" end="300.00" id="detector18_3" nVehContrib="0" flow="0.00" occupancy="0.00" speed="-1.00" length="-1.00" nVehEntered="0"/>
   <interval begin="0.00" end="300.00" id="detector18_4" nVehContrib="0" flow="0.00" occupancy="0.00" speed="-1.00" length="-1.00" nVehEntered="0"/>
   <interval begin="300.00" end="600.00" id="detector1_0" nVehContrib="44" flow="528.00" occupancy="2.57" speed="31.43" length="5.50" nVehEntered="44"/>
   <interval begin="300.00" end="600.00" id="detector1_1" nVehContrib="44" flow="528.00" occupancy="2.56" speed="31.50" length="5.50" nVehEntered="44"/>
   <interval begin="300.00" end="600.00" id="detector1_2" nVehContrib="43" flow="516.00" occupancy="2.50" speed="31.50" length="5.50" nVehEntered="43"/>
   <interval begin="300.00" end="600.00" id="detector1_3" nVehContrib="43" flow="516.00" occupancy="2.51" speed="31.43" length="5.50" nVehEntered="43"/>
   <interval begin="300.00" end="600.00" id="detector2_0" nVehContrib="51" flow="612.00" occupancy="2.97" speed="31.50" length="5.50" nVehEntered="51"/>
   <interval begin="300.00" end="600.00" id="detector2_1" nVehContrib="44" flow="528.00" occupancy="2.56" speed="31.50" length="5.50" nVehEntered="51"/>
   <interval begin="300.00" end="600.00" id="detector2_2" nVehContrib="41" flow="492.00" occupancy="2.39" speed="31.50" length="5.50" nVehEntered="47"/>
   <interval begin="300.00" end="600.00" id="detector2_3" nVehContrib="41" flow="492.00" occupancy="2.39" speed="31.50" length="5.50" nVehEntered="44"/>
   <interval begin="300.00" end="600.00" id="detector3_0" nVehContrib="66" flow="792.00" occupancy="3.92" speed="30.96" length="5.50" nVehEntered="66"/>
   <interval begin="300.00" end="600.00" id="detector3_1" nVehContrib="45" flow="540.00" occupancy="2.62" speed="31.50" length="5.50" nVehEntered="45"/>
   <interval begin="300.00" end="600.00" id="detector3_2" nVehContrib="41" flow="492.00" occupancy="2.39" speed="31.50" length="5.50" nVehEntered="41"/>
   <interval begin="300.00" end="600.00" id="detector3_3" nVehContrib="41" flow="492.00" occupancy="2.39" speed="31.50" length="5.50" nVehEntered="41"/>
   <interval begin="300.00" end="600.00" id="detector4_0" nVehContrib="65" flow="780.00" occupancy="3.78" speed="31.49" length="5.50" nVehEntered="65"/>
   <interval begin="300.00" end="600.00" id="detector4_1" nVehContrib="0" flow="0.00" occupancy="0.00" speed="-1.00" length="-1.00" nVehEntered="0"/>
   <interval begin="300.00" end="600.00" id="detector4_2" nVehContrib="49" flow="588.00" occupancy="2.85" speed="31.50" length="5.50" nVehEntered="49"/>
   <interval begin="300.00" end="600.00" id="detector4_3" nVehContrib="42" flow="504.00" occupancy="2.44" speed="31.50" length="5.50" nVehEntered="42"/>
   <interval begin="300.00" end="600.00" id="detector4_4" nVehContrib="41" flow="492.00" occupancy="2.39" speed="31.50" length="5.50" nVehEntered="41"/>
   <interval begin="300.00" end="600.00" id="detector5_0" nVehContrib="66" flow="792.00" occupancy="3.84" speed="31.50" length="5.50" nVehEntered="66"/>
   <interval begin="300.00" end="600.00" id="detector5_1" nVehContrib="0" flow="0.00" occupancy="0.00" speed="-1.00" length="-1.00" nVehEntered="0"/>
   <interval begin="300.00" end="600.00" id="detector5_2" nVehContrib="2" flow="24.00" occupancy="0.12" speed="31.50" length="5.50" nVehEntered="2"/>
   <interval begin="300.00" end="600.00" id="detector5_3" nVehContrib="46" flow="552.00" occupancy="2.68" speed="31.50" length="5.50" nVehEntered="48"/>
   <interval begin="300.00" end="600.00" id="detector5_4" nVehContrib="42" flow="504.00" occupancy="2.44" speed="31.50" length="5.50" nVehEntered="43"/>
   <interval begin="300.00" end="600.00" id="detector5_5" nVehContrib="41" flow="492.00" occupancy="2.39" speed="31.50" length="5.50" nVehEntered="41"/>
   <interval begin="300.00" end="600.00" id="detector6_0" nVehContrib="66" flow="792.00" occupancy="3.84" speed="31.50" length="5.50" nVehEntered="66"/>
   <interval begin="300.00" end="600.00" id="detector6_1" nVehContrib="3" flow="36.00" occupancy="0.17" speed="31.50" length="5.50" nVehEntered="3"/>
   <interval begin="300.00" end="600.00" id="detector6_2" nVehContrib="46" flow="552.00" occupancy="2.68" speed="31.50" length="5.50" nVehEntered="46"/>
   <interval begin="300.00" end="600.00" id="detector6_3" nVehContrib="42" flow="504.00" occupancy="2.44" speed="31.50" length="5.50" nVehEntered="42"/>
   <interval begin="300.00" end="600.00" id="detector6_4" nVehContrib="41" flow="492.00" occupancy="2.39" speed="31.50" length="5.50" nVehEntered="41"/>
   <interval begin="300.00" end="600.00" id="detector8_0" nVehContrib="85" flow="1020.00" occupancy="4.95" speed="31.49" length="5.50" nVehEntered="85"/>
   <interval begin="300.00" end="600.00" id="detector8_1" nVehContrib="54" flow="648.00" occupancy="3.14" speed="31.49" length="5.50" nVehEntered="56"/>
   <interval begin="300.00" end="600.00" id="detector8_2" nVehContrib="41" flow="492.00" occupancy="2.39" speed="31.50" length="5.50" nVehEntered="41"/>
   <interval begin="300.00" end="600.00" id="detector8_3" nVehContrib="23" flow="276.00" occupancy="1.34" speed="31.50" length="5.50" nVehEntered="23"/>
   <interval begin="300.00" end="600.00" id="detector9_0" nVehContrib="90" flow="1080.00" occupancy="5.24" speed="31.50" length="5.50" nVehEntered="90"/>
   <interval begin="300.00" end="600.00" id="detector9_1" nVehContrib="59" flow="708.00" occupancy="3.43" speed="31.50" length="5.50" nVehEntered="59"/>
   <interval begin="300.00" end="600.00" id="detector9_2" nVehContrib="35" flow="420.00" occupancy="2.04" speed="31.50" length="5.50" nVehEntered="35"/>
   <interval begin="300.00" end="600.00" id="detector9_3" nVehContrib="19" flow="228.00" occupancy="1.11" speed="31.50" length="5.50" nVehEntered="20"/>
   <interval begin="300.00" end="600.00" id="detector9_4" nVehContrib="0" flow="0.00" occupancy="0.00" speed="-1.00" length="-1.00" nVehEntered="0"/>
   <interval begin="300.00" end="600.00" id="detector10_0" nVehContrib="101" flow="1212.00" occupancy="5.99" speed="30.96" length="5.50" nVehEntered="101"/>
   <interval begin="300.00" end="600.00" id="detector10_1" nVehContrib="24" flow="288.00" occupancy="1.40" speed="31.50" length="5.50" nVehEntered="24"/>
   <interval begin="300.00" end="600.00" id="detector10_2" nVehContrib="38" flow="456.00" occupancy="2.21" speed="31.50" length="5.50" nVehEntered="53"/>
   <interval begin="300.00" end="600.00" id="detector10_3" nVehContrib="36" flow="432.00" occupancy="2.10" speed="31.50" length="5.50" nVehEntered="36"/>
   <interval begin="300.00" end="600.00" id="detector10_4" nVehContrib="18" flow="216.00" occupancy="1.05" speed="31.50" length="5.50" nVehEntered="18"/>
   <interval begin="300.00" end="600.00" id="detector11_0" nVehContrib="113" flow="1356.00" occupancy="6.70" speed="31.00" length="5.50" nVehEntered="114"/>
   <interval begin="300.00" end="600.00" id="detector11_1" nVehContrib="55" flow="660.00" occupancy="3.20" speed="31.50" length="5.50" nVehEntered="55"/>
   <interval begin="300.00" end="600.00" id="detector11_2" nVehContrib="25" flow="300.00" occupancy="1.46" speed="31.50" length="5.50" nVehEntered="25"/>
   <interval begin="300.00" end="600.00" id="detector11_3" nVehContrib="37" flow="444.00" occupancy="2.15" speed="31.50" length="5.50" nVehEntered="37"/>
   <interval begin="300.00" end="600.00" id="detector11_4" nVehContrib="17" flow="204.00" occupancy="0.99" speed="31.50" length="5.50" nVehEntered="17"/>
   <interval begin="300.00" end="600.00" id="detector12_0" nVehContrib="114" flow="1368.00" occupancy="6.70" speed="31.45" length="5.50" nVehEntered="114"/>
   <interval begin="300.00" end="600.00" id="detector12_1" nVehContrib="1" flow="12.00" occupancy="0.06" speed="31.50" length="5.50" nVehEntered="1"/>
   <interval begin="300.00" end="600.00" id="detector12_2" nVehContrib="63" flow="756.00" occupancy="3.67" speed="31.49" length="5.50" nVehEntered="63"/>
   <interval begin="300.00" end="600.00" id="detector12_3" nVehContrib="22" flow="264.00" occupancy="1.28" speed="31.50" length="5.50" nVehEntered="22"/>
   <interval begin="300.00" end="600.00" id="detector12_4" nVehContrib="36" flow="432.00" occupancy="2.10" speed="31.50" length="5.50" nVehEntered="36"/>
   <interval begin="300.00" end="600.00" id="detector12_5" nVehContrib="17" flow="204.00" occupancy="0.99" speed="31.50" length="5.50" nVehEntered="17"/>
   <interval begin="300.00" end="600.00" id="detector13_0" nVehContrib="103" flow="1236.00" occupancy="5.95" speed="31.50" length="5.50" nVehEntered="106"/>
   <interval begin="300.00" end="600.00" id="detector13_1" nVehContrib="59" flow="708.00" occupancy="3.43" speed="31.50" length="5.50" nVehEntered="59"/>
   <interval begin="300.00" end="600.00" id="detector13_2" nVehContrib="19" flow="228.00" occupancy="1.11" speed="31.50" length="5.50" nVehEntered="21"/>
   <interval begin="300.00" end="600.00" id="detector13_3" nVehContrib="25" flow="300.00" occupancy="1.46" speed="31.50" length="5.50" nVehEntered="29"/>
   <interval begin="300.00" end="600.00" id="detector13_4" nVehContrib="11" flow="132.00" occupancy="0.64" speed="31.50" length="5.50" nVehEntered="11"/>
   <interval begin="300.00" end="600.00" id="detector14_0" nVehContrib="129" flow="1548.00" occupancy="7.53" speed="31.40" length="5.50" nVehEntered="138"/>
   <interval begin="300.00" end="600.00" id="detector14_1" nVehContrib="68" flow="816.00" occupancy="3.96" speed="31.49" length="5.50" nVehEntered="68"/>
   <interval begin="300.00" end="600.00" id="detector14_2" nVehContrib="21" flow="252.00" occupancy="1.22" speed="31.50" length="5.50" nVehEntered="23"/>
   <interval begin="300.00" end="600.00" id="detector14_3" nVehContrib="27" flow="324.00" occupancy="1.57" speed="31.50" length="5.50" nVehEntered="27"/>
   <interval begin="300.00" end="600.00" id="detector14_4" nVehContrib="11" flow="132.00" occupancy="0.64" speed="31.50" length="5.50" nVehEntered="11"/>
   <interval begin="300.00" end="600.00" id="detector15_0" nVehContrib="136" flow="1632.00" occupancy="7.92" speed="31.47" length="5.50" nVehEntered="136"/>
   <interval begin="300.00" end="600.00" id="detector15_1" nVehContrib="92" flow="1104.00" occupancy="5.51" speed="30.53" length="5.50" nVehEntered="92"/>
   <interval begin="300.00" end="600.00" id="detector15_2" nVehContrib="29" flow="348.00" occupancy="1.69" speed="31.46" length="5.50" nVehEntered="29"/>
   <interval begin="300.00" end="600.00" id="detector15_3" nVehContrib="9" flow="108.00" occupancy="0.52" speed="31.50" length="5.50" nVehEntered="9"/>
   <interval begin="300.00" end="600.00" id="detector15_4" nVehContrib="0" flow="0.00" occupancy="0.00" speed="-1.00" length="-1.00" nVehEntered="0"/>
   <interval begin="300.00" end="600.00" id="detector16_0" nVehContrib="134" flow="1608.00" occupancy="7.80" speed="31.50" length="5.50" nVehEntered="134"/>
   <interval begin="300.00" end="600.00" id="detector16_1" nVehContrib="84" flow="1008.00" occupancy="4.89" speed="31.47" length="5.50" nVehEntered="84"/>
   <interval begin="300.00" end="600.00" id="detector16_2" nVehContrib="30" flow="360.00" occupancy="1.75" speed="31.50" length="5.50" nVehEntered="30"/>
   <interval begin="300.00" end="600.00" id="detector16_3" nVehContrib="8" flow="96.00" occupancy="0.47" speed="31.50" length="5.50" nVehEntered="8"/>
   <interval begin="300.00" end="600.00" id="detector16_4" nVehContrib="0" flow="0.00" occupancy="0.00" speed="-1.00" length="-1.00" nVehEntered="0"/>
   <interval begin="300.00" end="600.00" id="detector17_0" nVehContrib="134" flow="1608.00" occupancy="7.75" speed="31.50" length="5.50" nVehEntered="134"/>
   <interval begin="300.00" end="600.00" id="detector17_1" nVehContrib="0" flow="0.00" occupancy="0.00" speed="-1.00" length="-1.00" nVehEntered="0"/>
   <interval begin="300.00" end="600.00" id="detector17_2" nVehContrib="80" flow="960.00" occupancy="4.66" speed="31.50" length="5.50" nVehEntered="80"/>
   <interval begin="300.00" end="600.00" id="detector17_3" nVehContrib="28" flow="336.00" occupancy="1.63" speed="31.50" length="5.50" nVehEntered="28"/>
   <interval begin="300.00" end="600.00" id="detector17_4" nVehContrib="8" flow="96.00" occupancy="0.47" speed="31.50" length="5.50" nVehEntered="8"/>
   <interval begin="300.00" end="600.00" id="detector17_5" nVehContrib="0" flow="0.00" occupancy="0.00" speed="-1.00" length="-1.00" nVehEntered="0"/>
   <interval begin="300.00" end="600.00" id="detector18_0" nVehContrib="127" flow="1524.00" occupancy="7.41" speed="31.44" length="5.50" nVehEntered="127"/>
   <interval begin="300.00" end="600.00" id="detector18_1" nVehContrib="59" flow="708.00" occupancy="3.43" speed="31.50" length="5.50" nVehEntered="59"/>
   <interval begin="300.00" end="600.00" id="detector18_2" nVehContrib="21" flow="252.00" occupancy="1.22" speed="31.50" length="5.50" nVehEntered="21"/>
   <interval begin="300.00" end="600.00" id="detector18_3" nVehContrib="7" flow="84.00" occupancy="0.41" speed="31.50" length="5.50" nVehEntered="7"/>
   <interval begin="300.00" end="600.00" id="detector18_4" nVehContrib="1" flow="12.00" occupancy="0.06" speed="31.50" length="5.50" nVehEntered="1"/>
   <interval begin="600.00" end="900.00" id="detector1_0" nVehContrib="36" flow="432.00" occupancy="2.10" speed="31.50" length="5.50" nVehEntered="36"/>
   <interval begin="600.00" end="900.00" id="detector1_1" nVehContrib="36" flow="432.00" occupancy="2.10" speed="31.50" length="5.50" nVehEntered="36"/>
   <interval begin="600.00" end="900.00" id="detector1_2" nVehContrib="37" flow="444.00" occupancy="2.15" speed="31.50" length="5.50" nVehEntered="37"/>
   <interval begin="600.00" end="900.00" id="detector1_3" nVehContrib="37" flow="444.00" occupancy="2.15" speed="31.50" length="5.50" nVehEntered="37"/>
   <interval begin="600.00" end="900.00" id="detector2_0" nVehContrib="40" flow="480.00" occupancy="2.33" speed="31.50" length="5.50" nVehEntered="40"/>
   <interval begin="600.00" end="900.00" id="detector2_1" nVehContrib="38" flow="456.00" occupancy="2.21" speed="31.50" length="5.50" nVehEntered="41"/>
   <interval begin="600.00" end="900.00" id="detector2_2" nVehContrib="39" flow="468.00" occupancy="2.27" speed="31.50" length="5.50" nVehEntered="43"/>
   <interval begin="600.00" end="900.00" id="detector2_3" nVehContrib="33" flow="396.00" occupancy="1.92" speed="31.50" length="5.50" nVehEntered="38"/>
   <interval begin="600.00" end="900.00" id="detector3_0" nVehContrib="57" flow="684.00" occupancy="3.37" speed="31.08" length="5.50" nVehEntered="57"/>
   <interval begin="600.00" end="900.00" id="detector3_1" nVehContrib="38" flow="456.00" occupancy="2.21" speed="31.50" length="5.50" nVehEntered="38"/>
   <interval begin="600.00" end="900.00" id="detector3_2" nVehContrib="38" flow="456.00" occupancy="2.21" speed="31.50" length="5.50" nVehEntered="38"/>
   <interval begin="600.00" end="900.00" id="detector3_3" nVehContrib="32" flow="384.00" occupancy="1.86" speed="31.50" length="5.50" nVehEntered="32"/>
   <interval begin="600.00" end="900.00" id="detector4_0" nVehContrib="60" flow="720.00" occupancy="3.49" speed="31.50" length="5.50" nVehEntered="60"/>
   <interval begin="600.00" end="900.00" id="detector4_1" nVehContrib="0" flow="0.00" occupancy="0.00" speed="-1.00" length="-1.00" nVehEntered="0"/>
   <interval begin="600.00" end="900.00" id="detector4_2" nVehContrib="45" flow="540.00" occupancy="2.62" speed="31.50" length="5.50" nVehEntered="45"/>
   <interval begin="600.00" end="900.00" id="detector4_3" nVehContrib="39" flow="468.00" occupancy="2.27" speed="31.50" length="5.50" nVehEntered="39"/>
   <interval begin="600.00" end="900.00" id="detector4_4" nVehContrib="34" flow="408.00" occupancy="1.98" speed="31.50" length="5.50" nVehEntered="34"/>
   <interval begin="600.00" end="900.00" id="detector5_0" nVehContrib="62" flow="744.00" occupancy="3.61" speed="31.50" length="5.50" nVehEntered="62"/>
   <interval begin="600.00" end="900.00" id="detector5_1" nVehContrib="0" flow="0.00" occupancy="0.00" speed="-1.00" length="-1.00" nVehEntered="0"/>
   <interval begin="600.00" end="900.00" id="detector5_2" nVehContrib="0" flow="0.00" occupancy="0.00" speed="-1.00" length="-1.00" nVehEntered="0"/>
   <interval begin="600.00" end="900.00" id="detector5_3" nVehContrib="46" flow="552.00" occupancy="2.68" speed="31.50" length="5.50" nVehEntered="46"/>
   <interval begin="600.00" end="900.00" id="detector5_4" nVehContrib="40" flow="480.00" occupancy="2.33" speed="31.50" length="5.50" nVehEntered="40"/>
   <interval begin="600.00" end="900.00" id="detector5_5" nVehContrib="36" flow="432.00" occupancy="2.10" speed="31.50" length="5.50" nVehEntered="36"/>
   <interval begin="600.00" end="900.00" id="detector6_0" nVehContrib="59" flow="708.00" occupancy="3.43" speed="31.50" length="5.50" nVehEntered="59"/>
   <interval begin="600.00" end="900.00" id="detector6_1" nVehContrib="2" flow="24.00" occupancy="0.12" speed="31.50" length="5.50" nVehEntered="2"/>
   <interval begin="600.00" end="900.00" id="detector6_2" nVehContrib="44" flow="528.00" occupancy="2.56" speed="31.50" length="5.50" nVehEntered="44"/>
   <interval begin="600.00" end="900.00" id="detector6_3" nVehContrib="39" flow="468.00" occupancy="2.27" speed="31.50" length="5.50" nVehEntered="39"/>
   <interval begin="600.00" end="900.00" id="detector6_4" nVehContrib="36" flow="432.00" occupancy="2.10" speed="31.50" length="5.50" nVehEntered="36"/>
   <interval begin="600.00" end="900.00" id="detector8_0" nVehContrib="76" flow="912.00" occupancy="4.42" speed="31.50" length="5.50" nVehEntered="76"/>
   <interval begin="600.00" end="900.00" id="detector8_1" nVehContrib="49" flow="588.00" occupancy="2.85" speed="31.50" length="5.50" nVehEntered="51"/>
   <interval begin="600.00" end="900.00" id="detector8_2" nVehContrib="32" flow="384.00" occupancy="1.86" speed="31.50" length="5.50" nVehEntered="38"/>
   <interval begin="600.00" end="900.00" id="detector8_3" nVehContrib="15" flow="180.00" occupancy="0.87" speed="31.50" length="5.50" nVehEntered="16"/>
   <interval begin="600.00" end="900.00" id="detector9_0" nVehContrib="76" flow="912.00" occupancy="4.42" speed="31.50" length="5.50" nVehEntered="76"/>
   <interval begin="600.00" end="900.00" id="detector9_1" nVehContrib="54" flow="648.00" occupancy="3.14" speed="31.50" length="5.50" nVehEntered="54"/>
   <interval begin="600.00" end="900.00" id="detector9_2" nVehContrib="25" flow="300.00" occupancy="1.46" speed="31.50" length="5.50" nVehEntered="25"/>
   <interval begin="600.00" end="900.00" id="detector9_3" nVehContrib="13" flow="156.00" occupancy="0.76" speed="31.50" length="5.50" nVehEntered="13"/>
   <interval begin="600.00" end="900.00" id="detector9_4" nVehContrib="0" flow="0.00" occupancy="0.00" speed="-1.00" length="-1.00" nVehEntered="0"/>
   <interval begin="600.00" end="900.00" id="detector10_0" nVehContrib="92" flow="1104.00" occupancy="5.42" speed="31.17" length="5.50" nVehEntered="92"/>
   <interval begin="600.00" end="900.00" id="detector10_1" nVehContrib="42" flow="504.00" occupancy="2.44" speed="31.60" length="5.50" nVehEntered="42"/>
   <interval begin="600.00" end="900.00" id="detector10_2" nVehContrib="19" flow="228.00" occupancy="1.11" speed="31.50" length="5.50" nVehEntered="29"/>
   <interval begin="600.00" end="900.00" id="detector10_3" nVehContrib="30" flow="360.00" occupancy="1.75" speed="31.50" length="5.50" nVehEntered="30"/>
   <interval begin="600.00" end="900.00" id="detector10_4" nVehContrib="8" flow="96.00" occupancy="0.47" speed="31.50" length="5.50" nVehEntered="8"/>
   <interval begin="600.00" end="900.00" id="detector11_0" nVehContrib="102" flow="1224.00" occupancy="5.99" speed="31.22" length="5.50" nVehEntered="102"/>
   <interval begin="600.00" end="900.00" id="detector11_1" nVehContrib="59" flow="708.00" occupancy="3.43" speed="31.50" length="5.50" nVehEntered="61"/>
   <interval begin="600.00" end="900.00" id="detector11_2" nVehContrib="10" flow="120.00" occupancy="0.58" speed="31.50" length="5.50" nVehEntered="10"/>
   <interval begin="600.00" end="900.00" id="detector11_3" nVehContrib="27" flow="324.00" occupancy="1.57" speed="31.50" length="5.50" nVehEntered="27"/>
   <interval begin="600.00" end="900.00" id="detector11_4" nVehContrib="8" flow="96.00" occupancy="0.47" speed="31.50" length="5.50" nVehEntered="8"/>
   <interval begin="600.00" end="900.00" id="detector12_0" nVehContrib="107" flow="1284.00" occupancy="6.18" speed="31.47" length="5.50" nVehEntered="107"/>
   <interval begin="600.00" end="900.00" id="detector12_1" nVehContrib="0" flow="0.00" occupancy="0.00" speed="-1.00" length="-1.00" nVehEntered="0"/>
   <interval begin="600.00" end="900.00" id="detector12_2" nVehContrib="57" flow="684.00" occupancy="3.32" speed="31.50" length="5.50" nVehEntered="57"/>
   <interval begin="600.00" end="900.00" id="detector12_3" nVehContrib="14" flow="168.00" occupancy="0.81" speed="31.50" length="5.50" nVehEntered="14"/>
   <interval begin="600.00" end="900.00" id="detector12_4" nVehContrib="28" flow="336.00" occupancy="1.63" speed="31.50" length="5.50" nVehEntered="28"/>
   <interval begin="600.00" end="900.00" id="detector12_5" nVehContrib="8" flow="96.00" occupancy="0.47" speed="31.50" length="5.50" nVehEntered="8"/>
   <interval begin="600.00" end="900.00" id="detector13_0" nVehContrib="106" flow="1272.00" occupancy="6.17" speed="31.47" length="5.50" nVehEntered="106"/>
   <interval begin="600.00" end="900.00" id="detector13_1" nVehContrib="56" flow="672.00" occupancy="3.26" speed="31.50" length="5.50" nVehEntered="57"/>
   <interval begin="600.00" end="900.00" id="detector13_2" nVehContrib="13" flow="156.00" occupancy="0.76" speed="31.50" length="5.50" nVehEntered="15"/>
   <interval begin="600.00" end="900.00" id="detector13_3" nVehContrib="27" flow="324.00" occupancy="1.57" speed="31.50" length="5.50" nVehEntered="27"/>
   <interval begin="600.00" end="900.00" id="detector13_4" nVehContrib="12" flow="144.00" occupancy="0.70" speed="31.50" length="5.50" nVehEntered="12"/>
   <interval begin="600.00" end="900.00" id="detector14_0" nVehContrib="123" flow="1476.00" occupancy="7.18" speed="31.43" length="5.50" nVehEntered="141"/>
   <interval begin="600.00" end="900.00" id="detector14_1" nVehContrib="73" flow="876.00" occupancy="4.25" speed="31.50" length="5.50" nVehEntered="74"/>
   <interval begin="600.00" end="900.00" id="detector14_2" nVehContrib="10" flow="120.00" occupancy="0.58" speed="31.50" length="5.50" nVehEntered="13"/>
   <interval begin="600.00" end="900.00" id="detector14_3" nVehContrib="25" flow="300.00" occupancy="1.46" speed="31.50" length="5.50" nVehEntered="26"/>
   <interval begin="600.00" end="900.00" id="detector14_4" nVehContrib="12" flow="144.00" occupancy="0.70" speed="31.50" length="5.50" nVehEntered="12"/>
   <interval begin="600.00" end="900.00" id="detector15_0" nVehContrib="128" flow="1536.00" occupancy="7.45" speed="31.50" length="5.50" nVehEntered="128"/>
   <interval begin="600.00" end="900.00" id="detector15_1" nVehContrib="84" flow="1008.00" occupancy="4.97" speed="31.03" length="5.50" nVehEntered="87"/>
   <interval begin="600.00" end="900.00" id="detector15_2" nVehContrib="29" flow="348.00" occupancy="1.69" speed="31.43" length="5.50" nVehEntered="29"/>
   <interval begin="600.00" end="900.00" id="detector15_3" nVehContrib="13" flow="156.00" occupancy="0.76" speed="31.50" length="5.50" nVehEntered="13"/>
   <interval begin="600.00" end="900.00" id="detector15_4" nVehContrib="0" flow="0.00" occupancy="0.00" speed="-1.00" length="-1.00" nVehEntered="0"/>
   <interval begin="600.00" end="900.00" id="detector16_0" nVehContrib="129" flow="1548.00" occupancy="7.51" speed="31.50" length="5.50" nVehEntered="129"/>
   <interval begin="600.00" end="900.00" id="detector16_1" nVehContrib="79" flow="948.00" occupancy="4.60" speed="31.49" length="5.50" nVehEntered="79"/>
   <interval begin="600.00" end="900.00" id="detector16_2" nVehContrib="31" flow="372.00" occupancy="1.80" speed="31.50" length="5.50" nVehEntered="31"/>
   <interval begin="600.00" end="900.00" id="detector16_3" nVehContrib="13" flow="156.00" occupancy="0.76" speed="31.50" length="5.50" nVehEntered="13"/>
   <interval begin="600.00" end="900.00" id="detector16_4" nVehContrib="1" flow="12.00" occupancy="0.06" speed="31.50" length="5.50" nVehEntered="1"/>
   <interval begin="600.00" end="900.00" id="detector17_0" nVehContrib="129" flow="1548.00" occupancy="7.51" speed="31.50" length="5.50" nVehEntered="129"/>
   <interval begin="600.00" end="900.00" id="detector17_1" nVehContrib="0" flow="0.00" occupancy="0.00" speed="-1.00" length="-1.00" nVehEntered="0"/>
   <interval begin="600.00" end="900.00" id="detector17_2" nVehContrib="80" flow="960.00" occupancy="4.66" speed="31.50" length="5.50" nVehEntered="80"/>
   <interval begin="600.00" end="900.00" id="detector17_3" nVehContrib="30" flow="360.00" occupancy="1.75" speed="31.50" length="5.50" nVehEntered="30"/>
   <interval begin="600.00" end="900.00" id="detector17_4" nVehContrib="13" flow="156.00" occupancy="0.76" speed="31.50" length="5.50" nVehEntered="13"/>
   <interval begin="600.00" end="900.00" id="detector17_5" nVehContrib="1" flow="12.00" occupancy="0.06" speed="31.50" length="5.50" nVehEntered="1"/>
   <interval begin="600.00" end="900.00" id="detector18_0" nVehContrib="125" flow="1500.00" occupancy="7.29" speed="31.44" length="5.50" nVehEntered="125"/>
   <interval begin="600.00" end="900.00" id="detector18_1" nVehContrib="71" flow="852.00" occupancy="4.13" speed="31.50" length="5.50" nVehEntered="71"/>
   <interval begin="600.00" end="900.00" id="detector18_2" nVehContrib="28" flow="336.00" occupancy="1.63" speed="31.50" length="5.50" nVehEntered="28"/>
   <interval begin="600.00" end="900.00" id="detector18_3" nVehContrib="12" flow="144.00" occupancy="0.70" speed="31.50" length="5.50" nVehEntered="12"/>
   <interval begin="600.00" end="900.00" id="detector18_4" nVehContrib="2" flow="24.00" occupancy="0.12" speed="31.50" length="5.50" nVehEntered="2"/>
   <interval begin="900.00" end="1200.00" id="detector1_0" nVehContrib="40" flow="480.00" occupancy="2.33" speed="31.42" length="5.50" nVehEntered="40"/>
   <interval begin="900.00" end="1200.00" id="detector1_1" nVehContrib="39" flow="468.00" occupancy="2.28" speed="31.42" length="5.50" nVehEntered="39"/>
   <interval begin="900.00" end="1200.00" id="detector1_2" nVehContrib="39" flow="468.00" occupancy="2.27" speed="31.50" length="5.50" nVehEntered="39"/>
   <interval begin="900.00" end="1200.00" id="detector1_3" nVehContrib="39" flow="468.00" occupancy="2.27" speed="31.50" length="5.50" nVehEntered="39"/>
   <interval begin="900.00" end="1200.00" id="detector2_0" nVehContrib="44" flow="528.00" occupancy="2.56" speed="31.50" length="5.50" nVehEntered="44"/>
   <interval begin="900.00" end="1200.00" id="detector2_1" nVehContrib="40" flow="480.00" occupancy="2.33" speed="31.50" length="5.50" nVehEntered="45"/>
   <interval begin="900.00" end="1200.00" id="detector2_2" nVehContrib="38" flow="456.00" occupancy="2.21" speed="31.50" length="5.50" nVehEntered="44"/>
   <interval begin="900.00" end="1200.00" id="detector2_3" nVehContrib="34" flow="408.00" occupancy="1.98" speed="31.50" length="5.50" nVehEntered="39"/>
   <interval begin="900.00" end="1200.00" id="detector3_0" nVehContrib="59" flow="708.00" occupancy="3.47" speed="31.20" length="5.50" nVehEntered="59"/>
   <interval begin="900.00" end="1200.00" id="detector3_1" nVehContrib="41" flow="492.00" occupancy="2.39" speed="31.50" length="5.50" nVehEntered="41"/>
   <interval begin="900.00" end="1200.00" id="detector3_2" nVehContrib="39" flow="468.00" occupancy="2.27" speed="31.50" length="5.50" nVehEntered="39"/>
   <interval begin="900.00" end="1200.00" id="detector3_3" nVehContrib="35" flow="420.00" occupancy="2.04" speed="31.50" length="5.50" nVehEntered="35"/>
   <interval begin="900.00" end="1200.00" id="detector4_0" nVehContrib="60" flow="720.00" occupancy="3.49" speed="31.50" length="5.50" nVehEntered="60"/>
   <interval begin="900.00" end="1200.00" id="detector4_1" nVehContrib="0" flow="0.00" occupancy="0.00" speed="-1.00" length="-1.00" nVehEntered="0"/>
   <interval begin="900.00" end="1200.00" id="detector4_2" nVehContrib="40" flow="480.00" occupancy="2.33" speed="31.50" length="5.50" nVehEntered="40"/>
   <interval begin="900.00" end="1200.00" id="detector4_3" nVehContrib="37" flow="444.00" occupancy="2.15" speed="31.50" length="5.50" nVehEntered="37"/>
   <interval begin="900.00" end="1200.00" id="detector4_4" nVehContrib="33" flow="396.00" occupancy="1.92" speed="31.50" length="5.50" nVehEntered="33"/>
   <interval begin="900.00" end="1200.00" id="detector5_0" nVehContrib="60" flow="720.00" occupancy="3.49" speed="31.50" length="5.50" nVehEntered="60"/>
   <interval begin="900.00" end="1200.00" id="detector5_1" nVehContrib="0" flow="0.00" occupancy="0.00" speed="-1.00" length="-1.00" nVehEntered="0"/>
   <interval begin="900.00" end="1200.00" id="detector5_2" nVehContrib="0" flow="0.00" occupancy="0.00" speed="-1.00" length="-1.00" nVehEntered="0"/>
   <interval begin="900.00" end="1200.00" id="detector5_3" nVehContrib="44" flow="528.00" occupancy="2.56" speed="31.50" length="5.50" nVehEntered="44"/>
   <interval begin="900.00" end="1200.00" id="detector5_4" nVehContrib="37" flow="444.00" occupancy="2.15" speed="31.50" length="5.50" nVehEntered="37"/>
   <interval begin="900.00" end="1200.00" id="detector5_5" nVehContrib="33" flow="396.00" occupancy="1.92" speed="31.50" length="5.50" nVehEntered="33"/>
   <interval begin="900.00" end="1200.00" id="detector6_0" nVehContrib="62" flow="744.00" occupancy="3.61" speed="31.50" length="5.50" nVehEntered="62"/>
   <interval begin="900.00" end="1200.00" id="detector6_1" nVehContrib="0" flow="0.00" occupancy="0.00" speed="-1.00" length="-1.00" nVehEntered="0"/>
   <interval begin="900.00" end="1200.00" id="detector6_2" nVehContrib="43" flow="516.00" occupancy="2.50" speed="31.50" length="5.50" nVehEntered="43"/>
   <interval begin="900.00" end="1200.00" id="detector6_3" nVehContrib="39" flow="468.00" occupancy="2.27" speed="31.50" length="5.50" nVehEntered="39"/>
   <interval begin="900.00" end="1200.00" id="detector6_4" nVehContrib="33" flow="396.00" occupancy="1.92" speed="31.50" length="5.50" nVehEntered="33"/>
   <interval begin="900.00" end="1200.00" id="detector8_0" nVehContrib="82" flow="984.00" occupancy="4.77" speed="31.50" length="5.50" nVehEntered="82"/>
   <interval begin="900.00" end="1200.00" id="detector8_1" nVehContrib="51" flow="612.00" occupancy="2.97" speed="31.50" length="5.50" nVehEntered="52"/>
   <interval begin="900.00" end="1200.00" id="detector8_2" nVehContrib="32" flow="384.00" occupancy="1.86" speed="31.50" length="5.50" nVehEntered="32"/>
   <interval begin="900.00" end="1200.00" id="detector8_3" nVehContrib="16" flow="192.00" occupancy="0.93" speed="31.50" length="5.50" nVehEntered="17"/>
   <interval begin="900.00" end="1200.00" id="detector9_0" nVehContrib="88" flow="1056.00" occupancy="5.12" speed="31.50" length="5.50" nVehEntered="88"/>
   <interval begin="900.00" end="1200.00" id="detector9_1" nVehContrib="53" flow="636.00" occupancy="3.08" speed="31.50" length="5.50" nVehEntered="53"/>
   <interval begin="900.00" end="1200.00" id="detector9_2" nVehContrib="31" flow="372.00" occupancy="1.80" speed="31.50" length="5.50" nVehEntered="31"/>
   <interval begin="900.00" end="1200.00" id="detector9_3" nVehContrib="9" flow="108.00" occupancy="0.52" speed="31.50" length="5.50" nVehEntered="9"/>
   <interval begin="900.00" end="1200.00" id="detector9_4" nVehContrib="0" flow="0.00" occupancy="0.00" speed="-1.00" length="-1.00" nVehEntered="0"/>
   <interval begin="900.00" end="1200.00" id="detector10_0" nVehContrib="99" flow="1188.00" occupancy="5.89" speed="30.87" length="5.50" nVehEntered="99"/>
   <interval begin="900.00" end="1200.00" id="detector10_1" nVehContrib="39" flow="468.00" occupancy="2.27" speed="31.50" length="5.50" nVehEntered="39"/>
   <interval begin="900.00" end="1200.00" id="detector10_2" nVehContrib="21" flow="252.00" occupancy="1.22" speed="31.50" length="5.50" nVehEntered="32"/>
   <interval begin="900.00" end="1200.00" id="detector10_3" nVehContrib="28" flow="336.00" occupancy="1.63" speed="31.50" length="5.50" nVehEntered="28"/>
   <interval begin="900.00" end="1200.00" id="detector10_4" nVehContrib="6" flow="72.00" occupancy="0.35" speed="31.50" length="5.50" nVehEntered="6"/>
   <interval begin="900.00" end="1200.00" id="detector11_0" nVehContrib="107" flow="1284.00" occupancy="6.33" speed="31.05" length="5.50" nVehEntered="107"/>
   <interval begin="900.00" end="1200.00" id="detector11_1" nVehContrib="55" flow="660.00" occupancy="3.20" speed="31.50" length="5.50" nVehEntered="55"/>
   <interval begin="900.00" end="1200.00" id="detector11_2" nVehContrib="14" flow="168.00" occupancy="0.81" speed="31.50" length="5.50" nVehEntered="14"/>
   <interval begin="900.00" end="1200.00" id="detector11_3" nVehContrib="27" flow="324.00" occupancy="1.57" speed="31.50" length="5.50" nVehEntered="27"/>
   <interval begin="900.00" end="1200.00" id="detector11_4" nVehContrib="6" flow="72.00" occupancy="0.35" speed="31.50" length="5.50" nVehEntered="6"/>
   <interval begin="900.00" end="1200.00" id="detector12_0" nVehContrib="100" flow="1200.00" occupancy="5.82" speed="31.48" length="5.50" nVehEntered="100"/>
   <interval begin="900.00" end="1200.00" id="detector12_1" nVehContrib="0" flow="0.00" occupancy="0.00" speed="-1.00" length="-1.00" nVehEntered="0"/>
   <interval begin="900.00" end="1200.00" id="detector12_2" nVehContrib="63" flow="756.00" occupancy="3.67" speed="31.50" length="5.50" nVehEntered="63"/>
   <interval begin="900.00" end="1200.00" id="detector12_3" nVehContrib="15" flow="180.00" occupancy="0.87" speed="31.50" length="5.50" nVehEntered="15"/>
   <interval begin="900.00" end="1200.00" id="detector12_4" nVehContrib="27" flow="324.00" occupancy="1.57" speed="31.50" length="5.50" nVehEntered="27"/>
   <interval begin="900.00" end="1200.00" id="detector12_5" nVehContrib="6" flow="72.00" occupancy="0.35" speed="31.50" length="5.50" nVehEntered="6"/>
   <interval begin="900.00" end="1200.00" id="detector13_0" nVehContrib="96" flow="1152.00" occupancy="5.59" speed="31.50" length="5.50" nVehEntered="96"/>
   <interval begin="900.00" end="1200.00" id="detector13_1" nVehContrib="57" flow="684.00" occupancy="3.32" speed="31.50" length="5.50" nVehEntered="58"/>
   <interval begin="900.00" end="1200.00" id="detector13_2" nVehContrib="13" flow="156.00" occupancy="0.76" speed="31.50" length="5.50" nVehEntered="17"/>
   <interval begin="900.00" end="1200.00" id="detector13_3" nVehContrib="23" flow="276.00" occupancy="1.34" speed="31.50" length="5.50" nVehEntered="24"/>
   <interval begin="900.00" end="1200.00" id="detector13_4" nVehContrib="6" flow="72.00" occupancy="0.35" speed="31.50" length="5.50" nVehEntered="6"/>
   <interval begin="900.00" end="1200.00" id="detector14_0" nVehContrib="116" flow="1392.00" occupancy="6.77" speed="31.43" length="5.50" nVehEntered="128"/>
   <interval begin="900.00" end="1200.00" id="detector14_1" nVehContrib="69" flow="828.00" occupancy="4.02" speed="31.49" length="5.50" nVehEntered="70"/>
   <interval begin="900.00" end="1200.00" id="detector14_2" nVehContrib="14" flow="168.00" occupancy="0.81" speed="31.50" length="5.50" nVehEntered="15"/>
   <interval begin="900.00" end="1200.00" id="detector14_3" nVehContrib="23" flow="276.00" occupancy="1.34" speed="31.50" length="5.50" nVehEntered="23"/>
   <interval begin="900.00" end="1200.00" id="detector14_4" nVehContrib="7" flow="84.00" occupancy="0.41" speed="31.50" length="5.50" nVehEntered="7"/>
   <interval begin="900.00" end="1200.00" id="detector15_0" nVehContrib="114" flow="1368.00" occupancy="6.67" speed="31.50" length="5.50" nVehEntered="114"/>
   <interval begin="900.00" end="1200.00" id="detector15_1" nVehContrib="77" flow="924.00" occupancy="4.55" speed="31.12" length="5.50" nVehEntered="79"/>
   <interval begin="900.00" end="1200.00" id="detector15_2" nVehContrib="24" flow="288.00" occupancy="1.40" speed="31.46" length="5.50" nVehEntered="24"/>
   <interval begin="900.00" end="1200.00" id="detector15_3" nVehContrib="6" flow="72.00" occupancy="0.35" speed="31.50" length="5.50" nVehEntered="6"/>
   <interval begin="900.00" end="1200.00" id="detector15_4" nVehContrib="0" flow="0.00" occupancy="0.00" speed="-1.00" length="-1.00" nVehEntered="0"/>
   <interval begin="900.00" end="1200.00" id="detector16_0" nVehContrib="118" flow="1416.00" occupancy="6.87" speed="31.49" length="5.50" nVehEntered="118"/>
   <interval begin="900.00" end="1200.00" id="detector16_1" nVehContrib="70" flow="840.00" occupancy="4.07" speed="31.50" length="5.50" nVehEntered="70"/>
   <interval begin="900.00" end="1200.00" id="detector16_2" nVehContrib="30" flow="360.00" occupancy="1.75" speed="31.50" length="5.50" nVehEntered="30"/>
   <interval begin="900.00" end="1200.00" id="detector16_3" nVehContrib="7" flow="84.00" occupancy="0.41" speed="31.50" length="5.50" nVehEntered="7"/>
   <interval begin="900.00" end="1200.00" id="detector16_4" nVehContrib="0" flow="0.00" occupancy="0.00" speed="-1.00" length="-1.00" nVehEntered="0"/>
   <interval begin="900.00" end="1200.00" id="detector17_0" nVehContrib="118" flow="1416.00" occupancy="6.87" speed="31.50" length="5.50" nVehEntered="118"/>
   <interval begin="900.00" end="1200.00" id="detector17_1" nVehContrib="0" flow="0.00" occupancy="0.00" speed="-1.00" length="-1.00" nVehEntered="0"/>
   <interval begin="900.00" end="1200.00" id="detector17_2" nVehContrib="68" flow="816.00" occupancy="3.96" speed="31.50" length="5.50" nVehEntered="68"/>
   <interval begin="900.00" end="1200.00" id="detector17_3" nVehContrib="33" flow="396.00" occupancy="1.92" speed="31.50" length="5.50" nVehEntered="33"/>
   <interval begin="900.00" end="1200.00" id="detector17_4" nVehContrib="7" flow="84.00" occupancy="0.41" speed="31.50" length="5.50" nVehEntered="7"/>
   <interval begin="900.00" end="1200.00" id="detector17_5" nVehContrib="0" flow="0.00" occupancy="0.00" speed="-1.00" length="-1.00" nVehEntered="0"/>
   <interval begin="900.00" end="1200.00" id="detector18_0" nVehContrib="124" flow="1488.00" occupancy="7.22" speed="31.49" length="5.50" nVehEntered="124"/>
   <interval begin="900.00" end="1200.00" id="detector18_1" nVehContrib="65" flow="780.00" occupancy="3.82" speed="31.50" length="5.50" nVehEntered="65"/>
   <interval begin="900.00" end="1200.00" id="detector18_2" nVehContrib="28" flow="336.00" occupancy="1.63" speed="31.50" length="5.50" nVehEntered="28"/>
   <interval begin="900.00" end="1200.00" id="detector18_3" nVehContrib="9" flow="108.00" occupancy="0.52" speed="31.50" length="5.50" nVehEntered="9"/>
   <interval begin="900.00" end="1200.00" id="detector18_4" nVehContrib="0" flow="0.00" occupancy="0.00" speed="-1.00" length="-1.00" nVehEntered="0"/>
   <interval begin="1200.00" end="1500.00" id="detector1_0" nVehContrib="41" flow="492.00" occupancy="2.39" speed="31.43" length="5.50" nVehEntered="41"/>
   <interval begin="1200.00" end="1500.00" id="detector1_1" nVehContrib="42" flow="504.00" occupancy="2.45" speed="31.43" length="5.50" nVehEntered="42"/>
   <interval begin="1200.00" end="1500.00" id="detector1_2" nVehContrib="41" flow="492.00" occupancy="2.39" speed="31.50" length="5.50" nVehEntered="41"/>
   <interval begin="1200.00" end="1500.00" id="detector1_3" nVehContrib="41" flow="492.00" occupancy="2.39" speed="31.43" length="5.50" nVehEntered="41"/>
   <interval begin="1200.00" end="1500.00" id="detector2_0" nVehContrib="48" flow="576.00" occupancy="2.79" speed="31.50" length="5.50" nVehEntered="48"/>
   <interval begin="1200.00" end="1500.00" id="detector2_1" nVehContrib="37" flow="444.00" occupancy="2.15" speed="31.50" length="5.50" nVehEntered="43"/>
   <interval begin="1200.00" end="1500.00" id="detector2_2" nVehContrib="43" flow="516.00" occupancy="2.50" speed="31.50" length="5.50" nVehEntered="45"/>
   <interval begin="1200.00" end="1500.00" id="detector2_3" nVehContrib="37" flow="444.00" occupancy="2.15" speed="31.50" length="5.50" nVehEntered="41"/>
   <interval begin="1200.00" end="1500.00" id="detector3_0" nVehContrib="65" flow="780.00" occupancy="3.85" speed="31.04" length="5.50" nVehEntered="65"/>
   <interval begin="1200.00" end="1500.00" id="detector3_1" nVehContrib="38" flow="456.00" occupancy="2.21" speed="31.50" length="5.50" nVehEntered="38"/>
   <interval begin="1200.00" end="1500.00" id="detector3_2" nVehContrib="44" flow="528.00" occupancy="2.56" speed="31.50" length="5.50" nVehEntered="44"/>
   <interval begin="1200.00" end="1500.00" id="detector3_3" nVehContrib="38" flow="456.00" occupancy="2.21" speed="31.50" length="5.50" nVehEntered="38"/>
   <interval begin="1200.00" end="1500.00" id="detector4_0" nVehContrib="61" flow="732.00" occupancy="3.55" speed="31.50" length="5.50" nVehEntered="61"/>
   <interval begin="1200.00" end="1500.00" id="detector4_1" nVehContrib="0" flow="0.00" occupancy="0.00" speed="-1.00" length="-1.00" nVehEntered="0"/>
   <interval begin="1200.00" end="1500.00" id="detector4_2" nVehContrib="43" flow="516.00" occupancy="2.50" speed="31.50" length="5.50" nVehEntered="43"/>
   <interval begin="1200.00" end="1500.00" id="detector4_3" nVehContrib="42" flow="504.00" occupancy="2.44" speed="31.50" length="5.50" nVehEntered="42"/>
   <interval begin="1200.00" end="1500.00" id="detector4_4" nVehContrib="35" flow="420.00" occupancy="2.04" speed="31.50" length="5.50" nVehEntered="35"/>
   <interval begin="1200.00" end="1500.00" id="detector5_0" nVehContrib="57" flow="684.00" occupancy="3.32" speed="31.50" length="5.50" nVehEntered="57"/>
   <interval begin="1200.00" end="1500.00" id="detector5_1" nVehContrib="0" flow="0.00" occupancy="0.00" speed="-1.00" length="-1.00" nVehEntered="0"/>
   <interval begin="1200.00" end="1500.00" id="detector5_2" nVehContrib="2" flow="24.00" occupancy="0.12" speed="31.50" length="5.50" nVehEntered="2"/>
   <interval begin="1200.00" end="1500.00" id="detector5_3" nVehContrib="38" flow="456.00" occupancy="2.21" speed="31.50" length="5.50" nVehEntered="40"/>
   <interval begin="1200.00" end="1500.00" id="detector5_4" nVehContrib="40" flow="480.00" occupancy="2.33" speed="31.50" length="5.50" nVehEntered="40"/>
   <interval begin="1200.00" end="1500.00" id="detector5_5" nVehContrib="31" flow="372.00" occupancy="1.80" speed="31.50" length="5.50" nVehEntered="31"/>
   <interval begin="1200.00" end="1500.00" id="detector6_0" nVehContrib="57" flow="684.00" occupancy="3.32" speed="31.50" length="5.50" nVehEntered="57"/>
   <interval begin="1200.00" end="1500.00" id="detector6_1" nVehContrib="5" flow="60.00" occupancy="0.29" speed="31.50" length="5.50" nVehEntered="5"/>
   <interval begin="1200.00" end="1500.00" id="detector6_2" nVehContrib="36" flow="432.00" occupancy="2.10" speed="31.50" length="5.50" nVehEntered="37"/>
   <interval begin="1200.00" end="1500.00" id="detector6_3" nVehContrib="40" flow="480.00" occupancy="2.33" speed="31.50" length="5.50" nVehEntered="40"/>
   <interval begin="1200.00" end="1500.00" id="detector6_4" nVehContrib="30" flow="360.00" occupancy="1.75" speed="31.50" length="5.50" nVehEntered="30"/>
   <interval begin="1200.00" end="1500.00" id="detector8_0" nVehContrib="73" flow="876.00" occupancy="4.26" speed="31.43" length="5.50" nVehEntered="73"/>
   <interval begin="1200.00" end="1500.00" id="detector8_1" nVehContrib="44" flow="528.00" occupancy="2.56" speed="31.50" length="5.50" nVehEntered="45"/>
   <interval begin="1200.00" end="1500.00" id="detector8_2" nVehContrib="35" flow="420.00" occupancy="2.04" speed="31.50" length="5.50" nVehEntered="35"/>
   <interval begin="1200.00" end="1500.00" id="detector8_3" nVehContrib="19" flow="228.00" occupancy="1.11" speed="31.50" length="5.50" nVehEntered="21"/>
   <interval begin="1200.00" end="1500.00" id="detector9_0" nVehContrib="77" flow="924.00" occupancy="4.48" speed="31.50" length="5.50" nVehEntered="77"/>
   <interval begin="1200.00" end="1500.00" id="detector9_1" nVehContrib="50" flow="600.00" occupancy="2.91" speed="31.50" length="5.50" nVehEntered="50"/>
   <interval begin="1200.00" end="1500.00" id="detector9_2" nVehContrib="31" flow="372.00" occupancy="1.80" speed="31.50" length="5.50" nVehEntered="31"/>
   <interval begin="1200.00" end="1500.00" id="detector9_3" nVehContrib="15" flow="180.00" occupancy="0.87" speed="31.50" length="5.50" nVehEntered="15"/>
   <interval begin="1200.00" end="1500.00" id="detector9_4" nVehContrib="0" flow="0.00" occupancy="0.00" speed="-1.00" length="-1.00" nVehEntered="0"/>
   <interval begin="1200.00" end="1500.00" id="detector10_0" nVehContrib="94" flow="1128.00" occupancy="5.55" speed="31.10" length="5.50" nVehEntered="94"/>
   <interval begin="1200.00" end="1500.00" id="detector10_1" nVehContrib="31" flow="372.00" occupancy="1.80" speed="31.63" length="5.50" nVehEntered="31"/>
   <interval begin="1200.00" end="1500.00" id="detector10_2" nVehContrib="24" flow="288.00" occupancy="1.40" speed="31.50" length="5.50" nVehEntered="37"/>
   <interval begin="1200.00" end="1500.00" id="detector10_3" nVehContrib="30" flow="360.00" occupancy="1.75" speed="31.50" length="5.50" nVehEntered="30"/>
   <interval begin="1200.00" end="1500.00" id="detector10_4" nVehContrib="13" flow="156.00" occupancy="0.76" speed="31.50" length="5.50" nVehEntered="13"/>
   <interval begin="1200.00" end="1500.00" id="detector11_0" nVehContrib="105" flow="1260.00" occupancy="6.19" speed="31.15" length="5.50" nVehEntered="109"/>
   <interval begin="1200.00" end="1500.00" id="detector11_1" nVehContrib="54" flow="648.00" occupancy="3.14" speed="31.48" length="5.50" nVehEntered="54"/>
   <interval begin="1200.00" end="1500.00" id="detector11_2" nVehContrib="9" flow="108.00" occupancy="0.52" speed="31.49" length="5.50" nVehEntered="9"/>
   <interval begin="1200.00" end="1500.00" id="detector11_3" nVehContrib="30" flow="360.00" occupancy="1.75" speed="31.50" length="5.50" nVehEntered="30"/>
   <interval begin="1200.00" end="1500.00" id="detector11_4" nVehContrib="12" flow="144.00" occupancy="0.70" speed="31.50" length="5.50" nVehEntered="12"/>
   <interval begin="1200.00" end="1500.00" id="detector12_0" nVehContrib="104" flow="1248.00" occupancy="6.05" speed="31.49" length="5.50" nVehEntered="104"/>
   <interval begin="1200.00" end="1500.00" id="detector12_1" nVehContrib="3" flow="36.00" occupancy="0.17" speed="31.50" length="5.50" nVehEntered="3"/>
   <interval begin="1200.00" end="1500.00" id="detector12_2" nVehContrib="57" flow="684.00" occupancy="3.32" speed="31.50" length="5.50" nVehEntered="57"/>
   <interval begin="1200.00" end="1500.00" id="detector12_3" nVehContrib="11" flow="132.00" occupancy="0.64" speed="31.50" length="5.50" nVehEntered="11"/>
   <interval begin="1200.00" end="1500.00" id="detector12_4" nVehContrib="30" flow="360.00" occupancy="1.75" speed="31.50" length="5.50" nVehEntered="30"/>
   <interval begin="1200.00" end="1500.00" id="detector12_5" nVehContrib="11" flow="132.00" occupancy="0.64" speed="31.50" length="5.50" nVehEntered="11"/>
   <interval begin="1200.00" end="1500.00" id="detector13_0" nVehContrib="104" flow="1248.00" occupancy="6.06" speed="31.48" length="5.50" nVehEntered="105"/>
   <interval begin="1200.00" end="1500.00" id="detector13_1" nVehContrib="61" flow="732.00" occupancy="3.55" speed="31.50" length="5.50" nVehEntered="61"/>
   <interval begin="1200.00" end="1500.00" id="detector13_2" nVehContrib="6" flow="72.00" occupancy="0.35" speed="31.50" length="5.50" nVehEntered="9"/>
   <interval begin="1200.00" end="1500.00" id="detector13_3" nVehContrib="28" flow="336.00" occupancy="1.63" speed="31.50" length="5.50" nVehEntered="28"/>
   <interval begin="1200.00" end="1500.00" id="detector13_4" nVehContrib="10" flow="120.00" occupancy="0.58" speed="31.50" length="5.50" nVehEntered="10"/>
   <interval begin="1200.00" end="1500.00" id="detector14_0" nVehContrib="130" flow="1560.00" occupancy="7.56" speed="31.67" length="5.50" nVehEntered="142"/>
   <interval begin="1200.00" end="1500.00" id="detector14_1" nVehContrib="74" flow="888.00" occupancy="4.31" speed="31.50" length="5.50" nVehEntered="74"/>
   <interval begin="1200.00" end="1500.00" id="detector14_2" nVehContrib="5" flow="60.00" occupancy="0.29" speed="31.50" length="5.50" nVehEntered="6"/>
   <interval begin="1200.00" end="1500.00" id="detector14_3" nVehContrib="29" flow="348.00" occupancy="1.69" speed="31.50" length="5.50" nVehEntered="29"/>
   <interval begin="1200.00" end="1500.00" id="detector14_4" nVehContrib="11" flow="132.00" occupancy="0.64" speed="31.50" length="5.50" nVehEntered="11"/>
   <interval begin="1200.00" end="1500.00" id="detector15_0" nVehContrib="132" flow="1584.00" occupancy="7.66" speed="31.45" length="5.50" nVehEntered="132"/>
   <interval begin="1200.00" end="1500.00" id="detector15_1" nVehContrib="77" flow="924.00" occupancy="4.49" speed="31.44" length="5.50" nVehEntered="79"/>
   <interval begin="1200.00" end="1500.00" id="detector15_2" nVehContrib="28" flow="336.00" occupancy="1.63" speed="31.50" length="5.50" nVehEntered="28"/>
   <interval begin="1200.00" end="1500.00" id="detector15_3" nVehContrib="9" flow="108.00" occupancy="0.52" speed="31.50" length="5.50" nVehEntered="9"/>
   <interval begin="1200.00" end="1500.00" id="detector15_4" nVehContrib="0" flow="0.00" occupancy="0.00" speed="-1.00" length="-1.00" nVehEntered="0"/>
   <interval begin="1200.00" end="1500.00" id="detector16_0" nVehContrib="135" flow="1620.00" occupancy="7.86" speed="31.50" length="5.50" nVehEntered="135"/>
   <interval begin="1200.00" end="1500.00" id="detector16_1" nVehContrib="78" flow="936.00" occupancy="4.54" speed="31.50" length="5.50" nVehEntered="78"/>
   <interval begin="1200.00" end="1500.00" id="detector16_2" nVehContrib="28" flow="336.00" occupancy="1.64" speed="31.27" length="5.50" nVehEntered="28"/>
   <interval begin="1200.00" end="1500.00" id="detector16_3" nVehContrib="9" flow="108.00" occupancy="0.52" speed="31.50" length="5.50" nVehEntered="9"/>
   <interval begin="1200.00" end="1500.00" id="detector16_4" nVehContrib="0" flow="0.00" occupancy="0.00" speed="-1.00" length="-1.00" nVehEntered="0"/>
   <interval begin="1200.00" end="1500.00" id="detector17_0" nVehContrib="133" flow="1596.00" occupancy="7.74" speed="31.50" length="5.50" nVehEntered="133"/>
   <interval begin="1200.00" end="1500.00" id="detector17_1" nVehContrib="0" flow="0.00" occupancy="0.00" speed="-1.00" length="-1.00" nVehEntered="0"/>
   <interval begin="1200.00" end="1500.00" id="detector17_2" nVehContrib="78" flow="936.00" occupancy="4.54" speed="31.50" length="5.50" nVehEntered="78"/>
   <interval begin="1200.00" end="1500.00" id="detector17_3" nVehContrib="26" flow="312.00" occupancy="1.51" speed="31.50" length="5.50" nVehEntered="26"/>
   <interval begin="1200.00" end="1500.00" id="detector17_4" nVehContrib="10" flow="120.00" occupancy="0.58" speed="31.50" length="5.50" nVehEntered="10"/>
   <interval begin="1200.00" end="1500.00" id="detector17_5" nVehContrib="0" flow="0.00" occupancy="0.00" speed="-1.00" length="-1.00" nVehEntered="0"/>
   <interval begin="1200.00" end="1500.00" id="detector18_0" nVehContrib="127" flow="1524.00" occupancy="7.41" speed="31.42" length="5.50" nVehEntered="127"/>
   <interval begin="1200.00" end="1500.00" id="detector18_1" nVehContrib="66" flow="792.00" occupancy="3.80" speed="31.50" length="5.50" nVehEntered="66"/>
   <interval begin="1200.00" end="1500.00" id="detector18_2" nVehContrib="25" flow="300.00" occupancy="1.46" speed="31.50" length="5.50" nVehEntered="25"/>
   <interval begin="1200.00" end="1500.00" id="detector18_3" nVehContrib="11" flow="132.00" occupancy="0.64" speed="31.50" length="5.50" nVehEntered="11"/>
   <interval begin="1200.00" end="1500.00" id="detector18_4" nVehContrib="0" flow="0.00" occupancy="0.00" speed="-1.00" length="-1.00" nVehEntered="0"/>
   <interval begin="1500.00" end="1800.00" id="detector1_0" nVehContrib="32" flow="384.00" occupancy="1.87" speed="31.40" length="5.50" nVehEntered="32"/>
   <interval begin="1500.00" end="1800.00" id="detector1_1" nVehContrib="31" flow="372.00" occupancy="1.81" speed="31.40" length="5.50" nVehEntered="31"/>
   <interval begin="1500.00" end="1800.00" id="detector1_2" nVehContrib="32" flow="384.00" occupancy="1.86" speed="31.50" length="5.50" nVehEntered="32"/>
   <interval begin="1500.00" end="1800.00" id="detector1_3" nVehContrib="32" flow="384.00" occupancy="1.86" speed="31.50" length="5.50" nVehEntered="32"/>
   <interval begin="1500.00" end="1800.00" id="detector2_0" nVehContrib="41" flow="492.00" occupancy="2.39" speed="31.50" length="5.50" nVehEntered="41"/>
   <interval begin="1500.00" end="1800.00" id="detector2_1" nVehContrib="35" flow="420.00" occupancy="2.04" speed="31.50" length="5.50" nVehEntered="40"/>
   <interval begin="1500.00" end="1800.00" id="detector2_2" nVehContrib="35" flow="420.00" occupancy="2.04" speed="31.50" length="5.50" nVehEntered="39"/>
   <interval begin="1500.00" end="1800.00" id="detector2_3" nVehContrib="33" flow="396.00" occupancy="1.92" speed="31.50" length="5.50" nVehEntered="36"/>
   <interval begin="1500.00" end="1800.00" id="detector3_0" nVehContrib="62" flow="744.00" occupancy="3.68" speed="30.93" length="5.50" nVehEntered="62"/>
   <interval begin="1500.00" end="1800.00" id="detector3_1" nVehContrib="35" flow="420.00" occupancy="2.04" speed="31.50" length="5.50" nVehEntered="35"/>
   <interval begin="1500.00" end="1800.00" id="detector3_2" nVehContrib="35" flow="420.00" occupancy="2.04" speed="31.50" length="5.50" nVehEntered="35"/>
   <interval begin="1500.00" end="1800.00" id="detector3_3" nVehContrib="33" flow="396.00" occupancy="1.92" speed="31.50" length="5.50" nVehEntered="33"/>
   <interval begin="1500.00" end="1800.00" id="detector4_0" nVehContrib="70" flow="840.00" occupancy="4.07" speed="31.49" length="5.50" nVehEntered="70"/>
   <interval begin="1500.00" end="1800.00" id="detector4_1" nVehContrib="0" flow="0.00" occupancy="0.00" speed="-1.00" length="-1.00" nVehEntered="0"/>
   <interval begin="1500.00" end="1800.00" id="detector4_2" nVehContrib="43" flow="516.00" occupancy="2.50" speed="31.50" length="5.50" nVehEntered="43"/>
   <interval begin="1500.00" end="1800.00" id="detector4_3" nVehContrib="40" flow="480.00" occupancy="2.33" speed="31.50" length="5.50" nVehEntered="40"/>
   <interval begin="1500.00" end="1800.00" id="detector4_4" nVehContrib="39" flow="468.00" occupancy="2.27" speed="31.50" length="5.50" nVehEntered="39"/>
   <interval begin="1500.00" end="1800.00" id="detector5_0" nVehContrib="73" flow="876.00" occupancy="4.25" speed="31.50" length="5.50" nVehEntered="73"/>
   <interval begin="1500.00" end="1800.00" id="detector5_1" nVehContrib="0" flow="0.00" occupancy="0.00" speed="-1.00" length="-1.00" nVehEntered="0"/>
   <interval begin="1500.00" end="1800.00" id="detector5_2" nVehContrib="0" flow="0.00" occupancy="0.00" speed="-1.00" length="-1.00" nVehEntered="0"/>
   <interval begin="1500.00" end="1800.00" id="detector5_3" nVehContrib="45" flow="540.00" occupancy="2.62" speed="31.50" length="5.50" nVehEntered="45"/>
   <interval begin="1500.00" end="1800.00" id="detector5_4" nVehContrib="44" flow="528.00" occupancy="2.56" speed="31.50" length="5.50" nVehEntered="44"/>
   <interval begin="1500.00" end="1800.00" id="detector5_5" nVehContrib="39" flow="468.00" occupancy="2.27" speed="31.50" length="5.50" nVehEntered="39"/>
   <interval begin="1500.00" end="1800.00" id="detector6_0" nVehContrib="73" flow="876.00" occupancy="4.25" speed="31.50" length="5.50" nVehEntered="73"/>
   <interval begin="1500.00" end="1800.00" id="detector6_1" nVehContrib="1" flow="12.00" occupancy="0.06" speed="31.50" length="5.50" nVehEntered="1"/>
   <interval begin="1500.00" end="1800.00" id="detector6_2" nVehContrib="44" flow="528.00" occupancy="2.56" speed="31.50" length="5.50" nVehEntered="44"/>
   <interval begin="1500.00" end="1800.00" id="detector6_3" nVehContrib="43" flow="516.00" occupancy="2.50" speed="31.50" length="5.50" nVehEntered="43"/>
   <interval begin="1500.00" end="1800.00" id="detector6_4" nVehContrib="39" flow="468.00" occupancy="2.27" speed="31.50" length="5.50" nVehEntered="39"/>
   <interval begin="1500.00" end="1800.00" id="detector8_0" nVehContrib="90" flow="1080.00" occupancy="5.24" speed="31.49" length="5.50" nVehEntered="90"/>
   <interval begin="1500.00" end="1800.00" id="detector8_1" nVehContrib="48" flow="576.00" occupancy="2.80" speed="31.41" length="5.50" nVehEntered="49"/>
   <interval begin="1500.00" end="1800.00" id="detector8_2" nVehContrib="31" flow="372.00" occupancy="1.80" speed="31.50" length="5.50" nVehEntered="33"/>
   <interval begin="1500.00" end="1800.00" id="detector8_3" nVehContrib="23" flow="276.00" occupancy="1.34" speed="31.50" length="5.50" nVehEntered="23"/>
   <interval begin="1500.00" end="1800.00" id="detector9_0" nVehContrib="88" flow="1056.00" occupancy="5.12" speed="31.50" length="5.50" nVehEntered="88"/>
   <interval begin="1500.00" end="1800.00" id="detector9_1" nVehContrib="54" flow="648.00" occupancy="3.14" speed="31.49" length="5.50" nVehEntered="55"/>
   <interval begin="1500.00" end="1800.00" id="detector9_2" nVehContrib="29" flow="348.00" occupancy="1.69" speed="31.50" length="5.50" nVehEntered="29"/>
   <interval begin="1500.00" end="1800.00" id="detector9_3" nVehContrib="15" flow="180.00" occupancy="0.87" speed="31.50" length="5.50" nVehEntered="15"/>
   <interval begin="1500.00" end="1800.00" id="detector9_4" nVehContrib="0" flow="0.00" occupancy="0.00" speed="-1.00" length="-1.00" nVehEntered="0"/>
   <interval begin="1500.00" end="1800.00" id="detector10_0" nVehContrib="93" flow="1116.00" occupancy="5.41" speed="31.50" length="5.50" nVehEntered="93"/>
   <interval begin="1500.00" end="1800.00" id="detector10_1" nVehContrib="28" flow="336.00" occupancy="1.63" speed="31.50" length="5.50" nVehEntered="28"/>
   <interval begin="1500.00" end="1800.00" id="detector10_2" nVehContrib="32" flow="384.00" occupancy="1.86" speed="31.50" length="5.50" nVehEntered="45"/>
   <interval begin="1500.00" end="1800.00" id="detector10_3" nVehContrib="33" flow="396.00" occupancy="1.92" speed="31.50" length="5.50" nVehEntered="33"/>
   <interval begin="1500.00" end="1800.00" id="detector10_4" nVehContrib="16" flow="192.00" occupancy="0.93" speed="31.50" length="5.50" nVehEntered="16"/>
   <interval begin="1500.00" end="1800.00" id="detector11_0" nVehContrib="110" flow="1320.00" occupancy="6.46" speed="31.23" length="5.50" nVehEntered="110"/>
   <interval begin="1500.00" end="1800.00" id="detector11_1" nVehContrib="48" flow="576.00" occupancy="2.79" speed="31.50" length="5.50" nVehEntered="48"/>
   <interval begin="1500.00" end="1800.00" id="detector11_2" nVehContrib="21" flow="252.00" occupancy="1.22" speed="31.50" length="5.50" nVehEntered="21"/>
   <interval begin="1500.00" end="1800.00" id="detector11_3" nVehContrib="30" flow="360.00" occupancy="1.75" speed="31.50" length="5.50" nVehEntered="30"/>
   <interval begin="1500.00" end="1800.00" id="detector11_4" nVehContrib="14" flow="168.00" occupancy="0.81" speed="31.50" length="5.50" nVehEntered="14"/>
   <interval begin="1500.00" end="1800.00" id="detector12_0" nVehContrib="108" flow="1296.00" occupancy="6.29" speed="31.47" length="5.50" nVehEntered="108"/>
   <interval begin="1500.00" end="1800.00" id="detector12_1" nVehContrib="0" flow="0.00" occupancy="0.00" speed="-1.00" length="-1.00" nVehEntered="0"/>
   <interval begin="1500.00" end="1800.00" id="detector12_2" nVehContrib="56" flow="672.00" occupancy="3.26" speed="31.49" length="5.50" nVehEntered="56"/>
   <interval begin="1500.00" end="1800.00" id="detector12_3" nVehContrib="21" flow="252.00" occupancy="1.22" speed="31.50" length="5.50" nVehEntered="21"/>
   <interval begin="1500.00" end="1800.00" id="detector12_4" nVehContrib="30" flow="360.00" occupancy="1.75" speed="31.50" length="5.50" nVehEntered="30"/>
   <interval begin="1500.00" end="1800.00" id="detector12_5" nVehContrib="15" flow="180.00" occupancy="0.87" speed="31.50" length="5.50" nVehEntered="15"/>
   <interval begin="1500.00" end="1800.00" id="detector13_0" nVehContrib="104" flow="1248.00" occupancy="6.05" speed="31.50" length="5.50" nVehEntered="104"/>
   <interval begin="1500.00" end="1800.00" id="detector13_1" nVehContrib="55" flow="660.00" occupancy="3.20" speed="31.50" length="5.50" nVehEntered="55"/>
   <interval begin="1500.00" end="1800.00" id="detector13_2" nVehContrib="15" flow="180.00" occupancy="0.87" speed="31.50" length="5.50" nVehEntered="17"/>
   <interval begin="1500.00" end="1800.00" id="detector13_3" nVehContrib="25" flow="300.00" occupancy="1.46" speed="31.50" length="5.50" nVehEntered="26"/>
   <interval begin="1500.00" end="1800.00" id="detector13_4" nVehContrib="11" flow="132.00" occupancy="0.64" speed="31.50" length="5.50" nVehEntered="11"/>
   <interval begin="1500.00" end="1800.00" id="detector14_0" nVehContrib="122" flow="1464.00" occupancy="7.11" speed="31.46" length="5.50" nVehEntered="133"/>
   <interval begin="1500.00" end="1800.00" id="detector14_1" nVehContrib="64" flow="768.00" occupancy="3.73" speed="31.48" length="5.50" nVehEntered="65"/>
   <interval begin="1500.00" end="1800.00" id="detector14_2" nVehContrib="15" flow="180.00" occupancy="0.87" speed="31.50" length="5.50" nVehEntered="16"/>
   <interval begin="1500.00" end="1800.00" id="detector14_3" nVehContrib="25" flow="300.00" occupancy="1.46" speed="31.50" length="5.50" nVehEntered="25"/>
   <interval begin="1500.00" end="1800.00" id="detector14_4" nVehContrib="11" flow="132.00" occupancy="0.64" speed="31.50" length="5.50" nVehEntered="11"/>
   <interval begin="1500.00" end="1800.00" id="detector15_0" nVehContrib="125" flow="1500.00" occupancy="7.28" speed="31.49" length="5.50" nVehEntered="125"/>
   <interval begin="1500.00" end="1800.00" id="detector15_1" nVehContrib="78" flow="936.00" occupancy="4.60" speed="31.16" length="5.50" nVehEntered="80"/>
   <interval begin="1500.00" end="1800.00" id="detector15_2" nVehContrib="28" flow="336.00" occupancy="1.63" speed="31.42" length="5.50" nVehEntered="28"/>
   <interval begin="1500.00" end="1800.00" id="detector15_3" nVehContrib="12" flow="144.00" occupancy="0.70" speed="31.50" length="5.50" nVehEntered="12"/>
   <interval begin="1500.00" end="1800.00" id="detector15_4" nVehContrib="0" flow="0.00" occupancy="0.00" speed="-1.00" length="-1.00" nVehEntered="0"/>
   <interval begin="1500.00" end="1800.00" id="detector16_0" nVehContrib="126" flow="1512.00" occupancy="7.33" speed="31.50" length="5.50" nVehEntered="126"/>
   <interval begin="1500.00" end="1800.00" id="detector16_1" nVehContrib="72" flow="864.00" occupancy="4.19" speed="31.50" length="5.50" nVehEntered="73"/>
   <interval begin="1500.00" end="1800.00" id="detector16_2" nVehContrib="34" flow="408.00" occupancy="1.98" speed="31.49" length="5.50" nVehEntered="34"/>
   <interval begin="1500.00" end="1800.00" id="detector16_3" nVehContrib="14" flow="168.00" occupancy="0.81" speed="31.50" length="5.50" nVehEntered="14"/>
   <interval begin="1500.00" end="1800.00" id="detector16_4" nVehContrib="0" flow="0.00" occupancy="0.00" speed="-1.00" length="-1.00" nVehEntered="0"/>
   <interval begin="1500.00" end="1800.00" id="detector17_0" nVehContrib="129" flow="1548.00" occupancy="7.51" speed="31.50" length="5.50" nVehEntered="129"/>
   <interval begin="1500.00" end="1800.00" id="detector17_1" nVehContrib="0" flow="0.00" occupancy="0.00" speed="-1.00" length="-1.00" nVehEntered="0"/>
   <interval begin="1500.00" end="1800.00" id="detector17_2" nVehContrib="74" flow="888.00" occupancy="4.31" speed="31.50" length="5.50" nVehEntered="74"/>
   <interval begin="1500.00" end="1800.00" id="detector17_3" nVehContrib="34" flow="408.00" occupancy="1.98" speed="31.50" length="5.50" nVehEntered="34"/>
   <interval begin="1500.00" end="1800.00" id="detector17_4" nVehContrib="14" flow="168.00" occupancy="0.81" speed="31.50" length="5.50" nVehEntered="14"/>
   <interval begin="1500.00" end="1800.00" id="detector17_5" nVehContrib="0" flow="0.00" occupancy="0.00" speed="-1.00" length="-1.00" nVehEntered="0"/>
   <interval begin="1500.00" end="1800.00" id="detector18_0" nVehContrib="129" flow="1548.00" occupancy="7.52" speed="31.45" length="5.50" nVehEntered="129"/>
   <interval begin="1500.00" end="1800.00" id="detector18_1" nVehContrib="68" flow="816.00" occupancy="3.96" speed="31.50" length="5.50" nVehEntered="68"/>
   <interval begin="1500.00" end="1800.00" id="detector18_2" nVehContrib="30" flow="360.00" occupancy="1.75" speed="31.50" length="5.50" nVehEntered="30"/>
   <interval begin="1500.00" end="1800.00" id="detector18_3" nVehContrib="12" flow="144.00" occupancy="0.70" speed="31.50" length="5.50" nVehEntered="12"/>
   <interval begin="1500.00" end="1800.00" id="detector18_4" nVehContrib="1" flow="12.00" occupancy="0.06" speed="31.50" length="5.50" nVehEntered="1"/>
</detector>
