<?xml version="1.0"?>

<!-- generated on 3/4/2013 2:14:22 PM by SUMO gui Version 0.13.0
<?xml version="1.0" encoding="iso-8859-1"?>

<configuration xmlns:xsi="http://www.w3.org/2001/XMLSchema-instance" xsi:noNamespaceSchemaLocation="http://sumo.sf.net/xsd/sumo-gui.exeConfiguration.xsd">

    <input>
        <net-file value="prob.net.xml"/>
        <route-files value="output.rou.xml"/>
        <additional-files value="detectors.add.xml"/>
    </input>

    <output>
        <netstate-dump value="netstate.xml"/>
        <summary-output value="summary.xml"/>
    </output>

    <time>
        <begin value="0"/>
        <end value="1800"/>
    </time>

    <gui_only>
        <gui-settings-file value=""/>
    </gui_only>

</configuration>
-->

<detector>
   <interval begin="0.00" end="300.00" id="detector1_0" nVehContrib="139" flow="1668.00" occupancy="8.65" speed="29.61" length="5.50" nVehEntered="139"/>
   <interval begin="0.00" end="300.00" id="detector1_1" nVehContrib="138" flow="1656.00" occupancy="8.43" speed="30.12" length="5.50" nVehEntered="138"/>
   <interval begin="0.00" end="300.00" id="detector1_2" nVehContrib="141" flow="1692.00" occupancy="8.67" speed="29.96" length="5.50" nVehEntered="141"/>
   <interval begin="0.00" end="300.00" id="detector1_3" nVehContrib="133" flow="1596.00" occupancy="8.10" speed="30.24" length="5.50" nVehEntered="133"/>
   <interval begin="0.00" end="300.00" id="detector2_0" nVehContrib="140" flow="1680.00" occupancy="8.28" speed="31.22" length="5.50" nVehEntered="140"/>
   <interval begin="0.00" end="300.00" id="detector2_1" nVehContrib="133" flow="1596.00" occupancy="7.76" speed="31.42" length="5.50" nVehEntered="138"/>
   <interval begin="0.00" end="300.00" id="detector2_2" nVehContrib="138" flow="1656.00" occupancy="8.09" speed="31.28" length="5.50" nVehEntered="140"/>
   <interval begin="0.00" end="300.00" id="detector2_3" nVehContrib="136" flow="1632.00" occupancy="7.92" speed="31.47" length="5.50" nVehEntered="137"/>
   <interval begin="0.00" end="300.00" id="detector3_0" nVehContrib="170" flow="2040.00" occupancy="12.87" speed="24.39" length="5.50" nVehEntered="176"/>
   <interval begin="0.00" end="300.00" id="detector3_1" nVehContrib="140" flow="1680.00" occupancy="8.38" speed="30.71" length="5.50" nVehEntered="140"/>
   <interval begin="0.00" end="300.00" id="detector3_2" nVehContrib="133" flow="1596.00" occupancy="8.05" speed="30.37" length="5.50" nVehEntered="133"/>
   <interval begin="0.00" end="300.00" id="detector3_3" nVehContrib="131" flow="1572.00" occupancy="7.72" speed="31.12" length="5.50" nVehEntered="131"/>
   <interval begin="0.00" end="300.00" id="detector4_0" nVehContrib="157" flow="1884.00" occupancy="9.44" speed="30.51" length="5.50" nVehEntered="160"/>
   <interval begin="0.00" end="300.00" id="detector4_1" nVehContrib="8" flow="96.00" occupancy="0.47" speed="31.11" length="5.50" nVehEntered="8"/>
   <interval begin="0.00" end="300.00" id="detector4_2" nVehContrib="130" flow="1560.00" occupancy="7.57" speed="31.49" length="5.50" nVehEntered="130"/>
   <interval begin="0.00" end="300.00" id="detector4_3" nVehContrib="122" flow="1464.00" occupancy="7.10" speed="31.49" length="5.50" nVehEntered="122"/>
   <interval begin="0.00" end="300.00" id="detector4_4" nVehContrib="120" flow="1440.00" occupancy="6.98" speed="31.50" length="5.50" nVehEntered="120"/>
   <interval begin="0.00" end="300.00" id="detector5_0" nVehContrib="114" flow="1368.00" occupancy="6.64" speed="31.50" length="5.50" nVehEntered="116"/>
   <interval begin="0.00" end="300.00" id="detector5_1" nVehContrib="2" flow="24.00" occupancy="0.12" speed="31.50" length="5.50" nVehEntered="2"/>
   <interval begin="0.00" end="300.00" id="detector5_2" nVehContrib="31" flow="372.00" occupancy="1.80" speed="31.50" length="5.50" nVehEntered="31"/>
   <interval begin="0.00" end="300.00" id="detector5_3" nVehContrib="115" flow="1380.00" occupancy="6.69" speed="31.50" length="5.50" nVehEntered="116"/>
   <interval begin="0.00" end="300.00" id="detector5_4" nVehContrib="108" flow="1296.00" occupancy="6.29" speed="31.50" length="5.50" nVehEntered="109"/>
   <interval begin="0.00" end="300.00" id="detector5_5" nVehContrib="105" flow="1260.00" occupancy="6.11" speed="31.50" length="5.50" nVehEntered="106"/>
   <interval begin="0.00" end="300.00" id="detector6_0" nVehContrib="111" flow="1332.00" occupancy="6.46" speed="31.50" length="5.50" nVehEntered="111"/>
   <interval begin="0.00" end="300.00" id="detector6_1" nVehContrib="55" flow="660.00" occupancy="3.20" speed="31.50" length="5.50" nVehEntered="55"/>
   <interval begin="0.00" end="300.00" id="detector6_2" nVehContrib="84" flow="1008.00" occupancy="4.89" speed="31.50" length="5.50" nVehEntered="86"/>
   <interval begin="0.00" end="300.00" id="detector6_3" nVehContrib="102" flow="1224.00" occupancy="5.94" speed="31.50" length="5.50" nVehEntered="102"/>
   <interval begin="0.00" end="300.00" id="detector6_4" nVehContrib="101" flow="1212.00" occupancy="5.88" speed="31.50" length="5.50" nVehEntered="101"/>
   <interval begin="0.00" end="300.00" id="detector8_0" nVehContrib="99" flow="1188.00" occupancy="5.76" speed="31.49" length="5.50" nVehEntered="99"/>
   <interval begin="0.00" end="300.00" id="detector8_1" nVehContrib="80" flow="960.00" occupancy="4.67" speed="31.41" length="5.50" nVehEntered="80"/>
   <interval begin="0.00" end="300.00" id="detector8_2" nVehContrib="77" flow="924.00" occupancy="4.52" speed="31.25" length="5.50" nVehEntered="77"/>
   <interval begin="0.00" end="300.00" id="detector8_3" nVehContrib="73" flow="876.00" occupancy="4.25" speed="31.46" length="5.50" nVehEntered="73"/>
   <interval begin="0.00" end="300.00" id="detector9_0" nVehContrib="90" flow="1080.00" occupancy="5.42" speed="30.51" length="5.50" nVehEntered="90"/>
   <interval begin="0.00" end="300.00" id="detector9_1" nVehContrib="71" flow="852.00" occupancy="4.15" speed="31.40" length="5.50" nVehEntered="71"/>
   <interval begin="0.00" end="300.00" id="detector9_2" nVehContrib="70" flow="840.00" occupancy="4.18" speed="30.82" length="5.50" nVehEntered="70"/>
   <interval begin="0.00" end="300.00" id="detector9_3" nVehContrib="68" flow="816.00" occupancy="3.98" speed="31.36" length="5.50" nVehEntered="68"/>
   <interval begin="0.00" end="300.00" id="detector9_4" nVehContrib="0" flow="0.00" occupancy="0.00" speed="-1.00" length="-1.00" nVehEntered="0"/>
   <interval begin="0.00" end="300.00" id="detector10_0" nVehContrib="96" flow="1152.00" occupancy="5.74" speed="30.76" length="5.50" nVehEntered="101"/>
   <interval begin="0.00" end="300.00" id="detector10_1" nVehContrib="44" flow="528.00" occupancy="2.55" speed="31.72" length="5.50" nVehEntered="44"/>
   <interval begin="0.00" end="300.00" id="detector10_2" nVehContrib="33" flow="396.00" occupancy="1.93" speed="31.35" length="5.50" nVehEntered="41"/>
   <interval begin="0.00" end="300.00" id="detector10_3" nVehContrib="47" flow="564.00" occupancy="2.74" speed="31.50" length="5.50" nVehEntered="47"/>
   <interval begin="0.00" end="300.00" id="detector10_4" nVehContrib="47" flow="564.00" occupancy="2.74" speed="31.50" length="5.50" nVehEntered="47"/>
   <interval begin="0.00" end="300.00" id="detector11_0" nVehContrib="131" flow="1572.00" occupancy="8.28" speed="29.28" length="5.50" nVehEntered="142"/>
   <interval begin="0.00" end="300.00" id="detector11_1" nVehContrib="55" flow="660.00" occupancy="3.18" speed="32.03" length="5.50" nVehEntered="55"/>
   <interval begin="0.00" end="300.00" id="detector11_2" nVehContrib="24" flow="288.00" occupancy="1.40" speed="31.50" length="5.50" nVehEntered="25"/>
   <interval begin="0.00" end="300.00" id="detector11_3" nVehContrib="38" flow="456.00" occupancy="2.24" speed="31.09" length="5.50" nVehEntered="38"/>
   <interval begin="0.00" end="300.00" id="detector11_4" nVehContrib="37" flow="444.00" occupancy="2.23" speed="30.49" length="5.50" nVehEntered="37"/>
   <interval begin="0.00" end="300.00" id="detector12_0" nVehContrib="116" flow="1392.00" occupancy="6.79" speed="31.32" length="5.50" nVehEntered="118"/>
   <interval begin="0.00" end="300.00" id="detector12_1" nVehContrib="5" flow="60.00" occupancy="0.29" speed="31.50" length="5.50" nVehEntered="5"/>
   <interval begin="0.00" end="300.00" id="detector12_2" nVehContrib="64" flow="768.00" occupancy="3.73" speed="31.49" length="5.50" nVehEntered="64"/>
   <interval begin="0.00" end="300.00" id="detector12_3" nVehContrib="20" flow="240.00" occupancy="1.16" speed="31.49" length="5.50" nVehEntered="20"/>
   <interval begin="0.00" end="300.00" id="detector12_4" nVehContrib="32" flow="384.00" occupancy="1.86" speed="31.50" length="5.50" nVehEntered="32"/>
   <interval begin="0.00" end="300.00" id="detector12_5" nVehContrib="30" flow="360.00" occupancy="1.75" speed="31.47" length="5.50" nVehEntered="30"/>
   <interval begin="0.00" end="300.00" id="detector13_0" nVehContrib="100" flow="1200.00" occupancy="5.82" speed="31.50" length="5.50" nVehEntered="102"/>
   <interval begin="0.00" end="300.00" id="detector13_1" nVehContrib="48" flow="576.00" occupancy="2.79" speed="31.49" length="5.50" nVehEntered="50"/>
   <interval begin="0.00" end="300.00" id="detector13_2" nVehContrib="15" flow="180.00" occupancy="0.87" speed="31.50" length="5.50" nVehEntered="16"/>
   <interval begin="0.00" end="300.00" id="detector13_3" nVehContrib="10" flow="120.00" occupancy="0.58" speed="31.50" length="5.50" nVehEntered="13"/>
   <interval begin="0.00" end="300.00" id="detector13_4" nVehContrib="13" flow="156.00" occupancy="0.76" speed="31.50" length="5.50" nVehEntered="13"/>
   <interval begin="0.00" end="300.00" id="detector14_0" nVehContrib="158" flow="1896.00" occupancy="9.33" speed="31.05" length="5.50" nVehEntered="210"/>
   <interval begin="0.00" end="300.00" id="detector14_1" nVehContrib="91" flow="1092.00" occupancy="5.30" speed="31.46" length="5.50" nVehEntered="94"/>
   <interval begin="0.00" end="300.00" id="detector14_2" nVehContrib="8" flow="96.00" occupancy="0.45" speed="33.00" length="5.50" nVehEntered="8"/>
   <interval begin="0.00" end="300.00" id="detector14_3" nVehContrib="5" flow="60.00" occupancy="0.29" speed="31.50" length="5.50" nVehEntered="5"/>
   <interval begin="0.00" end="300.00" id="detector14_4" nVehContrib="3" flow="36.00" occupancy="0.17" speed="31.50" length="5.50" nVehEntered="4"/>
   <interval begin="0.00" end="300.00" id="detector15_0" nVehContrib="151" flow="1812.00" occupancy="8.85" speed="31.31" length="5.50" nVehEntered="152"/>
   <interval begin="0.00" end="300.00" id="detector15_1" nVehContrib="100" flow="1200.00" occupancy="5.88" speed="31.23" length="5.50" nVehEntered="102"/>
   <interval begin="0.00" end="300.00" id="detector15_2" nVehContrib="7" flow="84.00" occupancy="0.41" speed="31.50" length="5.50" nVehEntered="7"/>
   <interval begin="0.00" end="300.00" id="detector15_3" nVehContrib="3" flow="36.00" occupancy="0.17" speed="31.50" length="5.50" nVehEntered="3"/>
   <interval begin="0.00" end="300.00" id="detector15_4" nVehContrib="0" flow="0.00" occupancy="0.00" speed="-1.00" length="-1.00" nVehEntered="0"/>
   <interval begin="0.00" end="300.00" id="detector16_0" nVehContrib="142" flow="1704.00" occupancy="8.29" speed="31.40" length="5.50" nVehEntered="142"/>
   <interval begin="0.00" end="300.00" id="detector16_1" nVehContrib="87" flow="1044.00" occupancy="5.06" speed="31.50" length="5.50" nVehEntered="88"/>
   <interval begin="0.00" end="300.00" id="detector16_2" nVehContrib="10" flow="120.00" occupancy="0.58" speed="31.50" length="5.50" nVehEntered="10"/>
   <interval begin="0.00" end="300.00" id="detector16_3" nVehContrib="3" flow="36.00" occupancy="0.17" speed="31.50" length="5.50" nVehEntered="3"/>
   <interval begin="0.00" end="300.00" id="detector16_4" nVehContrib="0" flow="0.00" occupancy="0.00" speed="-1.00" length="-1.00" nVehEntered="0"/>
   <interval begin="0.00" end="300.00" id="detector17_0" nVehContrib="135" flow="1620.00" occupancy="7.86" speed="31.49" length="5.50" nVehEntered="136"/>
   <interval begin="0.00" end="300.00" id="detector17_1" nVehContrib="1" flow="12.00" occupancy="0.06" speed="31.50" length="5.50" nVehEntered="1"/>
   <interval begin="0.00" end="300.00" id="detector17_2" nVehContrib="82" flow="984.00" occupancy="4.77" speed="31.50" length="5.50" nVehEntered="82"/>
   <interval begin="0.00" end="300.00" id="detector17_3" nVehContrib="9" flow="108.00" occupancy="0.52" speed="31.50" length="5.50" nVehEntered="9"/>
   <interval begin="0.00" end="300.00" id="detector17_4" nVehContrib="3" flow="36.00" occupancy="0.17" speed="31.50" length="5.50" nVehEntered="3"/>
   <interval begin="0.00" end="300.00" id="detector17_5" nVehContrib="0" flow="0.00" occupancy="0.00" speed="-1.00" length="-1.00" nVehEntered="0"/>
   <interval begin="0.00" end="300.00" id="detector18_0" nVehContrib="116" flow="1392.00" occupancy="6.75" speed="31.50" length="5.50" nVehEntered="116"/>
   <interval begin="0.00" end="300.00" id="detector18_1" nVehContrib="63" flow="756.00" occupancy="3.67" speed="31.50" length="5.50" nVehEntered="63"/>
   <interval begin="0.00" end="300.00" id="detector18_2" nVehContrib="9" flow="108.00" occupancy="0.52" speed="31.50" length="5.50" nVehEntered="9"/>
   <interval begin="0.00" end="300.00" id="detector18_3" nVehContrib="0" flow="0.00" occupancy="0.00" speed="-1.00" length="-1.00" nVehEntered="0"/>
   <interval begin="0.00" end="300.00" id="detector18_4" nVehContrib="0" flow="0.00" occupancy="0.00" speed="-1.00" length="-1.00" nVehEntered="0"/>
   <interval begin="300.00" end="389.00" id="detector1_0" nVehContrib="39" flow="1577.53" occupancy="8.07" speed="30.04" length="5.50" nVehEntered="39"/>
   <interval begin="300.00" end="389.00" id="detector1_1" nVehContrib="41" flow="1658.43" occupancy="8.43" speed="30.14" length="5.50" nVehEntered="41"/>
   <interval begin="300.00" end="389.00" id="detector1_2" nVehContrib="40" flow="1617.98" occupancy="8.20" speed="30.12" length="5.50" nVehEntered="40"/>
   <interval begin="300.00" end="389.00" id="detector1_3" nVehContrib="42" flow="1698.88" occupancy="8.68" speed="29.89" length="5.50" nVehEntered="42"/>
   <interval begin="300.00" end="389.00" id="detector2_0" nVehContrib="46" flow="1860.67" occupancy="8.96" speed="31.14" length="5.50" nVehEntered="46"/>
   <interval begin="300.00" end="389.00" id="detector2_1" nVehContrib="42" flow="1698.88" occupancy="8.28" speed="31.35" length="5.50" nVehEntered="43"/>
   <interval begin="300.00" end="389.00" id="detector2_2" nVehContrib="42" flow="1698.88" occupancy="8.24" speed="31.50" length="5.50" nVehEntered="42"/>
   <interval begin="300.00" end="389.00" id="detector2_3" nVehContrib="44" flow="1779.78" occupancy="8.68" speed="31.33" length="5.50" nVehEntered="44"/>
   <interval begin="300.00" end="389.00" id="detector3_0" nVehContrib="55" flow="2224.72" occupancy="14.60" speed="23.32" length="5.50" nVehEntered="57"/>
   <interval begin="300.00" end="389.00" id="detector3_1" nVehContrib="47" flow="1901.12" occupancy="9.76" speed="29.89" length="5.50" nVehEntered="47"/>
   <interval begin="300.00" end="389.00" id="detector3_2" nVehContrib="44" flow="1779.78" occupancy="8.77" speed="31.02" length="5.50" nVehEntered="44"/>
   <interval begin="300.00" end="389.00" id="detector3_3" nVehContrib="43" flow="1739.33" occupancy="8.63" speed="30.81" length="5.50" nVehEntered="43"/>
   <interval begin="300.00" end="389.00" id="detector4_0" nVehContrib="52" flow="2103.37" occupancy="10.59" speed="30.35" length="5.50" nVehEntered="54"/>
   <interval begin="300.00" end="389.00" id="detector4_1" nVehContrib="3" flow="121.35" occupancy="0.59" speed="31.50" length="5.50" nVehEntered="3"/>
   <interval begin="300.00" end="389.00" id="detector4_2" nVehContrib="50" flow="2022.47" occupancy="9.90" speed="31.20" length="5.50" nVehEntered="50"/>
   <interval begin="300.00" end="389.00" id="detector4_3" nVehContrib="45" flow="1820.22" occupancy="8.83" speed="31.49" length="5.50" nVehEntered="45"/>
   <interval begin="300.00" end="389.00" id="detector4_4" nVehContrib="44" flow="1779.78" occupancy="8.64" speed="31.47" length="5.50" nVehEntered="44"/>
   <interval begin="300.00" end="389.00" id="detector5_0" nVehContrib="45" flow="1820.22" occupancy="8.83" speed="31.50" length="5.50" nVehEntered="45"/>
   <interval begin="300.00" end="389.00" id="detector5_1" nVehContrib="0" flow="0.00" occupancy="0.00" speed="-1.00" length="-1.00" nVehEntered="0"/>
   <interval begin="300.00" end="389.00" id="detector5_2" nVehContrib="14" flow="566.29" occupancy="2.75" speed="31.50" length="5.50" nVehEntered="14"/>
   <interval begin="300.00" end="389.00" id="detector5_3" nVehContrib="51" flow="2062.92" occupancy="10.01" speed="31.50" length="5.50" nVehEntered="53"/>
   <interval begin="300.00" end="389.00" id="detector5_4" nVehContrib="47" flow="1901.12" occupancy="9.22" speed="31.50" length="5.50" nVehEntered="47"/>
   <interval begin="300.00" end="389.00" id="detector5_5" nVehContrib="47" flow="1901.12" occupancy="9.22" speed="31.50" length="5.50" nVehEntered="47"/>
   <interval begin="300.00" end="389.00" id="detector6_0" nVehContrib="44" flow="1779.78" occupancy="8.63" speed="31.50" length="5.50" nVehEntered="44"/>
   <interval begin="300.00" end="389.00" id="detector6_1" nVehContrib="38" flow="1537.08" occupancy="7.46" speed="31.50" length="5.50" nVehEntered="38"/>
   <interval begin="300.00" end="389.00" id="detector6_2" nVehContrib="26" flow="1051.69" occupancy="5.10" speed="31.50" length="5.50" nVehEntered="27"/>
   <interval begin="300.00" end="389.00" id="detector6_3" nVehContrib="49" flow="1982.02" occupancy="9.61" speed="31.50" length="5.50" nVehEntered="49"/>
   <interval begin="300.00" end="389.00" id="detector6_4" nVehContrib="44" flow="1779.78" occupancy="8.63" speed="31.50" length="5.50" nVehEntered="44"/>
   <interval begin="300.00" end="389.00" id="detector8_0" nVehContrib="53" flow="2143.82" occupancy="10.40" speed="31.49" length="5.50" nVehEntered="53"/>
   <interval begin="300.00" end="389.00" id="detector8_1" nVehContrib="49" flow="1982.02" occupancy="9.72" speed="31.20" length="5.50" nVehEntered="49"/>
   <interval begin="300.00" end="389.00" id="detector8_2" nVehContrib="46" flow="1860.67" occupancy="9.02" speed="31.50" length="5.50" nVehEntered="46"/>
   <interval begin="300.00" end="389.00" id="detector8_3" nVehContrib="43" flow="1739.33" occupancy="8.48" speed="31.34" length="5.50" nVehEntered="43"/>
   <interval begin="300.00" end="389.00" id="detector9_0" nVehContrib="53" flow="2143.82" occupancy="11.70" speed="28.15" length="5.50" nVehEntered="53"/>
   <interval begin="300.00" end="389.00" id="detector9_1" nVehContrib="49" flow="1982.02" occupancy="9.68" speed="31.30" length="5.50" nVehEntered="49"/>
   <interval begin="300.00" end="389.00" id="detector9_2" nVehContrib="45" flow="1820.22" occupancy="8.99" speed="31.37" length="5.50" nVehEntered="45"/>
   <interval begin="300.00" end="389.00" id="detector9_3" nVehContrib="44" flow="1779.78" occupancy="8.78" speed="31.42" length="5.50" nVehEntered="44"/>
   <interval begin="300.00" end="389.00" id="detector9_4" nVehContrib="0" flow="0.00" occupancy="0.00" speed="-1.00" length="-1.00" nVehEntered="0"/>
   <interval begin="300.00" end="389.00" id="detector10_0" nVehContrib="44" flow="1779.78" occupancy="9.01" speed="30.28" length="5.50" nVehEntered="44"/>
   <interval begin="300.00" end="389.00" id="detector10_1" nVehContrib="38" flow="1537.08" occupancy="7.48" speed="31.38" length="5.50" nVehEntered="38"/>
   <interval begin="300.00" end="389.00" id="detector10_2" nVehContrib="34" flow="1375.28" occupancy="6.73" speed="31.23" length="5.50" nVehEntered="39"/>
   <interval begin="300.00" end="389.00" id="detector10_3" nVehContrib="45" flow="1820.22" occupancy="8.83" speed="31.50" length="5.50" nVehEntered="45"/>
   <interval begin="300.00" end="389.00" id="detector10_4" nVehContrib="48" flow="1941.57" occupancy="9.42" speed="31.50" length="5.50" nVehEntered="48"/>
   <interval begin="300.00" end="389.00" id="detector11_0" nVehContrib="55" flow="2224.72" occupancy="14.32" speed="23.79" length="5.50" nVehEntered="58"/>
   <interval begin="300.00" end="389.00" id="detector11_1" nVehContrib="45" flow="1820.22" occupancy="9.06" speed="30.74" length="5.50" nVehEntered="45"/>
   <interval begin="300.00" end="389.00" id="detector11_2" nVehContrib="37" flow="1496.63" occupancy="7.27" speed="31.45" length="5.50" nVehEntered="37"/>
   <interval begin="300.00" end="389.00" id="detector11_3" nVehContrib="46" flow="1860.67" occupancy="9.29" speed="30.63" length="5.50" nVehEntered="46"/>
   <interval begin="300.00" end="389.00" id="detector11_4" nVehContrib="49" flow="1982.02" occupancy="10.15" speed="30.26" length="5.50" nVehEntered="49"/>
   <interval begin="300.00" end="389.00" id="detector12_0" nVehContrib="53" flow="2143.82" occupancy="10.76" speed="30.46" length="5.50" nVehEntered="55"/>
   <interval begin="300.00" end="389.00" id="detector12_1" nVehContrib="3" flow="121.35" occupancy="0.59" speed="31.50" length="5.50" nVehEntered="3"/>
   <interval begin="300.00" end="389.00" id="detector12_2" nVehContrib="47" flow="1901.12" occupancy="9.22" speed="31.49" length="5.50" nVehEntered="47"/>
   <interval begin="300.00" end="389.00" id="detector12_3" nVehContrib="39" flow="1577.53" occupancy="7.67" speed="31.44" length="5.50" nVehEntered="39"/>
   <interval begin="300.00" end="389.00" id="detector12_4" nVehContrib="43" flow="1739.33" occupancy="8.44" speed="31.48" length="5.50" nVehEntered="43"/>
   <interval begin="300.00" end="389.00" id="detector12_5" nVehContrib="49" flow="1982.02" occupancy="9.64" speed="31.42" length="5.50" nVehEntered="49"/>
   <interval begin="300.00" end="389.00" id="detector13_0" nVehContrib="51" flow="2062.92" occupancy="10.21" speed="30.89" length="5.50" nVehEntered="52"/>
   <interval begin="300.00" end="389.00" id="detector13_1" nVehContrib="48" flow="1941.57" occupancy="9.42" speed="31.50" length="5.50" nVehEntered="48"/>
   <interval begin="300.00" end="389.00" id="detector13_2" nVehContrib="36" flow="1456.18" occupancy="7.06" speed="31.50" length="5.50" nVehEntered="36"/>
   <interval begin="300.00" end="389.00" id="detector13_3" nVehContrib="34" flow="1375.28" occupancy="6.67" speed="31.50" length="5.50" nVehEntered="35"/>
   <interval begin="300.00" end="389.00" id="detector13_4" nVehContrib="43" flow="1739.33" occupancy="8.44" speed="31.50" length="5.50" nVehEntered="44"/>
   <interval begin="300.00" end="389.00" id="detector14_0" nVehContrib="54" flow="2184.27" occupancy="11.65" speed="28.66" length="5.50" nVehEntered="61"/>
   <interval begin="300.00" end="389.00" id="detector14_1" nVehContrib="50" flow="2022.47" occupancy="9.83" speed="31.43" length="5.50" nVehEntered="50"/>
   <interval begin="300.00" end="389.00" id="detector14_2" nVehContrib="37" flow="1496.63" occupancy="7.26" speed="31.50" length="5.50" nVehEntered="37"/>
   <interval begin="300.00" end="389.00" id="detector14_3" nVehContrib="35" flow="1415.73" occupancy="7.07" speed="31.47" length="5.50" nVehEntered="35"/>
   <interval begin="300.00" end="389.00" id="detector14_4" nVehContrib="35" flow="1415.73" occupancy="6.87" speed="31.50" length="5.50" nVehEntered="38"/>
   <interval begin="300.00" end="389.00" id="detector15_0" nVehContrib="54" flow="2184.27" occupancy="10.76" speed="31.03" length="5.50" nVehEntered="54"/>
   <interval begin="300.00" end="389.00" id="detector15_1" nVehContrib="53" flow="2143.82" occupancy="12.57" speed="26.62" length="5.50" nVehEntered="74"/>
   <interval begin="300.00" end="389.00" id="detector15_2" nVehContrib="38" flow="1537.08" occupancy="7.46" speed="31.98" length="5.50" nVehEntered="38"/>
   <interval begin="300.00" end="389.00" id="detector15_3" nVehContrib="34" flow="1375.28" occupancy="6.75" speed="31.13" length="5.50" nVehEntered="34"/>
   <interval begin="300.00" end="389.00" id="detector15_4" nVehContrib="0" flow="0.00" occupancy="0.00" speed="-1.00" length="-1.00" nVehEntered="0"/>
   <interval begin="300.00" end="389.00" id="detector16_0" nVehContrib="54" flow="2184.27" occupancy="10.61" speed="31.46" length="5.50" nVehEntered="54"/>
   <interval begin="300.00" end="389.00" id="detector16_1" nVehContrib="49" flow="1982.02" occupancy="9.65" speed="31.39" length="5.50" nVehEntered="49"/>
   <interval begin="300.00" end="389.00" id="detector16_2" nVehContrib="36" flow="1456.18" occupancy="7.25" speed="30.72" length="5.50" nVehEntered="36"/>
   <interval begin="300.00" end="389.00" id="detector16_3" nVehContrib="27" flow="1092.13" occupancy="5.39" speed="31.01" length="5.50" nVehEntered="28"/>
   <interval begin="300.00" end="389.00" id="detector16_4" nVehContrib="13" flow="525.84" occupancy="2.60" speed="31.01" length="5.50" nVehEntered="13"/>
   <interval begin="300.00" end="389.00" id="detector17_0" nVehContrib="54" flow="2184.27" occupancy="10.60" speed="31.49" length="5.50" nVehEntered="54"/>
   <interval begin="300.00" end="389.00" id="detector17_1" nVehContrib="0" flow="0.00" occupancy="0.00" speed="-1.00" length="-1.00" nVehEntered="0"/>
   <interval begin="300.00" end="389.00" id="detector17_2" nVehContrib="48" flow="1941.57" occupancy="9.42" speed="31.50" length="5.50" nVehEntered="48"/>
   <interval begin="300.00" end="389.00" id="detector17_3" nVehContrib="32" flow="1294.38" occupancy="6.32" speed="31.32" length="5.50" nVehEntered="32"/>
   <interval begin="300.00" end="389.00" id="detector17_4" nVehContrib="23" flow="930.34" occupancy="4.51" speed="31.48" length="5.50" nVehEntered="23"/>
   <interval begin="300.00" end="389.00" id="detector17_5" nVehContrib="11" flow="444.94" occupancy="2.16" speed="31.50" length="5.50" nVehEntered="11"/>
   <interval begin="300.00" end="389.00" id="detector18_0" nVehContrib="53" flow="2143.82" occupancy="10.64" speed="31.19" length="5.50" nVehEntered="53"/>
   <interval begin="300.00" end="389.00" id="detector18_1" nVehContrib="41" flow="1658.43" occupancy="8.04" speed="31.50" length="5.50" nVehEntered="41"/>
   <interval begin="300.00" end="389.00" id="detector18_2" nVehContrib="16" flow="647.19" occupancy="3.14" speed="31.50" length="5.50" nVehEntered="16"/>
   <interval begin="300.00" end="389.00" id="detector18_3" nVehContrib="9" flow="364.04" occupancy="1.91" speed="31.50" length="5.50" nVehEntered="9"/>
   <interval begin="300.00" end="389.00" id="detector18_4" nVehContrib="8" flow="323.60" occupancy="1.57" speed="31.50" length="5.50" nVehEntered="8"/>
</detector>
