<?xml version="1.0" encoding="iso-8859-1"?>

<!-- generated on 03/04/13 14:14:08 by SUMO netconvert Version 0.13.0
<?xml version="1.0" encoding="iso-8859-1"?>

<configuration xmlns:xsi="http://www.w3.org/2001/XMLSchema-instance" xsi:noNamespaceSchemaLocation="http://sumo.sf.net/xsd/netconvertConfiguration.xsd">

    <input>
        <node-files value="prob.nod.xml"/>
        <edge-files value="prob.edg.xml"/>
        <connection-files value="prob.con.xml"/>
        <type-files value="prob.typ.xml"/>
    </input>

    <output>
        <output-file value="prob.net.xml"/>
    </output>

    <processing>
        <no-turnarounds value="true"/>
    </processing>

</configuration>
-->

<net version="0.13" xmlns:xsi="http://www.w3.org/2001/XMLSchema-instance" xsi:noNamespaceSchemaLocation="http://sumo.sf.net/xsd/net_file.xsd">

    <location netOffset="-1000.00,80.00" convBoundary="0.00,0.00,12150.00,80.00" origBoundary="1000.00,-80.00,13150.00,0.00" projParameter="!"/>

    <edge id=":10_0" function="internal">
        <lane id=":10_0_0" index="0" speed="33.50" length="10.84" shape="5386.02,59.02 5388.13,61.52 5389.60,63.45 5391.36,64.71 5394.31,65.15"/>
    </edge>
    <edge id=":10_1" function="internal">
        <lane id=":10_1_0" index="0" speed="33.50" length="13.40" shape="5386.02,59.02 5388.31,62.37 5389.48,65.40 5390.99,67.60 5394.31,68.45"/>
    </edge>
    <edge id=":10_2" function="internal">
        <lane id=":10_2_0" index="0" speed="33.50" length="16.43" shape="5386.02,59.02 5388.52,63.28 5389.33,67.40 5390.57,70.52 5394.31,71.75"/>
    </edge>
    <edge id=":10_3" function="internal">
        <lane id=":10_3_0" index="0" speed="33.50" length="19.71" shape="5386.02,59.02 5388.74,64.22 5389.18,69.43 5390.11,73.44 5394.31,75.05"/>
    </edge>
    <edge id=":10_4" function="internal">
        <lane id=":10_4_0" index="0" speed="33.50" length="23.12" shape="5386.02,59.02 5388.82,65.03 5388.88,71.34 5389.58,76.32 5394.31,78.35"/>
    </edge>
    <edge id=":10_5" function="internal">
        <lane id=":10_5_0" index="0" speed="33.50" length="11.79" shape="5383.69,61.36 5386.24,63.63 5388.38,64.75 5390.84,65.12 5394.31,65.15"/>
    </edge>
    <edge id=":10_6" function="internal">
        <lane id=":10_6_0" index="0" speed="33.50" length="13.40" shape="5383.69,61.36 5386.36,64.37 5388.30,66.60 5390.59,67.98 5394.31,68.45"/>
    </edge>
    <edge id=":10_7" function="internal">
        <lane id=":10_7_0" index="0" speed="33.50" length="15.77" shape="5383.69,61.36 5386.52,65.20 5388.19,68.52 5390.26,70.87 5394.31,71.75"/>
    </edge>
    <edge id=":10_8" function="internal">
        <lane id=":10_8_0" index="0" speed="33.50" length="18.60" shape="5383.69,61.36 5386.72,66.08 5388.05,70.50 5389.86,73.77 5394.31,75.05"/>
    </edge>
    <edge id=":10_9" function="internal">
        <lane id=":10_9_0" index="0" speed="33.50" length="21.71" shape="5383.69,61.36 5386.93,67.00 5387.90,72.51 5389.42,76.69 5394.31,78.35"/>
    </edge>
    <edge id=":10_10" function="internal">
        <lane id=":10_10_0" index="0" speed="33.50" length="12.19" shape="5382.12,65.15 5385.74,65.15 5388.22,65.15 5390.69,65.15 5394.31,65.15"/>
    </edge>
    <edge id=":10_11" function="internal">
        <lane id=":10_11_0" index="0" speed="33.50" length="12.77" shape="5382.12,65.15 5385.80,65.67 5388.22,66.80 5390.63,67.93 5394.31,68.45"/>
    </edge>
    <edge id=":10_12" function="internal">
        <lane id=":10_12_0" index="0" speed="33.50" length="12.77" shape="5382.12,68.45 5385.80,68.97 5388.22,70.10 5390.63,71.23 5394.31,71.75"/>
    </edge>
    <edge id=":10_13" function="internal">
        <lane id=":10_13_0" index="0" speed="33.50" length="12.77" shape="5382.12,71.75 5385.80,72.27 5388.22,73.40 5390.63,74.53 5394.31,75.05"/>
    </edge>
    <edge id=":10_14" function="internal">
        <lane id=":10_14_0" index="0" speed="33.50" length="12.77" shape="5382.12,75.05 5385.80,75.57 5388.22,76.70 5390.63,77.83 5394.31,78.35"/>
    </edge>
    <edge id=":11_0" function="internal">
        <lane id=":11_0_0" index="0" speed="33.50" length="10.43" shape="6405.69,65.15 6407.02,64.77 6408.84,63.62 6411.16,61.70 6413.98,59.02"/>
    </edge>
    <edge id=":11_1" function="internal">
        <lane id=":11_1_0" index="0" speed="33.50" length="12.19" shape="6405.69,65.15 6409.31,65.15 6411.78,65.15 6414.26,65.15 6417.88,65.15"/>
    </edge>
    <edge id=":11_2" function="internal">
        <lane id=":11_2_0" index="0" speed="33.50" length="13.40" shape="6405.69,68.45 6409.41,67.98 6411.70,66.60 6413.64,64.37 6416.31,61.36"/>
    </edge>
    <edge id=":11_3" function="internal">
        <lane id=":11_3_0" index="0" speed="33.50" length="12.19" shape="6405.69,68.45 6409.31,68.45 6411.78,68.45 6414.26,68.45 6417.88,68.45"/>
    </edge>
    <edge id=":11_4" function="internal">
        <lane id=":11_4_0" index="0" speed="33.50" length="15.77" shape="6405.69,71.75 6409.74,70.87 6411.81,68.52 6413.48,65.20 6416.31,61.36"/>
    </edge>
    <edge id=":11_5" function="internal">
        <lane id=":11_5_0" index="0" speed="33.50" length="12.19" shape="6405.69,71.75 6409.31,71.75 6411.78,71.75 6414.26,71.75 6417.88,71.75"/>
    </edge>
    <edge id=":11_6" function="internal">
        <lane id=":11_6_0" index="0" speed="33.50" length="12.19" shape="6405.69,75.05 6409.31,75.05 6411.78,75.05 6414.26,75.05 6417.88,75.05"/>
    </edge>
    <edge id=":11_7" function="internal">
        <lane id=":11_7_0" index="0" speed="33.50" length="12.19" shape="6405.69,78.35 6409.31,78.35 6411.78,78.35 6414.26,78.35 6417.88,78.35"/>
    </edge>
    <edge id=":12_0" function="internal">
        <lane id=":12_0_0" index="0" speed="33.50" length="10.84" shape="6986.02,59.02 6988.13,61.52 6989.60,63.45 6991.36,64.71 6994.31,65.15"/>
    </edge>
    <edge id=":12_1" function="internal">
        <lane id=":12_1_0" index="0" speed="33.50" length="13.40" shape="6986.02,59.02 6988.31,62.37 6989.48,65.40 6990.99,67.60 6994.31,68.45"/>
    </edge>
    <edge id=":12_2" function="internal">
        <lane id=":12_2_0" index="0" speed="33.50" length="16.43" shape="6986.02,59.02 6988.52,63.28 6989.33,67.40 6990.57,70.52 6994.31,71.75"/>
    </edge>
    <edge id=":12_3" function="internal">
        <lane id=":12_3_0" index="0" speed="33.50" length="19.71" shape="6986.02,59.02 6988.74,64.22 6989.18,69.43 6990.11,73.44 6994.31,75.05"/>
    </edge>
    <edge id=":12_4" function="internal">
        <lane id=":12_4_0" index="0" speed="33.50" length="23.12" shape="6986.02,59.02 6988.82,65.03 6988.88,71.34 6989.58,76.32 6994.31,78.35"/>
    </edge>
    <edge id=":12_5" function="internal">
        <lane id=":12_5_0" index="0" speed="33.50" length="11.79" shape="6983.69,61.36 6986.24,63.63 6988.38,64.75 6990.84,65.12 6994.31,65.15"/>
    </edge>
    <edge id=":12_6" function="internal">
        <lane id=":12_6_0" index="0" speed="33.50" length="13.40" shape="6983.69,61.36 6986.36,64.37 6988.30,66.60 6990.59,67.98 6994.31,68.45"/>
    </edge>
    <edge id=":12_7" function="internal">
        <lane id=":12_7_0" index="0" speed="33.50" length="15.77" shape="6983.69,61.36 6986.52,65.20 6988.19,68.52 6990.26,70.87 6994.31,71.75"/>
    </edge>
    <edge id=":12_8" function="internal">
        <lane id=":12_8_0" index="0" speed="33.50" length="18.60" shape="6983.69,61.36 6986.72,66.08 6988.05,70.50 6989.86,73.77 6994.31,75.05"/>
    </edge>
    <edge id=":12_9" function="internal">
        <lane id=":12_9_0" index="0" speed="33.50" length="21.71" shape="6983.69,61.36 6986.93,67.00 6987.90,72.51 6989.42,76.69 6994.31,78.35"/>
    </edge>
    <edge id=":12_10" function="internal">
        <lane id=":12_10_0" index="0" speed="33.50" length="12.19" shape="6982.12,65.15 6985.74,65.15 6988.22,65.15 6990.69,65.15 6994.31,65.15"/>
    </edge>
    <edge id=":12_11" function="internal">
        <lane id=":12_11_0" index="0" speed="33.50" length="12.19" shape="6982.12,68.45 6985.74,68.45 6988.22,68.45 6990.69,68.45 6994.31,68.45"/>
    </edge>
    <edge id=":12_12" function="internal">
        <lane id=":12_12_0" index="0" speed="33.50" length="12.19" shape="6982.12,71.75 6985.74,71.75 6988.22,71.75 6990.69,71.75 6994.31,71.75"/>
    </edge>
    <edge id=":12_13" function="internal">
        <lane id=":12_13_0" index="0" speed="33.50" length="12.19" shape="6982.12,75.05 6985.74,75.05 6988.22,75.05 6990.69,75.05 6994.31,75.05"/>
    </edge>
    <edge id=":12_14" function="internal">
        <lane id=":12_14_0" index="0" speed="33.50" length="12.19" shape="6982.12,78.35 6985.74,78.35 6988.22,78.35 6990.69,78.35 6994.31,78.35"/>
    </edge>
    <edge id=":13_0" function="internal">
        <lane id=":13_0_0" index="0" speed="33.50" length="4.46" shape="7398.50,65.15 7401.50,61.85"/>
    </edge>
    <edge id=":13_1" function="internal">
        <lane id=":13_1_0" index="0" speed="33.50" length="3.00" shape="7398.50,65.15 7401.50,65.15"/>
    </edge>
    <edge id=":13_2" function="internal">
        <lane id=":13_2_0" index="0" speed="33.50" length="3.00" shape="7398.50,68.45 7401.50,68.45"/>
    </edge>
    <edge id=":13_3" function="internal">
        <lane id=":13_3_0" index="0" speed="33.50" length="3.00" shape="7398.50,71.75 7401.50,71.75"/>
    </edge>
    <edge id=":13_4" function="internal">
        <lane id=":13_4_0" index="0" speed="33.50" length="3.00" shape="7398.50,75.05 7401.50,75.05"/>
    </edge>
    <edge id=":13_5" function="internal">
        <lane id=":13_5_0" index="0" speed="33.50" length="3.00" shape="7398.50,78.35 7401.50,78.35"/>
    </edge>
    <edge id=":14_0" function="internal">
        <lane id=":14_0_0" index="0" speed="33.50" length="4.46" shape="7998.50,61.85 8001.50,65.15"/>
    </edge>
    <edge id=":14_1" function="internal">
        <lane id=":14_1_0" index="0" speed="33.50" length="3.00" shape="7998.50,65.15 8001.50,65.15"/>
    </edge>
    <edge id=":14_2" function="internal">
        <lane id=":14_2_0" index="0" speed="33.50" length="3.00" shape="7998.50,68.45 8001.50,68.45"/>
    </edge>
    <edge id=":14_3" function="internal">
        <lane id=":14_3_0" index="0" speed="33.50" length="3.00" shape="7998.50,71.75 8001.50,71.75"/>
    </edge>
    <edge id=":14_4" function="internal">
        <lane id=":14_4_0" index="0" speed="33.50" length="3.00" shape="7998.50,75.05 8001.50,75.05"/>
    </edge>
    <edge id=":14_5" function="internal">
        <lane id=":14_5_0" index="0" speed="33.50" length="3.00" shape="7998.50,78.35 8001.50,78.35"/>
    </edge>
    <edge id=":15_0" function="internal">
        <lane id=":15_0_0" index="0" speed="33.50" length="10.43" shape="8686.02,59.02 8688.84,61.70 8691.16,63.62 8692.98,64.77 8694.31,65.15"/>
    </edge>
    <edge id=":15_1" function="internal">
        <lane id=":15_1_0" index="0" speed="33.50" length="12.66" shape="8686.02,59.02 8690.08,63.15 8692.81,66.09 8694.22,67.86 8694.31,68.45"/>
    </edge>
    <edge id=":15_2" function="internal">
        <lane id=":15_2_0" index="0" speed="33.50" length="16.73" shape="8686.02,59.02 8691.31,64.59 8694.46,68.57 8695.46,70.95 8694.31,71.75"/>
    </edge>
    <edge id=":15_3" function="internal">
        <lane id=":15_3_0" index="0" speed="33.50" length="21.37" shape="8686.02,59.02 8692.55,66.04 8696.11,71.04 8696.70,74.05 8694.31,75.05"/>
    </edge>
    <edge id=":15_4" function="internal">
        <lane id=":15_4_0" index="0" speed="33.50" length="26.15" shape="8686.02,59.02 8693.79,67.48 8697.76,73.52 8697.93,77.14 8694.31,78.35"/>
    </edge>
    <edge id=":15_5" function="internal">
        <lane id=":15_5_0" index="0" speed="33.50" length="11.57" shape="8683.69,61.36 8685.78,63.02 8688.24,64.20 8691.09,64.91 8694.31,65.15"/>
    </edge>
    <edge id=":15_6" function="internal">
        <lane id=":15_6_0" index="0" speed="33.50" length="12.99" shape="8683.69,61.36 8687.01,64.46 8689.89,66.68 8692.33,68.01 8694.31,68.45"/>
    </edge>
    <edge id=":15_7" function="internal">
        <lane id=":15_7_0" index="0" speed="33.50" length="14.86" shape="8683.69,61.36 8688.25,65.90 8691.54,69.15 8693.56,71.10 8694.31,71.75"/>
    </edge>
    <edge id=":15_8" function="internal">
        <lane id=":15_8_0" index="0" speed="33.50" length="18.01" shape="8683.69,61.36 8689.49,67.35 8693.19,71.63 8694.80,74.19 8694.31,75.05"/>
    </edge>
    <edge id=":15_9" function="internal">
        <lane id=":15_9_0" index="0" speed="33.50" length="22.38" shape="8683.69,61.36 8690.73,68.79 8694.84,74.10 8696.04,77.29 8694.31,78.35"/>
    </edge>
    <edge id=":15_10" function="internal">
        <lane id=":15_10_0" index="0" speed="33.50" length="12.19" shape="8682.12,65.15 8685.74,65.15 8688.22,65.15 8690.69,65.15 8694.31,65.15"/>
    </edge>
    <edge id=":15_11" function="internal">
        <lane id=":15_11_0" index="0" speed="33.50" length="12.19" shape="8682.12,68.45 8685.74,68.45 8688.22,68.45 8690.69,68.45 8694.31,68.45"/>
    </edge>
    <edge id=":15_12" function="internal">
        <lane id=":15_12_0" index="0" speed="33.50" length="12.19" shape="8682.12,71.75 8685.74,71.75 8688.22,71.75 8690.69,71.75 8694.31,71.75"/>
    </edge>
    <edge id=":15_13" function="internal">
        <lane id=":15_13_0" index="0" speed="33.50" length="12.19" shape="8682.12,75.05 8685.74,75.05 8688.22,75.05 8690.69,75.05 8694.31,75.05"/>
    </edge>
    <edge id=":15_14" function="internal">
        <lane id=":15_14_0" index="0" speed="33.50" length="12.19" shape="8682.12,78.35 8685.74,78.35 8688.22,78.35 8690.69,78.35 8694.31,78.35"/>
    </edge>
    <edge id=":16_0" function="internal">
        <lane id=":16_0_0" index="0" speed="33.50" length="0.10" shape="9600.00,65.15 9600.00,65.15"/>
    </edge>
    <edge id=":16_1" function="internal">
        <lane id=":16_1_0" index="0" speed="33.50" length="3.30" shape="9600.00,65.15 9600.00,68.45"/>
    </edge>
    <edge id=":16_2" function="internal">
        <lane id=":16_2_0" index="0" speed="33.50" length="0.10" shape="9600.00,68.45 9600.00,68.45"/>
    </edge>
    <edge id=":16_3" function="internal">
        <lane id=":16_3_0" index="0" speed="33.50" length="3.30" shape="9600.00,68.45 9600.00,71.75"/>
    </edge>
    <edge id=":16_4" function="internal">
        <lane id=":16_4_0" index="0" speed="33.50" length="6.60" shape="9600.00,68.45 9600.00,75.05"/>
    </edge>
    <edge id=":16_5" function="internal">
        <lane id=":16_5_0" index="0" speed="33.50" length="3.30" shape="9600.00,71.75 9600.00,68.45"/>
    </edge>
    <edge id=":16_6" function="internal">
        <lane id=":16_6_0" index="0" speed="33.50" length="0.10" shape="9600.00,71.75 9600.00,71.75"/>
    </edge>
    <edge id=":16_7" function="internal">
        <lane id=":16_7_0" index="0" speed="33.50" length="3.30" shape="9600.00,71.75 9600.00,75.05"/>
    </edge>
    <edge id=":16_8" function="internal">
        <lane id=":16_8_0" index="0" speed="33.50" length="3.30" shape="9600.00,75.05 9600.00,71.75"/>
    </edge>
    <edge id=":16_9" function="internal">
        <lane id=":16_9_0" index="0" speed="33.50" length="0.10" shape="9600.00,75.05 9600.00,75.05"/>
    </edge>
    <edge id=":16_10" function="internal">
        <lane id=":16_10_0" index="0" speed="33.50" length="3.30" shape="9600.00,75.05 9600.00,78.35"/>
    </edge>
    <edge id=":16_11" function="internal">
        <lane id=":16_11_0" index="0" speed="33.50" length="3.30" shape="9600.00,78.35 9600.00,75.05"/>
    </edge>
    <edge id=":16_12" function="internal">
        <lane id=":16_12_0" index="0" speed="33.50" length="0.10" shape="9600.00,78.35 9600.00,78.35"/>
    </edge>
    <edge id=":17_0" function="internal">
        <lane id=":17_0_0" index="0" speed="33.50" length="10.84" shape="10105.69,65.15 10108.64,64.71 10110.40,63.45 10111.87,61.52 10113.98,59.02"/>
    </edge>
    <edge id=":17_1" function="internal">
        <lane id=":17_1_0" index="0" speed="33.50" length="12.19" shape="10105.69,65.15 10109.31,65.15 10111.78,65.15 10114.26,65.15 10117.88,65.15"/>
    </edge>
    <edge id=":17_2" function="internal">
        <lane id=":17_2_0" index="0" speed="33.50" length="13.40" shape="10105.69,68.45 10109.41,67.98 10111.70,66.60 10113.64,64.37 10116.31,61.36"/>
    </edge>
    <edge id=":17_3" function="internal">
        <lane id=":17_3_0" index="0" speed="33.50" length="12.19" shape="10105.69,68.45 10109.31,68.45 10111.78,68.45 10114.26,68.45 10117.88,68.45"/>
    </edge>
    <edge id=":17_4" function="internal">
        <lane id=":17_4_0" index="0" speed="33.50" length="15.77" shape="10105.69,71.75 10109.74,70.87 10111.81,68.52 10113.48,65.20 10116.31,61.36"/>
    </edge>
    <edge id=":17_5" function="internal">
        <lane id=":17_5_0" index="0" speed="33.50" length="12.19" shape="10105.69,71.75 10109.31,71.75 10111.78,71.75 10114.26,71.75 10117.88,71.75"/>
    </edge>
    <edge id=":17_6" function="internal">
        <lane id=":17_6_0" index="0" speed="33.50" length="12.19" shape="10105.69,75.05 10109.31,75.05 10111.78,75.05 10114.26,75.05 10117.88,75.05"/>
    </edge>
    <edge id=":18_0" function="internal">
        <lane id=":18_0_0" index="0" speed="33.50" length="4.46" shape="10398.50,65.15 10401.50,61.85"/>
    </edge>
    <edge id=":18_1" function="internal">
        <lane id=":18_1_0" index="0" speed="33.50" length="3.00" shape="10398.50,65.15 10401.50,65.15"/>
    </edge>
    <edge id=":18_2" function="internal">
        <lane id=":18_2_0" index="0" speed="33.50" length="3.00" shape="10398.50,68.45 10401.50,68.45"/>
    </edge>
    <edge id=":18_3" function="internal">
        <lane id=":18_3_0" index="0" speed="33.50" length="4.46" shape="10398.50,68.45 10401.50,71.75"/>
    </edge>
    <edge id=":18_4" function="internal">
        <lane id=":18_4_0" index="0" speed="33.50" length="3.00" shape="10398.50,71.75 10401.50,71.75"/>
    </edge>
    <edge id=":18_5" function="internal">
        <lane id=":18_5_0" index="0" speed="33.50" length="4.46" shape="10398.50,71.75 10401.50,75.05"/>
    </edge>
    <edge id=":18_6" function="internal">
        <lane id=":18_6_0" index="0" speed="33.50" length="3.00" shape="10398.50,75.05 10401.50,75.05"/>
    </edge>
    <edge id=":18_7" function="internal">
        <lane id=":18_7_0" index="0" speed="33.50" length="4.46" shape="10398.50,75.05 10401.50,78.35"/>
    </edge>
    <edge id=":18_8" function="internal">
        <lane id=":18_8_0" index="0" speed="33.50" length="3.00" shape="10398.50,78.35 10401.50,78.35"/>
    </edge>
    <edge id=":19_0" function="internal">
        <lane id=":19_0_0" index="0" speed="33.50" length="4.46" shape="11098.50,61.85 11101.50,65.15"/>
    </edge>
    <edge id=":19_1" function="internal">
        <lane id=":19_1_0" index="0" speed="33.50" length="3.00" shape="11098.50,65.15 11101.50,65.15"/>
    </edge>
    <edge id=":19_2" function="internal">
        <lane id=":19_2_0" index="0" speed="33.50" length="3.00" shape="11098.50,68.45 11101.50,68.45"/>
    </edge>
    <edge id=":19_3" function="internal">
        <lane id=":19_3_0" index="0" speed="33.50" length="3.00" shape="11098.50,71.75 11101.50,71.75"/>
    </edge>
    <edge id=":19_4" function="internal">
        <lane id=":19_4_0" index="0" speed="33.50" length="3.00" shape="11098.50,75.05 11101.50,75.05"/>
    </edge>
    <edge id=":19_5" function="internal">
        <lane id=":19_5_0" index="0" speed="33.50" length="3.00" shape="11098.50,78.35 11101.50,78.35"/>
    </edge>
    <edge id=":2_0" function="internal">
        <lane id=":2_0_0" index="0" speed="33.50" length="10.43" shape="1189.32,62.32 1192.14,65.00 1194.46,66.92 1196.28,68.07 1197.61,68.45"/>
    </edge>
    <edge id=":2_1" function="internal">
        <lane id=":2_1_0" index="0" speed="33.50" length="12.66" shape="1189.32,62.32 1193.38,66.45 1196.11,69.39 1197.52,71.16 1197.61,71.75"/>
    </edge>
    <edge id=":2_2" function="internal">
        <lane id=":2_2_0" index="0" speed="33.50" length="16.73" shape="1189.32,62.32 1194.61,67.89 1197.76,71.87 1198.76,74.25 1197.61,75.05"/>
    </edge>
    <edge id=":2_3" function="internal">
        <lane id=":2_3_0" index="0" speed="33.50" length="21.37" shape="1189.32,62.32 1195.85,69.34 1199.41,74.34 1200.00,77.35 1197.61,78.35"/>
    </edge>
    <edge id=":2_4" function="internal">
        <lane id=":2_4_0" index="0" speed="33.50" length="11.79" shape="1186.99,64.66 1189.54,66.93 1191.68,68.05 1194.14,68.42 1197.61,68.45"/>
    </edge>
    <edge id=":2_5" function="internal">
        <lane id=":2_5_0" index="0" speed="33.50" length="13.40" shape="1186.99,64.66 1189.66,67.67 1191.60,69.90 1193.89,71.28 1197.61,71.75"/>
    </edge>
    <edge id=":2_6" function="internal">
        <lane id=":2_6_0" index="0" speed="33.50" length="15.77" shape="1186.99,64.66 1189.82,68.50 1191.49,71.82 1193.56,74.17 1197.61,75.05"/>
    </edge>
    <edge id=":2_7" function="internal">
        <lane id=":2_7_0" index="0" speed="33.50" length="18.60" shape="1186.99,64.66 1190.02,69.38 1191.35,73.80 1193.16,77.07 1197.61,78.35"/>
    </edge>
    <edge id=":2_8" function="internal">
        <lane id=":2_8_0" index="0" speed="33.50" length="12.19" shape="1185.42,68.45 1189.04,68.45 1191.52,68.45 1193.99,68.45 1197.61,68.45"/>
    </edge>
    <edge id=":2_9" function="internal">
        <lane id=":2_9_0" index="0" speed="33.50" length="12.19" shape="1185.42,71.75 1189.04,71.75 1191.52,71.75 1193.99,71.75 1197.61,71.75"/>
    </edge>
    <edge id=":2_10" function="internal">
        <lane id=":2_10_0" index="0" speed="33.50" length="12.19" shape="1185.42,75.05 1189.04,75.05 1191.52,75.05 1193.99,75.05 1197.61,75.05"/>
    </edge>
    <edge id=":2_11" function="internal">
        <lane id=":2_11_0" index="0" speed="33.50" length="12.19" shape="1185.42,78.35 1189.04,78.35 1191.52,78.35 1193.99,78.35 1197.61,78.35"/>
    </edge>
    <edge id=":20_0" function="internal">
        <lane id=":20_0_0" index="0" speed="33.50" length="10.43" shape="11505.69,65.15 11507.02,64.77 11508.84,63.62 11511.16,61.70 11513.98,59.02"/>
    </edge>
    <edge id=":20_1" function="internal">
        <lane id=":20_1_0" index="0" speed="33.50" length="12.19" shape="11505.69,65.15 11509.31,65.15 11511.78,65.15 11514.26,65.15 11517.88,65.15"/>
    </edge>
    <edge id=":20_2" function="internal">
        <lane id=":20_2_0" index="0" speed="33.50" length="12.99" shape="11505.69,68.45 11507.67,68.01 11510.11,66.68 11512.99,64.46 11516.31,61.36"/>
    </edge>
    <edge id=":20_3" function="internal">
        <lane id=":20_3_0" index="0" speed="33.50" length="12.19" shape="11505.69,68.45 11509.31,68.45 11511.78,68.45 11514.26,68.45 11517.88,68.45"/>
    </edge>
    <edge id=":20_4" function="internal">
        <lane id=":20_4_0" index="0" speed="33.50" length="14.86" shape="11505.69,71.75 11506.44,71.10 11508.46,69.15 11511.75,65.90 11516.31,61.36"/>
    </edge>
    <edge id=":20_5" function="internal">
        <lane id=":20_5_0" index="0" speed="33.50" length="12.19" shape="11505.69,71.75 11509.31,71.75 11511.78,71.75 11514.26,71.75 11517.88,71.75"/>
    </edge>
    <edge id=":20_6" function="internal">
        <lane id=":20_6_0" index="0" speed="33.50" length="12.19" shape="11505.69,75.05 11509.31,75.05 11511.78,75.05 11514.26,75.05 11517.88,75.05"/>
    </edge>
    <edge id=":20_7" function="internal">
        <lane id=":20_7_0" index="0" speed="33.50" length="12.19" shape="11505.69,78.35 11509.31,78.35 11511.78,78.35 11514.26,78.35 11517.88,78.35"/>
    </edge>
    <edge id=":21_0" function="internal">
        <lane id=":21_0_0" index="0" speed="33.50" length="0.10" shape="12100.00,65.15 12100.00,65.15"/>
    </edge>
    <edge id=":21_1" function="internal">
        <lane id=":21_1_0" index="0" speed="33.50" length="0.10" shape="12100.00,68.45 12100.00,68.45"/>
    </edge>
    <edge id=":21_2" function="internal">
        <lane id=":21_2_0" index="0" speed="33.50" length="0.10" shape="12100.00,71.75 12100.00,71.75"/>
    </edge>
    <edge id=":21_3" function="internal">
        <lane id=":21_3_0" index="0" speed="33.50" length="0.10" shape="12100.00,75.05 12100.00,75.05"/>
    </edge>
    <edge id=":21_4" function="internal">
        <lane id=":21_4_0" index="0" speed="33.50" length="0.10" shape="12100.00,78.35 12100.00,78.35"/>
    </edge>
    <edge id=":3_0" function="internal">
        <lane id=":3_0_0" index="0" speed="33.50" length="4.46" shape="1798.50,68.45 1801.50,65.15"/>
    </edge>
    <edge id=":3_1" function="internal">
        <lane id=":3_1_0" index="0" speed="33.50" length="3.00" shape="1798.50,68.45 1801.50,68.45"/>
    </edge>
    <edge id=":3_2" function="internal">
        <lane id=":3_2_0" index="0" speed="33.50" length="3.00" shape="1798.50,71.75 1801.50,71.75"/>
    </edge>
    <edge id=":3_3" function="internal">
        <lane id=":3_3_0" index="0" speed="33.50" length="3.00" shape="1798.50,75.05 1801.50,75.05"/>
    </edge>
    <edge id=":3_4" function="internal">
        <lane id=":3_4_0" index="0" speed="33.50" length="3.00" shape="1798.50,78.35 1801.50,78.35"/>
    </edge>
    <edge id=":4_0" function="internal">
        <lane id=":4_0_0" index="0" speed="33.50" length="4.46" shape="2298.50,65.15 2301.50,61.85"/>
    </edge>
    <edge id=":4_1" function="internal">
        <lane id=":4_1_0" index="0" speed="33.50" length="3.00" shape="2298.50,65.15 2301.50,65.15"/>
    </edge>
    <edge id=":4_2" function="internal">
        <lane id=":4_2_0" index="0" speed="33.50" length="3.00" shape="2298.50,68.45 2301.50,68.45"/>
    </edge>
    <edge id=":4_3" function="internal">
        <lane id=":4_3_0" index="0" speed="33.50" length="3.00" shape="2298.50,71.75 2301.50,71.75"/>
    </edge>
    <edge id=":4_4" function="internal">
        <lane id=":4_4_0" index="0" speed="33.50" length="3.00" shape="2298.50,75.05 2301.50,75.05"/>
    </edge>
    <edge id=":4_5" function="internal">
        <lane id=":4_5_0" index="0" speed="33.50" length="3.00" shape="2298.50,78.35 2301.50,78.35"/>
    </edge>
    <edge id=":5_0" function="internal">
        <lane id=":5_0_0" index="0" speed="33.50" length="4.46" shape="2898.50,61.85 2901.50,65.15"/>
    </edge>
    <edge id=":5_1" function="internal">
        <lane id=":5_1_0" index="0" speed="33.50" length="3.00" shape="2898.50,65.15 2901.50,65.15"/>
    </edge>
    <edge id=":5_2" function="internal">
        <lane id=":5_2_0" index="0" speed="33.50" length="3.00" shape="2898.50,68.45 2901.50,68.45"/>
    </edge>
    <edge id=":5_3" function="internal">
        <lane id=":5_3_0" index="0" speed="33.50" length="3.00" shape="2898.50,71.75 2901.50,71.75"/>
    </edge>
    <edge id=":5_4" function="internal">
        <lane id=":5_4_0" index="0" speed="33.50" length="3.00" shape="2898.50,75.05 2901.50,75.05"/>
    </edge>
    <edge id=":5_5" function="internal">
        <lane id=":5_5_0" index="0" speed="33.50" length="3.00" shape="2898.50,78.35 2901.50,78.35"/>
    </edge>
    <edge id=":6_0" function="internal">
        <lane id=":6_0_0" index="0" speed="33.50" length="10.84" shape="3005.69,65.15 3008.64,64.71 3010.40,63.45 3011.87,61.52 3013.98,59.02"/>
    </edge>
    <edge id=":6_1" function="internal">
        <lane id=":6_1_0" index="0" speed="33.50" length="12.19" shape="3005.69,65.15 3009.31,65.15 3011.78,65.15 3014.26,65.15 3017.88,65.15"/>
    </edge>
    <edge id=":6_2" function="internal">
        <lane id=":6_2_0" index="0" speed="33.50" length="12.99" shape="3005.69,68.45 3007.67,68.01 3010.11,66.68 3012.99,64.46 3016.31,61.36"/>
    </edge>
    <edge id=":6_3" function="internal">
        <lane id=":6_3_0" index="0" speed="33.50" length="12.19" shape="3005.69,68.45 3009.31,68.45 3011.78,68.45 3014.26,68.45 3017.88,68.45"/>
    </edge>
    <edge id=":6_4" function="internal">
        <lane id=":6_4_0" index="0" speed="33.50" length="14.86" shape="3005.69,71.75 3006.44,71.10 3008.46,69.15 3011.75,65.90 3016.31,61.36"/>
    </edge>
    <edge id=":6_5" function="internal">
        <lane id=":6_5_0" index="0" speed="33.50" length="12.19" shape="3005.69,71.75 3009.31,71.75 3011.78,71.75 3014.26,71.75 3017.88,71.75"/>
    </edge>
    <edge id=":6_6" function="internal">
        <lane id=":6_6_0" index="0" speed="33.50" length="12.19" shape="3005.69,75.05 3009.31,75.05 3011.78,75.05 3014.26,75.05 3017.88,75.05"/>
    </edge>
    <edge id=":6_7" function="internal">
        <lane id=":6_7_0" index="0" speed="33.50" length="12.19" shape="3005.69,78.35 3009.31,78.35 3011.78,78.35 3014.26,78.35 3017.88,78.35"/>
    </edge>
    <edge id=":7_0" function="internal">
        <lane id=":7_0_0" index="0" speed="33.50" length="4.46" shape="3498.50,65.15 3501.50,68.45"/>
    </edge>
    <edge id=":7_1" function="internal">
        <lane id=":7_1_0" index="0" speed="33.50" length="3.00" shape="3498.50,68.45 3501.50,68.45"/>
    </edge>
    <edge id=":7_2" function="internal">
        <lane id=":7_2_0" index="0" speed="33.50" length="3.00" shape="3498.50,71.75 3501.50,71.75"/>
    </edge>
    <edge id=":7_3" function="internal">
        <lane id=":7_3_0" index="0" speed="33.50" length="3.00" shape="3498.50,75.05 3501.50,75.05"/>
    </edge>
    <edge id=":7_4" function="internal">
        <lane id=":7_4_0" index="0" speed="33.50" length="3.00" shape="3498.50,78.35 3501.50,78.35"/>
    </edge>
    <edge id=":8_0" function="internal">
        <lane id=":8_0_0" index="0" speed="33.50" length="10.84" shape="4702.39,68.45 4705.34,68.01 4707.10,66.75 4708.57,64.82 4710.68,62.32"/>
    </edge>
    <edge id=":8_1" function="internal">
        <lane id=":8_1_0" index="0" speed="33.50" length="12.19" shape="4702.39,68.45 4706.01,68.45 4708.48,68.45 4710.96,68.45 4714.58,68.45"/>
    </edge>
    <edge id=":8_2" function="internal">
        <lane id=":8_2_0" index="0" speed="33.50" length="13.40" shape="4702.39,71.75 4706.11,71.28 4708.40,69.90 4710.34,67.67 4713.01,64.66"/>
    </edge>
    <edge id=":8_3" function="internal">
        <lane id=":8_3_0" index="0" speed="33.50" length="12.19" shape="4702.39,71.75 4706.01,71.75 4708.48,71.75 4710.96,71.75 4714.58,71.75"/>
    </edge>
    <edge id=":8_4" function="internal">
        <lane id=":8_4_0" index="0" speed="33.50" length="15.77" shape="4702.39,75.05 4706.44,74.17 4708.51,71.82 4710.18,68.50 4713.01,64.66"/>
    </edge>
    <edge id=":8_5" function="internal">
        <lane id=":8_5_0" index="0" speed="33.50" length="12.19" shape="4702.39,75.05 4706.01,75.05 4708.48,75.05 4710.96,75.05 4714.58,75.05"/>
    </edge>
    <edge id=":8_6" function="internal">
        <lane id=":8_6_0" index="0" speed="33.50" length="12.19" shape="4702.39,78.35 4706.01,78.35 4708.48,78.35 4710.96,78.35 4714.58,78.35"/>
    </edge>
    <edge id=":9_0" function="internal">
        <lane id=":9_0_0" index="0" speed="33.50" length="4.46" shape="5198.50,68.45 5201.50,65.15"/>
    </edge>
    <edge id=":9_1" function="internal">
        <lane id=":9_1_0" index="0" speed="33.50" length="3.00" shape="5198.50,68.45 5201.50,68.45"/>
    </edge>
    <edge id=":9_2" function="internal">
        <lane id=":9_2_0" index="0" speed="33.50" length="4.46" shape="5198.50,68.45 5201.50,71.75"/>
    </edge>
    <edge id=":9_3" function="internal">
        <lane id=":9_3_0" index="0" speed="33.50" length="4.46" shape="5198.50,71.75 5201.50,68.45"/>
    </edge>
    <edge id=":9_4" function="internal">
        <lane id=":9_4_0" index="0" speed="33.50" length="3.00" shape="5198.50,71.75 5201.50,71.75"/>
    </edge>
    <edge id=":9_5" function="internal">
        <lane id=":9_5_0" index="0" speed="33.50" length="4.46" shape="5198.50,71.75 5201.50,75.05"/>
    </edge>
    <edge id=":9_6" function="internal">
        <lane id=":9_6_0" index="0" speed="33.50" length="4.46" shape="5198.50,75.05 5201.50,71.75"/>
    </edge>
    <edge id=":9_7" function="internal">
        <lane id=":9_7_0" index="0" speed="33.50" length="3.00" shape="5198.50,75.05 5201.50,75.05"/>
    </edge>
    <edge id=":9_8" function="internal">
        <lane id=":9_8_0" index="0" speed="33.50" length="4.46" shape="5198.50,75.05 5201.50,78.35"/>
    </edge>
    <edge id=":9_9" function="internal">
        <lane id=":9_9_0" index="0" speed="33.50" length="4.46" shape="5198.50,78.35 5201.50,75.05"/>
    </edge>
    <edge id=":9_10" function="internal">
        <lane id=":9_10_0" index="0" speed="33.50" length="3.00" shape="5198.50,78.35 5201.50,78.35"/>
    </edge>

    <edge id="E1" from="1" to="2" priority="1" type="c">
        <lane id="E1_0" index="0" speed="33.50" length="1185.42" shape="0.00,68.45 1185.42,68.45"/>
        <lane id="E1_1" index="1" speed="33.50" length="1185.42" shape="0.00,71.75 1185.42,71.75"/>
        <lane id="E1_2" index="2" speed="33.50" length="1185.42" shape="0.00,75.05 1185.42,75.05"/>
        <lane id="E1_3" index="3" speed="33.50" length="1185.42" shape="0.00,78.35 1185.42,78.35"/>
    </edge>
    <edge id="E10" from="10" to="11" priority="1" type="d">
        <lane id="E10_0" index="0" speed="33.50" length="1011.37" shape="5394.31,65.15 6405.69,65.15"/>
        <lane id="E10_1" index="1" speed="33.50" length="1011.37" shape="5394.31,68.45 6405.69,68.45"/>
        <lane id="E10_2" index="2" speed="33.50" length="1011.37" shape="5394.31,71.75 6405.69,71.75"/>
        <lane id="E10_3" index="3" speed="33.50" length="1011.37" shape="5394.31,75.05 6405.69,75.05"/>
        <lane id="E10_4" index="4" speed="33.50" length="1011.37" shape="5394.31,78.35 6405.69,78.35"/>
    </edge>
    <edge id="E11" from="11" to="12" priority="1" type="d">
        <lane id="E11_0" index="0" speed="33.50" length="564.24" shape="6417.88,65.15 6982.12,65.15"/>
        <lane id="E11_1" index="1" speed="33.50" length="564.24" shape="6417.88,68.45 6982.12,68.45"/>
        <lane id="E11_2" index="2" speed="33.50" length="564.24" shape="6417.88,71.75 6982.12,71.75"/>
        <lane id="E11_3" index="3" speed="33.50" length="564.24" shape="6417.88,75.05 6982.12,75.05"/>
        <lane id="E11_4" index="4" speed="33.50" length="564.24" shape="6417.88,78.35 6982.12,78.35"/>
    </edge>
    <edge id="E12" from="12" to="13" priority="1" type="d">
        <lane id="E12_0" index="0" speed="33.50" length="404.19" shape="6994.31,65.15 7398.50,65.15"/>
        <lane id="E12_1" index="1" speed="33.50" length="404.19" shape="6994.31,68.45 7398.50,68.45"/>
        <lane id="E12_2" index="2" speed="33.50" length="404.19" shape="6994.31,71.75 7398.50,71.75"/>
        <lane id="E12_3" index="3" speed="33.50" length="404.19" shape="6994.31,75.05 7398.50,75.05"/>
        <lane id="E12_4" index="4" speed="33.50" length="404.19" shape="6994.31,78.35 7398.50,78.35"/>
    </edge>
    <edge id="E13" from="13" to="14" priority="1" type="e">
        <lane id="E13_0" index="0" speed="33.50" length="597.00" shape="7401.50,61.85 7998.50,61.85"/>
        <lane id="E13_1" index="1" speed="33.50" length="597.00" shape="7401.50,65.15 7998.50,65.15"/>
        <lane id="E13_2" index="2" speed="33.50" length="597.00" shape="7401.50,68.45 7998.50,68.45"/>
        <lane id="E13_3" index="3" speed="33.50" length="597.00" shape="7401.50,71.75 7998.50,71.75"/>
        <lane id="E13_4" index="4" speed="33.50" length="597.00" shape="7401.50,75.05 7998.50,75.05"/>
        <lane id="E13_5" index="5" speed="33.50" length="597.00" shape="7401.50,78.35 7998.50,78.35"/>
    </edge>
    <edge id="E14" from="14" to="15" priority="1" type="d">
        <lane id="E14_0" index="0" speed="33.50" length="680.62" shape="8001.50,65.15 8682.12,65.15"/>
        <lane id="E14_1" index="1" speed="33.50" length="680.62" shape="8001.50,68.45 8682.12,68.45"/>
        <lane id="E14_2" index="2" speed="33.50" length="680.62" shape="8001.50,71.75 8682.12,71.75"/>
        <lane id="E14_3" index="3" speed="33.50" length="680.62" shape="8001.50,75.05 8682.12,75.05"/>
        <lane id="E14_4" index="4" speed="33.50" length="680.62" shape="8001.50,78.35 8682.12,78.35"/>
    </edge>
    <edge id="E15" from="15" to="16" priority="1" type="d">
        <lane id="E15_0" index="0" speed="33.50" length="905.69" shape="8694.31,65.15 9600.00,65.15"/>
        <lane id="E15_1" index="1" speed="33.50" length="905.69" shape="8694.31,68.45 9600.00,68.45"/>
        <lane id="E15_2" index="2" speed="33.50" length="905.69" shape="8694.31,71.75 9600.00,71.75"/>
        <lane id="E15_3" index="3" speed="33.50" length="905.69" shape="8694.31,75.05 9600.00,75.05"/>
        <lane id="E15_4" index="4" speed="33.50" length="905.69" shape="8694.31,78.35 9600.00,78.35"/>
    </edge>
    <edge id="E16" from="16" to="17" priority="1" type="d">
        <lane id="E16_0" index="0" speed="33.50" length="505.69" shape="9600.00,65.15 10105.69,65.15"/>
        <lane id="E16_1" index="1" speed="33.50" length="505.69" shape="9600.00,68.45 10105.69,68.45"/>
        <lane id="E16_2" index="2" speed="33.50" length="505.69" shape="9600.00,71.75 10105.69,71.75"/>
        <lane id="E16_3" index="3" speed="33.50" length="505.69" shape="9600.00,75.05 10105.69,75.05"/>
        <lane id="E16_4" index="4" speed="33.50" length="505.69" shape="9600.00,78.35 10105.69,78.35"/>
    </edge>
    <edge id="E17" from="17" to="18" priority="1" type="d">
        <lane id="E17_0" index="0" speed="33.50" length="280.62" shape="10117.88,65.15 10398.50,65.15"/>
        <lane id="E17_1" index="1" speed="33.50" length="280.62" shape="10117.88,68.45 10398.50,68.45"/>
        <lane id="E17_2" index="2" speed="33.50" length="280.62" shape="10117.88,71.75 10398.50,71.75"/>
        <lane id="E17_3" index="3" speed="33.50" length="280.62" shape="10117.88,75.05 10398.50,75.05"/>
        <lane id="E17_4" index="4" speed="33.50" length="280.62" shape="10117.88,78.35 10398.50,78.35"/>
    </edge>
    <edge id="E18" from="18" to="19" priority="1" type="e">
        <lane id="E18_0" index="0" speed="33.50" length="697.00" shape="10401.50,61.85 11098.50,61.85"/>
        <lane id="E18_1" index="1" speed="33.50" length="697.00" shape="10401.50,65.15 11098.50,65.15"/>
        <lane id="E18_2" index="2" speed="33.50" length="697.00" shape="10401.50,68.45 11098.50,68.45"/>
        <lane id="E18_3" index="3" speed="33.50" length="697.00" shape="10401.50,71.75 11098.50,71.75"/>
        <lane id="E18_4" index="4" speed="33.50" length="697.00" shape="10401.50,75.05 11098.50,75.05"/>
        <lane id="E18_5" index="5" speed="33.50" length="697.00" shape="10401.50,78.35 11098.50,78.35"/>
    </edge>
    <edge id="E19" from="19" to="20" priority="1" type="d">
        <lane id="E19_0" index="0" speed="33.50" length="404.19" shape="11101.50,65.15 11505.69,65.15"/>
        <lane id="E19_1" index="1" speed="33.50" length="404.19" shape="11101.50,68.45 11505.69,68.45"/>
        <lane id="E19_2" index="2" speed="33.50" length="404.19" shape="11101.50,71.75 11505.69,71.75"/>
        <lane id="E19_3" index="3" speed="33.50" length="404.19" shape="11101.50,75.05 11505.69,75.05"/>
        <lane id="E19_4" index="4" speed="33.50" length="404.19" shape="11101.50,78.35 11505.69,78.35"/>
    </edge>
    <edge id="E2" from="2" to="3" priority="1" type="c">
        <lane id="E2_0" index="0" speed="33.50" length="600.89" shape="1197.61,68.45 1798.50,68.45"/>
        <lane id="E2_1" index="1" speed="33.50" length="600.89" shape="1197.61,71.75 1798.50,71.75"/>
        <lane id="E2_2" index="2" speed="33.50" length="600.89" shape="1197.61,75.05 1798.50,75.05"/>
        <lane id="E2_3" index="3" speed="33.50" length="600.89" shape="1197.61,78.35 1798.50,78.35"/>
    </edge>
    <edge id="E20" from="20" to="21" priority="1" type="d">
        <lane id="E20_0" index="0" speed="33.50" length="582.12" shape="11517.88,65.15 12100.00,65.15"/>
        <lane id="E20_1" index="1" speed="33.50" length="582.12" shape="11517.88,68.45 12100.00,68.45"/>
        <lane id="E20_2" index="2" speed="33.50" length="582.12" shape="11517.88,71.75 12100.00,71.75"/>
        <lane id="E20_3" index="3" speed="33.50" length="582.12" shape="11517.88,75.05 12100.00,75.05"/>
        <lane id="E20_4" index="4" speed="33.50" length="582.12" shape="11517.88,78.35 12100.00,78.35"/>
    </edge>
    <edge id="E21" from="21" to="22" priority="1" type="d">
        <lane id="E21_0" index="0" speed="33.50" length="50.00" shape="12100.00,65.15 12150.00,65.15"/>
        <lane id="E21_1" index="1" speed="33.50" length="50.00" shape="12100.00,68.45 12150.00,68.45"/>
        <lane id="E21_2" index="2" speed="33.50" length="50.00" shape="12100.00,71.75 12150.00,71.75"/>
        <lane id="E21_3" index="3" speed="33.50" length="50.00" shape="12100.00,75.05 12150.00,75.05"/>
        <lane id="E21_4" index="4" speed="33.50" length="50.00" shape="12100.00,78.35 12150.00,78.35"/>
    </edge>
    <edge id="E3" from="3" to="4" priority="1" type="d">
        <lane id="E3_0" index="0" speed="33.50" length="497.00" shape="1801.50,65.15 2298.50,65.15"/>
        <lane id="E3_1" index="1" speed="33.50" length="497.00" shape="1801.50,68.45 2298.50,68.45"/>
        <lane id="E3_2" index="2" speed="33.50" length="497.00" shape="1801.50,71.75 2298.50,71.75"/>
        <lane id="E3_3" index="3" speed="33.50" length="497.00" shape="1801.50,75.05 2298.50,75.05"/>
        <lane id="E3_4" index="4" speed="33.50" length="497.00" shape="1801.50,78.35 2298.50,78.35"/>
    </edge>
    <edge id="E4" from="4" to="5" priority="1" type="e">
        <lane id="E4_0" index="0" speed="33.50" length="597.00" shape="2301.50,61.85 2898.50,61.85"/>
        <lane id="E4_1" index="1" speed="33.50" length="597.00" shape="2301.50,65.15 2898.50,65.15"/>
        <lane id="E4_2" index="2" speed="33.50" length="597.00" shape="2301.50,68.45 2898.50,68.45"/>
        <lane id="E4_3" index="3" speed="33.50" length="597.00" shape="2301.50,71.75 2898.50,71.75"/>
        <lane id="E4_4" index="4" speed="33.50" length="597.00" shape="2301.50,75.05 2898.50,75.05"/>
        <lane id="E4_5" index="5" speed="33.50" length="597.00" shape="2301.50,78.35 2898.50,78.35"/>
    </edge>
    <edge id="E5" from="5" to="6" priority="1" type="d">
        <lane id="E5_0" index="0" speed="33.50" length="104.19" shape="2901.50,65.15 3005.69,65.15"/>
        <lane id="E5_1" index="1" speed="33.50" length="104.19" shape="2901.50,68.45 3005.69,68.45"/>
        <lane id="E5_2" index="2" speed="33.50" length="104.19" shape="2901.50,71.75 3005.69,71.75"/>
        <lane id="E5_3" index="3" speed="33.50" length="104.19" shape="2901.50,75.05 3005.69,75.05"/>
        <lane id="E5_4" index="4" speed="33.50" length="104.19" shape="2901.50,78.35 3005.69,78.35"/>
    </edge>
    <edge id="E6" from="6" to="7" priority="1" type="d">
        <lane id="E6_0" index="0" speed="33.50" length="480.62" shape="3017.88,65.15 3498.50,65.15"/>
        <lane id="E6_1" index="1" speed="33.50" length="480.62" shape="3017.88,68.45 3498.50,68.45"/>
        <lane id="E6_2" index="2" speed="33.50" length="480.62" shape="3017.88,71.75 3498.50,71.75"/>
        <lane id="E6_3" index="3" speed="33.50" length="480.62" shape="3017.88,75.05 3498.50,75.05"/>
        <lane id="E6_4" index="4" speed="33.50" length="480.62" shape="3017.88,78.35 3498.50,78.35"/>
    </edge>
    <edge id="E7" from="7" to="8" priority="1" type="c">
        <lane id="E7_0" index="0" speed="33.50" length="1200.89" shape="3501.50,68.45 4702.39,68.45"/>
        <lane id="E7_1" index="1" speed="33.50" length="1200.89" shape="3501.50,71.75 4702.39,71.75"/>
        <lane id="E7_2" index="2" speed="33.50" length="1200.89" shape="3501.50,75.05 4702.39,75.05"/>
        <lane id="E7_3" index="3" speed="33.50" length="1200.89" shape="3501.50,78.35 4702.39,78.35"/>
    </edge>
    <edge id="E8" from="8" to="9" priority="1" type="c">
        <lane id="E8_0" index="0" speed="33.50" length="483.92" shape="4714.58,68.45 5198.50,68.45"/>
        <lane id="E8_1" index="1" speed="33.50" length="483.92" shape="4714.58,71.75 5198.50,71.75"/>
        <lane id="E8_2" index="2" speed="33.50" length="483.92" shape="4714.58,75.05 5198.50,75.05"/>
        <lane id="E8_3" index="3" speed="33.50" length="483.92" shape="4714.58,78.35 5198.50,78.35"/>
    </edge>
    <edge id="E9" from="9" to="10" priority="1" type="d">
        <lane id="E9_0" index="0" speed="33.50" length="180.62" shape="5201.50,65.15 5382.12,65.15"/>
        <lane id="E9_1" index="1" speed="33.50" length="180.62" shape="5201.50,68.45 5382.12,68.45"/>
        <lane id="E9_2" index="2" speed="33.50" length="180.62" shape="5201.50,71.75 5382.12,71.75"/>
        <lane id="E9_3" index="3" speed="33.50" length="180.62" shape="5201.50,75.05 5382.12,75.05"/>
        <lane id="E9_4" index="4" speed="33.50" length="180.62" shape="5201.50,78.35 5382.12,78.35"/>
    </edge>
    <edge id="S10" from="10S" to="10" priority="1" type="a">
        <lane id="S10_0" index="0" speed="33.50" length="88.42" shape="5323.50,-3.50 5386.02,59.02"/>
        <lane id="S10_1" index="1" speed="33.50" length="88.42" shape="5321.17,-1.17 5383.69,61.36"/>
    </edge>
    <edge id="S11" from="11" to="11S" priority="1" type="a">
        <lane id="S11_0" index="0" speed="33.50" length="88.42" shape="6413.98,59.02 6476.50,-3.50"/>
        <lane id="S11_1" index="1" speed="33.50" length="88.42" shape="6416.31,61.36 6478.83,-1.17"/>
    </edge>
    <edge id="S12" from="12S" to="12" priority="1" type="a">
        <lane id="S12_0" index="0" speed="33.50" length="88.42" shape="6923.50,-3.50 6986.02,59.02"/>
        <lane id="S12_1" index="1" speed="33.50" length="88.42" shape="6921.17,-1.17 6983.69,61.36"/>
    </edge>
    <edge id="S15" from="15S" to="15" priority="1" type="a">
        <lane id="S15_0" index="0" speed="33.50" length="88.42" shape="8623.50,-3.50 8686.02,59.02"/>
        <lane id="S15_1" index="1" speed="33.50" length="88.42" shape="8621.17,-1.17 8683.69,61.36"/>
    </edge>
    <edge id="S17" from="17" to="17S" priority="1" type="a">
        <lane id="S17_0" index="0" speed="33.50" length="88.42" shape="10113.98,59.02 10176.50,-3.50"/>
        <lane id="S17_1" index="1" speed="33.50" length="88.42" shape="10116.31,61.36 10178.83,-1.17"/>
    </edge>
    <edge id="S2" from="2S" to="2" priority="1" type="a">
        <lane id="S2_0" index="0" speed="33.50" length="93.09" shape="1123.50,-3.50 1189.32,62.32"/>
        <lane id="S2_1" index="1" speed="33.50" length="93.09" shape="1121.17,-1.17 1186.99,64.66"/>
    </edge>
    <edge id="S20" from="20" to="20S" priority="1" type="a">
        <lane id="S20_0" index="0" speed="33.50" length="88.42" shape="11513.98,59.02 11576.50,-3.50"/>
        <lane id="S20_1" index="1" speed="33.50" length="88.42" shape="11516.31,61.36 11578.83,-1.17"/>
    </edge>
    <edge id="S6" from="6" to="6S" priority="1" type="a">
        <lane id="S6_0" index="0" speed="33.50" length="88.42" shape="3013.98,59.02 3076.50,-3.50"/>
        <lane id="S6_1" index="1" speed="33.50" length="88.42" shape="3016.31,61.36 3078.83,-1.17"/>
    </edge>
    <edge id="S8" from="8" to="8S" priority="1" type="a">
        <lane id="S8_0" index="0" speed="33.50" length="93.09" shape="4710.68,62.32 4776.50,-3.50"/>
        <lane id="S8_1" index="1" speed="33.50" length="93.09" shape="4713.01,64.66 4778.83,-1.17"/>
    </edge>

    <junction id="1" type="unregulated" x="0.00" y="80.00" incLanes="" intLanes="" shape="0.00,79.95 0.00,66.85">
    </junction>
    <junction id="10" type="priority" x="5400.00" y="80.00" incLanes="S10_0 S10_1 E9_0 E9_1 E9_2 E9_3 E9_4" intLanes=":10_0_0 :10_1_0 :10_2_0 :10_3_0 :10_4_0 :10_5_0 :10_6_0 :10_7_0 :10_8_0 :10_9_0 :10_10_0 :10_11_0 :10_12_0 :10_13_0 :10_14_0" shape="5394.31,79.95 5394.31,63.55 5387.16,57.89 5382.56,62.49 5382.12,63.55 5382.12,79.95">
        <request index="0" response="000000000000000" foes="111110000000000" cont="0"/>
        <request index="1" response="000000000000000" foes="111110000000000" cont="0"/>
        <request index="2" response="000000000000000" foes="111110000000000" cont="0"/>
        <request index="3" response="000000000000000" foes="111110000000000" cont="0"/>
        <request index="4" response="000000000000000" foes="111110000000000" cont="0"/>
        <request index="5" response="000000000000000" foes="111110000000000" cont="0"/>
        <request index="6" response="000000000000000" foes="111110000000000" cont="0"/>
        <request index="7" response="000000000000000" foes="111110000000000" cont="0"/>
        <request index="8" response="000000000000000" foes="111110000000000" cont="0"/>
        <request index="9" response="000000000000000" foes="111110000000000" cont="0"/>
        <request index="10" response="000000000000000" foes="000001111111111" cont="0"/>
        <request index="11" response="000000000000000" foes="000001111111111" cont="0"/>
        <request index="12" response="000000000000000" foes="000001111111111" cont="0"/>
        <request index="13" response="000000000000000" foes="000001111111111" cont="0"/>
        <request index="14" response="000000000000000" foes="000001111111111" cont="0"/>
    </junction>
    <junction id="10S" type="unregulated" x="5320.00" y="0.00" incLanes="" intLanes="" shape="5320.04,-0.04 5324.63,-4.63">
    </junction>
    <junction id="11" type="priority" x="6400.00" y="80.00" incLanes="E10_0 E10_1 E10_2 E10_3 E10_4" intLanes=":11_0_0 :11_1_0 :11_2_0 :11_3_0 :11_4_0 :11_5_0 :11_6_0 :11_7_0" shape="6417.88,79.95 6417.88,63.55 6417.44,62.49 6412.84,57.89 6405.69,63.55 6405.69,79.95">
        <request index="0" response="00000000" foes="00000000" cont="0"/>
        <request index="1" response="00000000" foes="00000000" cont="0"/>
        <request index="2" response="00000000" foes="00000000" cont="0"/>
        <request index="3" response="00000000" foes="00000000" cont="0"/>
        <request index="4" response="00000000" foes="00000000" cont="0"/>
        <request index="5" response="00000000" foes="00000000" cont="0"/>
        <request index="6" response="00000000" foes="00000000" cont="0"/>
        <request index="7" response="00000000" foes="00000000" cont="0"/>
    </junction>
    <junction id="11S" type="unregulated" x="6480.00" y="0.00" incLanes="S11_0 S11_1" intLanes="" shape="6475.37,-4.63 6479.96,-0.04">
    </junction>
    <junction id="12" type="priority" x="7000.00" y="80.00" incLanes="S12_0 S12_1 E11_0 E11_1 E11_2 E11_3 E11_4" intLanes=":12_0_0 :12_1_0 :12_2_0 :12_3_0 :12_4_0 :12_5_0 :12_6_0 :12_7_0 :12_8_0 :12_9_0 :12_10_0 :12_11_0 :12_12_0 :12_13_0 :12_14_0" shape="6994.31,79.95 6994.31,63.55 6987.16,57.89 6982.56,62.49 6982.12,63.55 6982.12,79.95">
        <request index="0" response="000000000000000" foes="111110000000000" cont="0"/>
        <request index="1" response="000000000000000" foes="111110000000000" cont="0"/>
        <request index="2" response="000000000000000" foes="111110000000000" cont="0"/>
        <request index="3" response="000000000000000" foes="111110000000000" cont="0"/>
        <request index="4" response="000000000000000" foes="111110000000000" cont="0"/>
        <request index="5" response="000000000000000" foes="111110000000000" cont="0"/>
        <request index="6" response="000000000000000" foes="111110000000000" cont="0"/>
        <request index="7" response="000000000000000" foes="111110000000000" cont="0"/>
        <request index="8" response="000000000000000" foes="111110000000000" cont="0"/>
        <request index="9" response="000000000000000" foes="111110000000000" cont="0"/>
        <request index="10" response="000000000000000" foes="000001111111111" cont="0"/>
        <request index="11" response="000000000000000" foes="000001111111111" cont="0"/>
        <request index="12" response="000000000000000" foes="000001111111111" cont="0"/>
        <request index="13" response="000000000000000" foes="000001111111111" cont="0"/>
        <request index="14" response="000000000000000" foes="000001111111111" cont="0"/>
    </junction>
    <junction id="12S" type="unregulated" x="6920.00" y="0.00" incLanes="" intLanes="" shape="6920.04,-0.04 6924.63,-4.63">
    </junction>
    <junction id="13" type="priority" x="7400.00" y="80.00" incLanes="E12_0 E12_1 E12_2 E12_3 E12_4" intLanes=":13_0_0 :13_1_0 :13_2_0 :13_3_0 :13_4_0 :13_5_0" shape="7401.50,79.95 7401.50,60.25 7398.50,63.55 7398.50,79.95">
        <request index="0" response="000000" foes="000000" cont="0"/>
        <request index="1" response="000000" foes="000000" cont="0"/>
        <request index="2" response="000000" foes="000000" cont="0"/>
        <request index="3" response="000000" foes="000000" cont="0"/>
        <request index="4" response="000000" foes="000000" cont="0"/>
        <request index="5" response="000000" foes="000000" cont="0"/>
    </junction>
    <junction id="14" type="priority" x="8000.00" y="80.00" incLanes="E13_0 E13_1 E13_2 E13_3 E13_4 E13_5" intLanes=":14_0_0 :14_1_0 :14_2_0 :14_3_0 :14_4_0 :14_5_0" shape="8001.50,79.95 8001.50,63.55 7998.50,60.25 7998.50,79.95">
        <request index="0" response="000000" foes="000000" cont="0"/>
        <request index="1" response="000000" foes="000000" cont="0"/>
        <request index="2" response="000000" foes="000000" cont="0"/>
        <request index="3" response="000000" foes="000000" cont="0"/>
        <request index="4" response="000000" foes="000000" cont="0"/>
        <request index="5" response="000000" foes="000000" cont="0"/>
    </junction>
    <junction id="15" type="priority" x="8700.00" y="80.00" incLanes="S15_0 S15_1 E14_0 E14_1 E14_2 E14_3 E14_4" intLanes=":15_0_0 :15_1_0 :15_2_0 :15_3_0 :15_4_0 :15_5_0 :15_6_0 :15_7_0 :15_8_0 :15_9_0 :15_10_0 :15_11_0 :15_12_0 :15_13_0 :15_14_0" shape="8694.31,79.95 8694.31,63.55 8687.16,57.89 8682.56,62.49 8682.12,63.55 8682.12,79.95">
        <request index="0" response="000000000000000" foes="111110000000000" cont="0"/>
        <request index="1" response="000000000000000" foes="111110000000000" cont="0"/>
        <request index="2" response="000000000000000" foes="111110000000000" cont="0"/>
        <request index="3" response="000000000000000" foes="111110000000000" cont="0"/>
        <request index="4" response="000000000000000" foes="111110000000000" cont="0"/>
        <request index="5" response="000000000000000" foes="111110000000000" cont="0"/>
        <request index="6" response="000000000000000" foes="111110000000000" cont="0"/>
        <request index="7" response="000000000000000" foes="111110000000000" cont="0"/>
        <request index="8" response="000000000000000" foes="111110000000000" cont="0"/>
        <request index="9" response="000000000000000" foes="111110000000000" cont="0"/>
        <request index="10" response="000000000000000" foes="000001111111111" cont="0"/>
        <request index="11" response="000000000000000" foes="000001111111111" cont="0"/>
        <request index="12" response="000000000000000" foes="000001111111111" cont="0"/>
        <request index="13" response="000000000000000" foes="000001111111111" cont="0"/>
        <request index="14" response="000000000000000" foes="000001111111111" cont="0"/>
    </junction>
    <junction id="15S" type="unregulated" x="8620.00" y="0.00" incLanes="" intLanes="" shape="8620.04,-0.04 8624.63,-4.63">
    </junction>
    <junction id="16" type="priority" x="9600.00" y="80.00" incLanes="E15_0 E15_1 E15_2 E15_3 E15_4" intLanes=":16_0_0 :16_1_0 :16_2_0 :16_3_0 :16_4_0 :16_5_0 :16_6_0 :16_7_0 :16_8_0 :16_9_0 :16_10_0 :16_11_0 :16_12_0" shape="9600.00,79.95 9600.00,63.55 9600.00,79.95">
        <request index="0" response="0000000000000" foes="0000000000000" cont="0"/>
        <request index="1" response="0000000000000" foes="0000000000000" cont="0"/>
        <request index="2" response="0000000000000" foes="0000000000000" cont="0"/>
        <request index="3" response="0000000000000" foes="0000000000000" cont="0"/>
        <request index="4" response="0000000000000" foes="0000000000000" cont="0"/>
        <request index="5" response="0000000000000" foes="0000000000000" cont="0"/>
        <request index="6" response="0000000000000" foes="0000000000000" cont="0"/>
        <request index="7" response="0000000000000" foes="0000000000000" cont="0"/>
        <request index="8" response="0000000000000" foes="0000000000000" cont="0"/>
        <request index="9" response="0000000000000" foes="0000000000000" cont="0"/>
        <request index="10" response="0000000000000" foes="0000000000000" cont="0"/>
        <request index="11" response="0000000000000" foes="0000000000000" cont="0"/>
        <request index="12" response="0000000000000" foes="0000000000000" cont="0"/>
    </junction>
    <junction id="17" type="priority" x="10100.00" y="80.00" incLanes="E16_0 E16_1 E16_2 E16_3 E16_4" intLanes=":17_0_0 :17_1_0 :17_2_0 :17_3_0 :17_4_0 :17_5_0 :17_6_0" shape="10117.88,79.95 10117.88,63.55 10117.44,62.49 10112.84,57.89 10105.69,63.55 10105.69,79.95">
        <request index="0" response="0000000" foes="0000000" cont="0"/>
        <request index="1" response="0000000" foes="0000000" cont="0"/>
        <request index="2" response="0000000" foes="0000000" cont="0"/>
        <request index="3" response="0000000" foes="0000000" cont="0"/>
        <request index="4" response="0000000" foes="0000000" cont="0"/>
        <request index="5" response="0000000" foes="0000000" cont="0"/>
        <request index="6" response="0000000" foes="0000000" cont="0"/>
    </junction>
    <junction id="17S" type="unregulated" x="10180.00" y="0.00" incLanes="S17_0 S17_1" intLanes="" shape="10175.37,-4.63 10179.96,-0.04">
    </junction>
    <junction id="18" type="priority" x="10400.00" y="80.00" incLanes="E17_0 E17_1 E17_2 E17_3 E17_4" intLanes=":18_0_0 :18_1_0 :18_2_0 :18_3_0 :18_4_0 :18_5_0 :18_6_0 :18_7_0 :18_8_0" shape="10401.50,79.95 10401.50,60.25 10398.50,63.55 10398.50,79.95">
        <request index="0" response="000000000" foes="000000000" cont="0"/>
        <request index="1" response="000000000" foes="000000000" cont="0"/>
        <request index="2" response="000000000" foes="000000000" cont="0"/>
        <request index="3" response="000000000" foes="000000000" cont="0"/>
        <request index="4" response="000000000" foes="000000000" cont="0"/>
        <request index="5" response="000000000" foes="000000000" cont="0"/>
        <request index="6" response="000000000" foes="000000000" cont="0"/>
        <request index="7" response="000000000" foes="000000000" cont="0"/>
        <request index="8" response="000000000" foes="000000000" cont="0"/>
    </junction>
    <junction id="19" type="priority" x="11100.00" y="80.00" incLanes="E18_0 E18_1 E18_2 E18_3 E18_4 E18_5" intLanes=":19_0_0 :19_1_0 :19_2_0 :19_3_0 :19_4_0 :19_5_0" shape="11101.50,79.95 11101.50,63.55 11098.50,60.25 11098.50,79.95">
        <request index="0" response="000000" foes="000000" cont="0"/>
        <request index="1" response="000000" foes="000000" cont="0"/>
        <request index="2" response="000000" foes="000000" cont="0"/>
        <request index="3" response="000000" foes="000000" cont="0"/>
        <request index="4" response="000000" foes="000000" cont="0"/>
        <request index="5" response="000000" foes="000000" cont="0"/>
    </junction>
    <junction id="2" type="priority" x="1200.00" y="80.00" incLanes="S2_0 S2_1 E1_0 E1_1 E1_2 E1_3" intLanes=":2_0_0 :2_1_0 :2_2_0 :2_3_0 :2_4_0 :2_5_0 :2_6_0 :2_7_0 :2_8_0 :2_9_0 :2_10_0 :2_11_0" shape="1197.61,79.95 1197.61,66.85 1190.46,61.19 1185.86,65.79 1185.42,66.85 1185.42,79.95">
        <request index="0" response="000000000000" foes="111100000000" cont="0"/>
        <request index="1" response="000000000000" foes="111100000000" cont="0"/>
        <request index="2" response="000000000000" foes="111100000000" cont="0"/>
        <request index="3" response="000000000000" foes="111100000000" cont="0"/>
        <request index="4" response="000000000000" foes="111100000000" cont="0"/>
        <request index="5" response="000000000000" foes="111100000000" cont="0"/>
        <request index="6" response="000000000000" foes="111100000000" cont="0"/>
        <request index="7" response="000000000000" foes="111100000000" cont="0"/>
        <request index="8" response="000000000000" foes="000011111111" cont="0"/>
        <request index="9" response="000000000000" foes="000011111111" cont="0"/>
        <request index="10" response="000000000000" foes="000011111111" cont="0"/>
        <request index="11" response="000000000000" foes="000011111111" cont="0"/>
    </junction>
    <junction id="20" type="priority" x="11500.00" y="80.00" incLanes="E19_0 E19_1 E19_2 E19_3 E19_4" intLanes=":20_0_0 :20_1_0 :20_2_0 :20_3_0 :20_4_0 :20_5_0 :20_6_0 :20_7_0" shape="11517.88,79.95 11517.88,63.55 11517.44,62.49 11512.84,57.89 11505.69,63.55 11505.69,79.95">
        <request index="0" response="00000000" foes="00000000" cont="0"/>
        <request index="1" response="00000000" foes="00000000" cont="0"/>
        <request index="2" response="00000000" foes="00000000" cont="0"/>
        <request index="3" response="00000000" foes="00000000" cont="0"/>
        <request index="4" response="00000000" foes="00000000" cont="0"/>
        <request index="5" response="00000000" foes="00000000" cont="0"/>
        <request index="6" response="00000000" foes="00000000" cont="0"/>
        <request index="7" response="00000000" foes="00000000" cont="0"/>
    </junction>
    <junction id="20S" type="unregulated" x="11580.00" y="0.00" incLanes="S20_0 S20_1" intLanes="" shape="11575.37,-4.63 11579.96,-0.04">
    </junction>
    <junction id="21" type="priority" x="12100.00" y="80.00" incLanes="E20_0 E20_1 E20_2 E20_3 E20_4" intLanes=":21_0_0 :21_1_0 :21_2_0 :21_3_0 :21_4_0" shape="12100.00,79.95 12100.00,63.55 12100.00,79.95">
        <request index="0" response="00000" foes="00000" cont="0"/>
        <request index="1" response="00000" foes="00000" cont="0"/>
        <request index="2" response="00000" foes="00000" cont="0"/>
        <request index="3" response="00000" foes="00000" cont="0"/>
        <request index="4" response="00000" foes="00000" cont="0"/>
    </junction>
    <junction id="22" type="unregulated" x="12150.00" y="80.00" incLanes="E21_0 E21_1 E21_2 E21_3 E21_4" intLanes="" shape="12150.00,63.55 12150.00,79.95">
    </junction>
    <junction id="2S" type="unregulated" x="1120.00" y="0.00" incLanes="" intLanes="" shape="1120.04,-0.04 1124.63,-4.63">
    </junction>
    <junction id="3" type="priority" x="1800.00" y="80.00" incLanes="E2_0 E2_1 E2_2 E2_3" intLanes=":3_0_0 :3_1_0 :3_2_0 :3_3_0 :3_4_0" shape="1801.50,79.95 1801.50,63.55 1798.50,66.85 1798.50,79.95">
        <request index="0" response="00000" foes="00000" cont="0"/>
        <request index="1" response="00000" foes="00000" cont="0"/>
        <request index="2" response="00000" foes="00000" cont="0"/>
        <request index="3" response="00000" foes="00000" cont="0"/>
        <request index="4" response="00000" foes="00000" cont="0"/>
    </junction>
    <junction id="4" type="priority" x="2300.00" y="80.00" incLanes="E3_0 E3_1 E3_2 E3_3 E3_4" intLanes=":4_0_0 :4_1_0 :4_2_0 :4_3_0 :4_4_0 :4_5_0" shape="2301.50,79.95 2301.50,60.25 2298.50,63.55 2298.50,79.95">
        <request index="0" response="000000" foes="000000" cont="0"/>
        <request index="1" response="000000" foes="000000" cont="0"/>
        <request index="2" response="000000" foes="000000" cont="0"/>
        <request index="3" response="000000" foes="000000" cont="0"/>
        <request index="4" response="000000" foes="000000" cont="0"/>
        <request index="5" response="000000" foes="000000" cont="0"/>
    </junction>
    <junction id="5" type="priority" x="2900.00" y="80.00" incLanes="E4_0 E4_1 E4_2 E4_3 E4_4 E4_5" intLanes=":5_0_0 :5_1_0 :5_2_0 :5_3_0 :5_4_0 :5_5_0" shape="2901.50,79.95 2901.50,63.55 2898.50,60.25 2898.50,79.95">
        <request index="0" response="000000" foes="000000" cont="0"/>
        <request index="1" response="000000" foes="000000" cont="0"/>
        <request index="2" response="000000" foes="000000" cont="0"/>
        <request index="3" response="000000" foes="000000" cont="0"/>
        <request index="4" response="000000" foes="000000" cont="0"/>
        <request index="5" response="000000" foes="000000" cont="0"/>
    </junction>
    <junction id="6" type="priority" x="3000.00" y="80.00" incLanes="E5_0 E5_1 E5_2 E5_3 E5_4" intLanes=":6_0_0 :6_1_0 :6_2_0 :6_3_0 :6_4_0 :6_5_0 :6_6_0 :6_7_0" shape="3017.88,79.95 3017.88,63.55 3017.44,62.49 3012.84,57.89 3005.69,63.55 3005.69,79.95">
        <request index="0" response="00000000" foes="00000000" cont="0"/>
        <request index="1" response="00000000" foes="00000000" cont="0"/>
        <request index="2" response="00000000" foes="00000000" cont="0"/>
        <request index="3" response="00000000" foes="00000000" cont="0"/>
        <request index="4" response="00000000" foes="00000000" cont="0"/>
        <request index="5" response="00000000" foes="00000000" cont="0"/>
        <request index="6" response="00000000" foes="00000000" cont="0"/>
        <request index="7" response="00000000" foes="00000000" cont="0"/>
    </junction>
    <junction id="6S" type="unregulated" x="3080.00" y="0.00" incLanes="S6_0 S6_1" intLanes="" shape="3075.37,-4.63 3079.96,-0.04">
    </junction>
    <junction id="7" type="priority" x="3500.00" y="80.00" incLanes="E6_0 E6_1 E6_2 E6_3 E6_4" intLanes=":7_0_0 :7_1_0 :7_2_0 :7_3_0 :7_4_0" shape="3501.50,79.95 3501.50,66.85 3498.50,63.55 3498.50,79.95">
        <request index="0" response="00000" foes="00000" cont="0"/>
        <request index="1" response="00000" foes="00000" cont="0"/>
        <request index="2" response="00000" foes="00000" cont="0"/>
        <request index="3" response="00000" foes="00000" cont="0"/>
        <request index="4" response="00000" foes="00000" cont="0"/>
    </junction>
    <junction id="8" type="priority" x="4700.00" y="80.00" incLanes="E7_0 E7_1 E7_2 E7_3" intLanes=":8_0_0 :8_1_0 :8_2_0 :8_3_0 :8_4_0 :8_5_0 :8_6_0" shape="4714.58,79.95 4714.58,66.85 4714.14,65.79 4709.54,61.19 4702.39,66.85 4702.39,79.95">
        <request index="0" response="0000000" foes="0000000" cont="0"/>
        <request index="1" response="0000000" foes="0000000" cont="0"/>
        <request index="2" response="0000000" foes="0000000" cont="0"/>
        <request index="3" response="0000000" foes="0000000" cont="0"/>
        <request index="4" response="0000000" foes="0000000" cont="0"/>
        <request index="5" response="0000000" foes="0000000" cont="0"/>
        <request index="6" response="0000000" foes="0000000" cont="0"/>
    </junction>
    <junction id="8S" type="unregulated" x="4780.00" y="0.00" incLanes="S8_0 S8_1" intLanes="" shape="4775.37,-4.63 4779.96,-0.04">
    </junction>
    <junction id="9" type="priority" x="5200.00" y="80.00" incLanes="E8_0 E8_1 E8_2 E8_3" intLanes=":9_0_0 :9_1_0 :9_2_0 :9_3_0 :9_4_0 :9_5_0 :9_6_0 :9_7_0 :9_8_0 :9_9_0 :9_10_0" shape="5201.50,79.95 5201.50,63.55 5198.50,66.85 5198.50,79.95">
        <request index="0" response="00000000000" foes="00000000000" cont="0"/>
        <request index="1" response="00000000000" foes="00000000000" cont="0"/>
        <request index="2" response="00000000000" foes="00000000000" cont="0"/>
        <request index="3" response="00000000000" foes="00000000000" cont="0"/>
        <request index="4" response="00000000000" foes="00000000000" cont="0"/>
        <request index="5" response="00000000000" foes="00000000000" cont="0"/>
        <request index="6" response="00000000000" foes="00000000000" cont="0"/>
        <request index="7" response="00000000000" foes="00000000000" cont="0"/>
        <request index="8" response="00000000000" foes="00000000000" cont="0"/>
        <request index="9" response="00000000000" foes="00000000000" cont="0"/>
        <request index="10" response="00000000000" foes="00000000000" cont="0"/>
    </junction>

    <connection from="E1" to="E2" fromLane="0" toLane="0" via=":2_8_0" dir="s" state="M"/>
    <connection from="E1" to="E2" fromLane="1" toLane="1" via=":2_9_0" dir="s" state="M"/>
    <connection from="E1" to="E2" fromLane="2" toLane="2" via=":2_10_0" dir="s" state="M"/>
    <connection from="E1" to="E2" fromLane="3" toLane="3" via=":2_11_0" dir="s" state="M"/>
    <connection from="E10" to="S11" fromLane="0" toLane="0" via=":11_0_0" dir="r" state="M"/>
    <connection from="E10" to="E11" fromLane="0" toLane="0" via=":11_1_0" dir="s" state="M"/>
    <connection from="E10" to="S11" fromLane="1" toLane="1" via=":11_2_0" dir="r" state="M"/>
    <connection from="E10" to="E11" fromLane="1" toLane="1" via=":11_3_0" dir="s" state="M"/>
    <connection from="E10" to="S11" fromLane="2" toLane="1" via=":11_4_0" dir="r" state="M"/>
    <connection from="E10" to="E11" fromLane="2" toLane="2" via=":11_5_0" dir="s" state="M"/>
    <connection from="E10" to="E11" fromLane="3" toLane="3" via=":11_6_0" dir="s" state="M"/>
    <connection from="E10" to="E11" fromLane="4" toLane="4" via=":11_7_0" dir="s" state="M"/>
    <connection from="E11" to="E12" fromLane="0" toLane="0" via=":12_10_0" dir="s" state="M"/>
    <connection from="E11" to="E12" fromLane="1" toLane="1" via=":12_11_0" dir="s" state="M"/>
    <connection from="E11" to="E12" fromLane="2" toLane="2" via=":12_12_0" dir="s" state="M"/>
    <connection from="E11" to="E12" fromLane="3" toLane="3" via=":12_13_0" dir="s" state="M"/>
    <connection from="E11" to="E12" fromLane="4" toLane="4" via=":12_14_0" dir="s" state="M"/>
    <connection from="E12" to="E13" fromLane="0" toLane="0" via=":13_0_0" dir="s" state="M"/>
    <connection from="E12" to="E13" fromLane="0" toLane="1" via=":13_1_0" dir="s" state="M"/>
    <connection from="E12" to="E13" fromLane="1" toLane="2" via=":13_2_0" dir="s" state="M"/>
    <connection from="E12" to="E13" fromLane="2" toLane="3" via=":13_3_0" dir="s" state="M"/>
    <connection from="E12" to="E13" fromLane="3" toLane="4" via=":13_4_0" dir="s" state="M"/>
    <connection from="E12" to="E13" fromLane="4" toLane="5" via=":13_5_0" dir="s" state="M"/>
    <connection from="E13" to="E14" fromLane="0" toLane="0" via=":14_0_0" dir="s" state="M"/>
    <connection from="E13" to="E14" fromLane="1" toLane="0" via=":14_1_0" dir="s" state="M"/>
    <connection from="E13" to="E14" fromLane="2" toLane="1" via=":14_2_0" dir="s" state="M"/>
    <connection from="E13" to="E14" fromLane="3" toLane="2" via=":14_3_0" dir="s" state="M"/>
    <connection from="E13" to="E14" fromLane="4" toLane="3" via=":14_4_0" dir="s" state="M"/>
    <connection from="E13" to="E14" fromLane="5" toLane="4" via=":14_5_0" dir="s" state="M"/>
    <connection from="E14" to="E15" fromLane="0" toLane="0" via=":15_10_0" dir="s" state="M"/>
    <connection from="E14" to="E15" fromLane="1" toLane="1" via=":15_11_0" dir="s" state="M"/>
    <connection from="E14" to="E15" fromLane="2" toLane="2" via=":15_12_0" dir="s" state="M"/>
    <connection from="E14" to="E15" fromLane="3" toLane="3" via=":15_13_0" dir="s" state="M"/>
    <connection from="E14" to="E15" fromLane="4" toLane="4" via=":15_14_0" dir="s" state="M"/>
    <connection from="E15" to="E16" fromLane="0" toLane="0" via=":16_0_0" dir="s" state="M"/>
    <connection from="E15" to="E16" fromLane="0" toLane="1" via=":16_1_0" dir="s" state="M"/>
    <connection from="E15" to="E16" fromLane="1" toLane="1" via=":16_2_0" dir="s" state="M"/>
    <connection from="E15" to="E16" fromLane="1" toLane="2" via=":16_3_0" dir="s" state="M"/>
    <connection from="E15" to="E16" fromLane="1" toLane="3" via=":16_4_0" dir="s" state="M"/>
    <connection from="E15" to="E16" fromLane="2" toLane="1" via=":16_5_0" dir="s" state="M"/>
    <connection from="E15" to="E16" fromLane="2" toLane="2" via=":16_6_0" dir="s" state="M"/>
    <connection from="E15" to="E16" fromLane="2" toLane="3" via=":16_7_0" dir="s" state="M"/>
    <connection from="E15" to="E16" fromLane="3" toLane="2" via=":16_8_0" dir="s" state="M"/>
    <connection from="E15" to="E16" fromLane="3" toLane="3" via=":16_9_0" dir="s" state="M"/>
    <connection from="E15" to="E16" fromLane="3" toLane="4" via=":16_10_0" dir="s" state="M"/>
    <connection from="E15" to="E16" fromLane="4" toLane="3" via=":16_11_0" dir="s" state="M"/>
    <connection from="E15" to="E16" fromLane="4" toLane="4" via=":16_12_0" dir="s" state="M"/>
    <connection from="E16" to="S17" fromLane="0" toLane="0" via=":17_0_0" dir="r" state="M"/>
    <connection from="E16" to="E17" fromLane="0" toLane="0" via=":17_1_0" dir="s" state="M"/>
    <connection from="E16" to="S17" fromLane="1" toLane="1" via=":17_2_0" dir="r" state="M"/>
    <connection from="E16" to="E17" fromLane="1" toLane="1" via=":17_3_0" dir="s" state="M"/>
    <connection from="E16" to="S17" fromLane="2" toLane="1" via=":17_4_0" dir="r" state="M"/>
    <connection from="E16" to="E17" fromLane="2" toLane="2" via=":17_5_0" dir="s" state="M"/>
    <connection from="E16" to="E17" fromLane="3" toLane="3" via=":17_6_0" dir="s" state="M"/>
    <connection from="E17" to="E18" fromLane="0" toLane="0" via=":18_0_0" dir="s" state="M"/>
    <connection from="E17" to="E18" fromLane="0" toLane="1" via=":18_1_0" dir="s" state="M"/>
    <connection from="E17" to="E18" fromLane="1" toLane="2" via=":18_2_0" dir="s" state="M"/>
    <connection from="E17" to="E18" fromLane="1" toLane="3" via=":18_3_0" dir="s" state="M"/>
    <connection from="E17" to="E18" fromLane="2" toLane="3" via=":18_4_0" dir="s" state="M"/>
    <connection from="E17" to="E18" fromLane="2" toLane="4" via=":18_5_0" dir="s" state="M"/>
    <connection from="E17" to="E18" fromLane="3" toLane="4" via=":18_6_0" dir="s" state="M"/>
    <connection from="E17" to="E18" fromLane="3" toLane="5" via=":18_7_0" dir="s" state="M"/>
    <connection from="E17" to="E18" fromLane="4" toLane="5" via=":18_8_0" dir="s" state="M"/>
    <connection from="E18" to="E19" fromLane="0" toLane="0" via=":19_0_0" dir="s" state="M"/>
    <connection from="E18" to="E19" fromLane="1" toLane="0" via=":19_1_0" dir="s" state="M"/>
    <connection from="E18" to="E19" fromLane="2" toLane="1" via=":19_2_0" dir="s" state="M"/>
    <connection from="E18" to="E19" fromLane="3" toLane="2" via=":19_3_0" dir="s" state="M"/>
    <connection from="E18" to="E19" fromLane="4" toLane="3" via=":19_4_0" dir="s" state="M"/>
    <connection from="E18" to="E19" fromLane="5" toLane="4" via=":19_5_0" dir="s" state="M"/>
    <connection from="E19" to="S20" fromLane="0" toLane="0" via=":20_0_0" dir="r" state="M"/>
    <connection from="E19" to="E20" fromLane="0" toLane="0" via=":20_1_0" dir="s" state="M"/>
    <connection from="E19" to="S20" fromLane="1" toLane="1" via=":20_2_0" dir="r" state="M"/>
    <connection from="E19" to="E20" fromLane="1" toLane="1" via=":20_3_0" dir="s" state="M"/>
    <connection from="E19" to="S20" fromLane="2" toLane="1" via=":20_4_0" dir="r" state="M"/>
    <connection from="E19" to="E20" fromLane="2" toLane="2" via=":20_5_0" dir="s" state="M"/>
    <connection from="E19" to="E20" fromLane="3" toLane="3" via=":20_6_0" dir="s" state="M"/>
    <connection from="E19" to="E20" fromLane="4" toLane="4" via=":20_7_0" dir="s" state="M"/>
    <connection from="E2" to="E3" fromLane="0" toLane="0" via=":3_0_0" dir="s" state="M"/>
    <connection from="E2" to="E3" fromLane="0" toLane="1" via=":3_1_0" dir="s" state="M"/>
    <connection from="E2" to="E3" fromLane="1" toLane="2" via=":3_2_0" dir="s" state="M"/>
    <connection from="E2" to="E3" fromLane="2" toLane="3" via=":3_3_0" dir="s" state="M"/>
    <connection from="E2" to="E3" fromLane="3" toLane="4" via=":3_4_0" dir="s" state="M"/>
    <connection from="E20" to="E21" fromLane="0" toLane="0" via=":21_0_0" dir="s" state="M"/>
    <connection from="E20" to="E21" fromLane="1" toLane="1" via=":21_1_0" dir="s" state="M"/>
    <connection from="E20" to="E21" fromLane="2" toLane="2" via=":21_2_0" dir="s" state="M"/>
    <connection from="E20" to="E21" fromLane="3" toLane="3" via=":21_3_0" dir="s" state="M"/>
    <connection from="E20" to="E21" fromLane="4" toLane="4" via=":21_4_0" dir="s" state="M"/>
    <connection from="E3" to="E4" fromLane="0" toLane="0" via=":4_0_0" dir="s" state="M"/>
    <connection from="E3" to="E4" fromLane="0" toLane="1" via=":4_1_0" dir="s" state="M"/>
    <connection from="E3" to="E4" fromLane="1" toLane="2" via=":4_2_0" dir="s" state="M"/>
    <connection from="E3" to="E4" fromLane="2" toLane="3" via=":4_3_0" dir="s" state="M"/>
    <connection from="E3" to="E4" fromLane="3" toLane="4" via=":4_4_0" dir="s" state="M"/>
    <connection from="E3" to="E4" fromLane="4" toLane="5" via=":4_5_0" dir="s" state="M"/>
    <connection from="E4" to="E5" fromLane="0" toLane="0" via=":5_0_0" dir="s" state="M"/>
    <connection from="E4" to="E5" fromLane="1" toLane="0" via=":5_1_0" dir="s" state="M"/>
    <connection from="E4" to="E5" fromLane="2" toLane="1" via=":5_2_0" dir="s" state="M"/>
    <connection from="E4" to="E5" fromLane="3" toLane="2" via=":5_3_0" dir="s" state="M"/>
    <connection from="E4" to="E5" fromLane="4" toLane="3" via=":5_4_0" dir="s" state="M"/>
    <connection from="E4" to="E5" fromLane="5" toLane="4" via=":5_5_0" dir="s" state="M"/>
    <connection from="E5" to="S6" fromLane="0" toLane="0" via=":6_0_0" dir="r" state="M"/>
    <connection from="E5" to="E6" fromLane="0" toLane="0" via=":6_1_0" dir="s" state="M"/>
    <connection from="E5" to="S6" fromLane="1" toLane="1" via=":6_2_0" dir="r" state="M"/>
    <connection from="E5" to="E6" fromLane="1" toLane="1" via=":6_3_0" dir="s" state="M"/>
    <connection from="E5" to="S6" fromLane="2" toLane="1" via=":6_4_0" dir="r" state="M"/>
    <connection from="E5" to="E6" fromLane="2" toLane="2" via=":6_5_0" dir="s" state="M"/>
    <connection from="E5" to="E6" fromLane="3" toLane="3" via=":6_6_0" dir="s" state="M"/>
    <connection from="E5" to="E6" fromLane="4" toLane="4" via=":6_7_0" dir="s" state="M"/>
    <connection from="E6" to="E7" fromLane="0" toLane="0" via=":7_0_0" dir="s" state="M"/>
    <connection from="E6" to="E7" fromLane="1" toLane="0" via=":7_1_0" dir="s" state="M"/>
    <connection from="E6" to="E7" fromLane="2" toLane="1" via=":7_2_0" dir="s" state="M"/>
    <connection from="E6" to="E7" fromLane="3" toLane="2" via=":7_3_0" dir="s" state="M"/>
    <connection from="E6" to="E7" fromLane="4" toLane="3" via=":7_4_0" dir="s" state="M"/>
    <connection from="E7" to="S8" fromLane="0" toLane="0" via=":8_0_0" dir="r" state="M"/>
    <connection from="E7" to="E8" fromLane="0" toLane="0" via=":8_1_0" dir="s" state="M"/>
    <connection from="E7" to="S8" fromLane="1" toLane="1" via=":8_2_0" dir="r" state="M"/>
    <connection from="E7" to="E8" fromLane="1" toLane="1" via=":8_3_0" dir="s" state="M"/>
    <connection from="E7" to="S8" fromLane="2" toLane="1" via=":8_4_0" dir="r" state="M"/>
    <connection from="E7" to="E8" fromLane="2" toLane="2" via=":8_5_0" dir="s" state="M"/>
    <connection from="E7" to="E8" fromLane="3" toLane="3" via=":8_6_0" dir="s" state="M"/>
    <connection from="E8" to="E9" fromLane="0" toLane="0" via=":9_0_0" dir="s" state="M"/>
    <connection from="E8" to="E9" fromLane="0" toLane="1" via=":9_1_0" dir="s" state="M"/>
    <connection from="E8" to="E9" fromLane="0" toLane="2" via=":9_2_0" dir="s" state="M"/>
    <connection from="E8" to="E9" fromLane="1" toLane="1" via=":9_3_0" dir="s" state="M"/>
    <connection from="E8" to="E9" fromLane="1" toLane="2" via=":9_4_0" dir="s" state="M"/>
    <connection from="E8" to="E9" fromLane="1" toLane="3" via=":9_5_0" dir="s" state="M"/>
    <connection from="E8" to="E9" fromLane="2" toLane="2" via=":9_6_0" dir="s" state="M"/>
    <connection from="E8" to="E9" fromLane="2" toLane="3" via=":9_7_0" dir="s" state="M"/>
    <connection from="E8" to="E9" fromLane="2" toLane="4" via=":9_8_0" dir="s" state="M"/>
    <connection from="E8" to="E9" fromLane="3" toLane="3" via=":9_9_0" dir="s" state="M"/>
    <connection from="E8" to="E9" fromLane="3" toLane="4" via=":9_10_0" dir="s" state="M"/>
    <connection from="E9" to="E10" fromLane="0" toLane="0" via=":10_10_0" dir="s" state="M"/>
    <connection from="E9" to="E10" fromLane="0" toLane="1" via=":10_11_0" dir="s" state="M"/>
    <connection from="E9" to="E10" fromLane="1" toLane="2" via=":10_12_0" dir="s" state="M"/>
    <connection from="E9" to="E10" fromLane="2" toLane="3" via=":10_13_0" dir="s" state="M"/>
    <connection from="E9" to="E10" fromLane="3" toLane="4" via=":10_14_0" dir="s" state="M"/>
    <connection from="S10" to="E10" fromLane="0" toLane="0" via=":10_0_0" dir="r" state="M"/>
    <connection from="S10" to="E10" fromLane="0" toLane="1" via=":10_1_0" dir="r" state="M"/>
    <connection from="S10" to="E10" fromLane="0" toLane="2" via=":10_2_0" dir="r" state="M"/>
    <connection from="S10" to="E10" fromLane="0" toLane="3" via=":10_3_0" dir="r" state="M"/>
    <connection from="S10" to="E10" fromLane="0" toLane="4" via=":10_4_0" dir="r" state="M"/>
    <connection from="S10" to="E10" fromLane="1" toLane="0" via=":10_5_0" dir="r" state="M"/>
    <connection from="S10" to="E10" fromLane="1" toLane="1" via=":10_6_0" dir="r" state="M"/>
    <connection from="S10" to="E10" fromLane="1" toLane="2" via=":10_7_0" dir="r" state="M"/>
    <connection from="S10" to="E10" fromLane="1" toLane="3" via=":10_8_0" dir="r" state="M"/>
    <connection from="S10" to="E10" fromLane="1" toLane="4" via=":10_9_0" dir="r" state="M"/>
    <connection from="S12" to="E12" fromLane="0" toLane="0" via=":12_0_0" dir="r" state="M"/>
    <connection from="S12" to="E12" fromLane="0" toLane="1" via=":12_1_0" dir="r" state="M"/>
    <connection from="S12" to="E12" fromLane="0" toLane="2" via=":12_2_0" dir="r" state="M"/>
    <connection from="S12" to="E12" fromLane="0" toLane="3" via=":12_3_0" dir="r" state="M"/>
    <connection from="S12" to="E12" fromLane="0" toLane="4" via=":12_4_0" dir="r" state="M"/>
    <connection from="S12" to="E12" fromLane="1" toLane="0" via=":12_5_0" dir="r" state="M"/>
    <connection from="S12" to="E12" fromLane="1" toLane="1" via=":12_6_0" dir="r" state="M"/>
    <connection from="S12" to="E12" fromLane="1" toLane="2" via=":12_7_0" dir="r" state="M"/>
    <connection from="S12" to="E12" fromLane="1" toLane="3" via=":12_8_0" dir="r" state="M"/>
    <connection from="S12" to="E12" fromLane="1" toLane="4" via=":12_9_0" dir="r" state="M"/>
    <connection from="S15" to="E15" fromLane="0" toLane="0" via=":15_0_0" dir="r" state="M"/>
    <connection from="S15" to="E15" fromLane="0" toLane="1" via=":15_1_0" dir="r" state="M"/>
    <connection from="S15" to="E15" fromLane="0" toLane="2" via=":15_2_0" dir="r" state="M"/>
    <connection from="S15" to="E15" fromLane="0" toLane="3" via=":15_3_0" dir="r" state="M"/>
    <connection from="S15" to="E15" fromLane="0" toLane="4" via=":15_4_0" dir="r" state="M"/>
    <connection from="S15" to="E15" fromLane="1" toLane="0" via=":15_5_0" dir="r" state="M"/>
    <connection from="S15" to="E15" fromLane="1" toLane="1" via=":15_6_0" dir="r" state="M"/>
    <connection from="S15" to="E15" fromLane="1" toLane="2" via=":15_7_0" dir="r" state="M"/>
    <connection from="S15" to="E15" fromLane="1" toLane="3" via=":15_8_0" dir="r" state="M"/>
    <connection from="S15" to="E15" fromLane="1" toLane="4" via=":15_9_0" dir="r" state="M"/>
    <connection from="S2" to="E2" fromLane="0" toLane="0" via=":2_0_0" dir="r" state="M"/>
    <connection from="S2" to="E2" fromLane="0" toLane="1" via=":2_1_0" dir="r" state="M"/>
    <connection from="S2" to="E2" fromLane="0" toLane="2" via=":2_2_0" dir="r" state="M"/>
    <connection from="S2" to="E2" fromLane="0" toLane="3" via=":2_3_0" dir="r" state="M"/>
    <connection from="S2" to="E2" fromLane="1" toLane="0" via=":2_4_0" dir="r" state="M"/>
    <connection from="S2" to="E2" fromLane="1" toLane="1" via=":2_5_0" dir="r" state="M"/>
    <connection from="S2" to="E2" fromLane="1" toLane="2" via=":2_6_0" dir="r" state="M"/>
    <connection from="S2" to="E2" fromLane="1" toLane="3" via=":2_7_0" dir="r" state="M"/>

    <connection from=":10_0" to="E10" fromLane="0" toLane="0" dir="s" state="M"/>
    <connection from=":10_1" to="E10" fromLane="0" toLane="1" dir="s" state="M"/>
    <connection from=":10_2" to="E10" fromLane="0" toLane="2" dir="s" state="M"/>
    <connection from=":10_3" to="E10" fromLane="0" toLane="3" dir="s" state="M"/>
    <connection from=":10_4" to="E10" fromLane="0" toLane="4" dir="s" state="M"/>
    <connection from=":10_5" to="E10" fromLane="0" toLane="0" dir="s" state="M"/>
    <connection from=":10_6" to="E10" fromLane="0" toLane="1" dir="s" state="M"/>
    <connection from=":10_7" to="E10" fromLane="0" toLane="2" dir="s" state="M"/>
    <connection from=":10_8" to="E10" fromLane="0" toLane="3" dir="s" state="M"/>
    <connection from=":10_9" to="E10" fromLane="0" toLane="4" dir="s" state="M"/>
    <connection from=":10_10" to="E10" fromLane="0" toLane="0" dir="s" state="M"/>
    <connection from=":10_11" to="E10" fromLane="0" toLane="1" dir="s" state="M"/>
    <connection from=":10_12" to="E10" fromLane="0" toLane="2" dir="s" state="M"/>
    <connection from=":10_13" to="E10" fromLane="0" toLane="3" dir="s" state="M"/>
    <connection from=":10_14" to="E10" fromLane="0" toLane="4" dir="s" state="M"/>
    <connection from=":11_0" to="S11" fromLane="0" toLane="0" dir="s" state="M"/>
    <connection from=":11_1" to="E11" fromLane="0" toLane="0" dir="s" state="M"/>
    <connection from=":11_2" to="S11" fromLane="0" toLane="1" dir="s" state="M"/>
    <connection from=":11_3" to="E11" fromLane="0" toLane="1" dir="s" state="M"/>
    <connection from=":11_4" to="S11" fromLane="0" toLane="1" dir="s" state="M"/>
    <connection from=":11_5" to="E11" fromLane="0" toLane="2" dir="s" state="M"/>
    <connection from=":11_6" to="E11" fromLane="0" toLane="3" dir="s" state="M"/>
    <connection from=":11_7" to="E11" fromLane="0" toLane="4" dir="s" state="M"/>
    <connection from=":12_0" to="E12" fromLane="0" toLane="0" dir="s" state="M"/>
    <connection from=":12_1" to="E12" fromLane="0" toLane="1" dir="s" state="M"/>
    <connection from=":12_2" to="E12" fromLane="0" toLane="2" dir="s" state="M"/>
    <connection from=":12_3" to="E12" fromLane="0" toLane="3" dir="s" state="M"/>
    <connection from=":12_4" to="E12" fromLane="0" toLane="4" dir="s" state="M"/>
    <connection from=":12_5" to="E12" fromLane="0" toLane="0" dir="s" state="M"/>
    <connection from=":12_6" to="E12" fromLane="0" toLane="1" dir="s" state="M"/>
    <connection from=":12_7" to="E12" fromLane="0" toLane="2" dir="s" state="M"/>
    <connection from=":12_8" to="E12" fromLane="0" toLane="3" dir="s" state="M"/>
    <connection from=":12_9" to="E12" fromLane="0" toLane="4" dir="s" state="M"/>
    <connection from=":12_10" to="E12" fromLane="0" toLane="0" dir="s" state="M"/>
    <connection from=":12_11" to="E12" fromLane="0" toLane="1" dir="s" state="M"/>
    <connection from=":12_12" to="E12" fromLane="0" toLane="2" dir="s" state="M"/>
    <connection from=":12_13" to="E12" fromLane="0" toLane="3" dir="s" state="M"/>
    <connection from=":12_14" to="E12" fromLane="0" toLane="4" dir="s" state="M"/>
    <connection from=":13_0" to="E13" fromLane="0" toLane="0" dir="s" state="M"/>
    <connection from=":13_1" to="E13" fromLane="0" toLane="1" dir="s" state="M"/>
    <connection from=":13_2" to="E13" fromLane="0" toLane="2" dir="s" state="M"/>
    <connection from=":13_3" to="E13" fromLane="0" toLane="3" dir="s" state="M"/>
    <connection from=":13_4" to="E13" fromLane="0" toLane="4" dir="s" state="M"/>
    <connection from=":13_5" to="E13" fromLane="0" toLane="5" dir="s" state="M"/>
    <connection from=":14_0" to="E14" fromLane="0" toLane="0" dir="s" state="M"/>
    <connection from=":14_1" to="E14" fromLane="0" toLane="0" dir="s" state="M"/>
    <connection from=":14_2" to="E14" fromLane="0" toLane="1" dir="s" state="M"/>
    <connection from=":14_3" to="E14" fromLane="0" toLane="2" dir="s" state="M"/>
    <connection from=":14_4" to="E14" fromLane="0" toLane="3" dir="s" state="M"/>
    <connection from=":14_5" to="E14" fromLane="0" toLane="4" dir="s" state="M"/>
    <connection from=":15_0" to="E15" fromLane="0" toLane="0" dir="s" state="M"/>
    <connection from=":15_1" to="E15" fromLane="0" toLane="1" dir="s" state="M"/>
    <connection from=":15_2" to="E15" fromLane="0" toLane="2" dir="s" state="M"/>
    <connection from=":15_3" to="E15" fromLane="0" toLane="3" dir="s" state="M"/>
    <connection from=":15_4" to="E15" fromLane="0" toLane="4" dir="s" state="M"/>
    <connection from=":15_5" to="E15" fromLane="0" toLane="0" dir="s" state="M"/>
    <connection from=":15_6" to="E15" fromLane="0" toLane="1" dir="s" state="M"/>
    <connection from=":15_7" to="E15" fromLane="0" toLane="2" dir="s" state="M"/>
    <connection from=":15_8" to="E15" fromLane="0" toLane="3" dir="s" state="M"/>
    <connection from=":15_9" to="E15" fromLane="0" toLane="4" dir="s" state="M"/>
    <connection from=":15_10" to="E15" fromLane="0" toLane="0" dir="s" state="M"/>
    <connection from=":15_11" to="E15" fromLane="0" toLane="1" dir="s" state="M"/>
    <connection from=":15_12" to="E15" fromLane="0" toLane="2" dir="s" state="M"/>
    <connection from=":15_13" to="E15" fromLane="0" toLane="3" dir="s" state="M"/>
    <connection from=":15_14" to="E15" fromLane="0" toLane="4" dir="s" state="M"/>
    <connection from=":16_0" to="E16" fromLane="0" toLane="0" dir="s" state="M"/>
    <connection from=":16_1" to="E16" fromLane="0" toLane="1" dir="s" state="M"/>
    <connection from=":16_2" to="E16" fromLane="0" toLane="1" dir="s" state="M"/>
    <connection from=":16_3" to="E16" fromLane="0" toLane="2" dir="s" state="M"/>
    <connection from=":16_4" to="E16" fromLane="0" toLane="3" dir="s" state="M"/>
    <connection from=":16_5" to="E16" fromLane="0" toLane="1" dir="s" state="M"/>
    <connection from=":16_6" to="E16" fromLane="0" toLane="2" dir="s" state="M"/>
    <connection from=":16_7" to="E16" fromLane="0" toLane="3" dir="s" state="M"/>
    <connection from=":16_8" to="E16" fromLane="0" toLane="2" dir="s" state="M"/>
    <connection from=":16_9" to="E16" fromLane="0" toLane="3" dir="s" state="M"/>
    <connection from=":16_10" to="E16" fromLane="0" toLane="4" dir="s" state="M"/>
    <connection from=":16_11" to="E16" fromLane="0" toLane="3" dir="s" state="M"/>
    <connection from=":16_12" to="E16" fromLane="0" toLane="4" dir="s" state="M"/>
    <connection from=":17_0" to="S17" fromLane="0" toLane="0" dir="s" state="M"/>
    <connection from=":17_1" to="E17" fromLane="0" toLane="0" dir="s" state="M"/>
    <connection from=":17_2" to="S17" fromLane="0" toLane="1" dir="s" state="M"/>
    <connection from=":17_3" to="E17" fromLane="0" toLane="1" dir="s" state="M"/>
    <connection from=":17_4" to="S17" fromLane="0" toLane="1" dir="s" state="M"/>
    <connection from=":17_5" to="E17" fromLane="0" toLane="2" dir="s" state="M"/>
    <connection from=":17_6" to="E17" fromLane="0" toLane="3" dir="s" state="M"/>
    <connection from=":18_0" to="E18" fromLane="0" toLane="0" dir="s" state="M"/>
    <connection from=":18_1" to="E18" fromLane="0" toLane="1" dir="s" state="M"/>
    <connection from=":18_2" to="E18" fromLane="0" toLane="2" dir="s" state="M"/>
    <connection from=":18_3" to="E18" fromLane="0" toLane="3" dir="s" state="M"/>
    <connection from=":18_4" to="E18" fromLane="0" toLane="3" dir="s" state="M"/>
    <connection from=":18_5" to="E18" fromLane="0" toLane="4" dir="s" state="M"/>
    <connection from=":18_6" to="E18" fromLane="0" toLane="4" dir="s" state="M"/>
    <connection from=":18_7" to="E18" fromLane="0" toLane="5" dir="s" state="M"/>
    <connection from=":18_8" to="E18" fromLane="0" toLane="5" dir="s" state="M"/>
    <connection from=":19_0" to="E19" fromLane="0" toLane="0" dir="s" state="M"/>
    <connection from=":19_1" to="E19" fromLane="0" toLane="0" dir="s" state="M"/>
    <connection from=":19_2" to="E19" fromLane="0" toLane="1" dir="s" state="M"/>
    <connection from=":19_3" to="E19" fromLane="0" toLane="2" dir="s" state="M"/>
    <connection from=":19_4" to="E19" fromLane="0" toLane="3" dir="s" state="M"/>
    <connection from=":19_5" to="E19" fromLane="0" toLane="4" dir="s" state="M"/>
    <connection from=":2_0" to="E2" fromLane="0" toLane="0" dir="s" state="M"/>
    <connection from=":2_1" to="E2" fromLane="0" toLane="1" dir="s" state="M"/>
    <connection from=":2_2" to="E2" fromLane="0" toLane="2" dir="s" state="M"/>
    <connection from=":2_3" to="E2" fromLane="0" toLane="3" dir="s" state="M"/>
    <connection from=":2_4" to="E2" fromLane="0" toLane="0" dir="s" state="M"/>
    <connection from=":2_5" to="E2" fromLane="0" toLane="1" dir="s" state="M"/>
    <connection from=":2_6" to="E2" fromLane="0" toLane="2" dir="s" state="M"/>
    <connection from=":2_7" to="E2" fromLane="0" toLane="3" dir="s" state="M"/>
    <connection from=":2_8" to="E2" fromLane="0" toLane="0" dir="s" state="M"/>
    <connection from=":2_9" to="E2" fromLane="0" toLane="1" dir="s" state="M"/>
    <connection from=":2_10" to="E2" fromLane="0" toLane="2" dir="s" state="M"/>
    <connection from=":2_11" to="E2" fromLane="0" toLane="3" dir="s" state="M"/>
    <connection from=":20_0" to="S20" fromLane="0" toLane="0" dir="s" state="M"/>
    <connection from=":20_1" to="E20" fromLane="0" toLane="0" dir="s" state="M"/>
    <connection from=":20_2" to="S20" fromLane="0" toLane="1" dir="s" state="M"/>
    <connection from=":20_3" to="E20" fromLane="0" toLane="1" dir="s" state="M"/>
    <connection from=":20_4" to="S20" fromLane="0" toLane="1" dir="s" state="M"/>
    <connection from=":20_5" to="E20" fromLane="0" toLane="2" dir="s" state="M"/>
    <connection from=":20_6" to="E20" fromLane="0" toLane="3" dir="s" state="M"/>
    <connection from=":20_7" to="E20" fromLane="0" toLane="4" dir="s" state="M"/>
    <connection from=":21_0" to="E21" fromLane="0" toLane="0" dir="s" state="M"/>
    <connection from=":21_1" to="E21" fromLane="0" toLane="1" dir="s" state="M"/>
    <connection from=":21_2" to="E21" fromLane="0" toLane="2" dir="s" state="M"/>
    <connection from=":21_3" to="E21" fromLane="0" toLane="3" dir="s" state="M"/>
    <connection from=":21_4" to="E21" fromLane="0" toLane="4" dir="s" state="M"/>
    <connection from=":3_0" to="E3" fromLane="0" toLane="0" dir="s" state="M"/>
    <connection from=":3_1" to="E3" fromLane="0" toLane="1" dir="s" state="M"/>
    <connection from=":3_2" to="E3" fromLane="0" toLane="2" dir="s" state="M"/>
    <connection from=":3_3" to="E3" fromLane="0" toLane="3" dir="s" state="M"/>
    <connection from=":3_4" to="E3" fromLane="0" toLane="4" dir="s" state="M"/>
    <connection from=":4_0" to="E4" fromLane="0" toLane="0" dir="s" state="M"/>
    <connection from=":4_1" to="E4" fromLane="0" toLane="1" dir="s" state="M"/>
    <connection from=":4_2" to="E4" fromLane="0" toLane="2" dir="s" state="M"/>
    <connection from=":4_3" to="E4" fromLane="0" toLane="3" dir="s" state="M"/>
    <connection from=":4_4" to="E4" fromLane="0" toLane="4" dir="s" state="M"/>
    <connection from=":4_5" to="E4" fromLane="0" toLane="5" dir="s" state="M"/>
    <connection from=":5_0" to="E5" fromLane="0" toLane="0" dir="s" state="M"/>
    <connection from=":5_1" to="E5" fromLane="0" toLane="0" dir="s" state="M"/>
    <connection from=":5_2" to="E5" fromLane="0" toLane="1" dir="s" state="M"/>
    <connection from=":5_3" to="E5" fromLane="0" toLane="2" dir="s" state="M"/>
    <connection from=":5_4" to="E5" fromLane="0" toLane="3" dir="s" state="M"/>
    <connection from=":5_5" to="E5" fromLane="0" toLane="4" dir="s" state="M"/>
    <connection from=":6_0" to="S6" fromLane="0" toLane="0" dir="s" state="M"/>
    <connection from=":6_1" to="E6" fromLane="0" toLane="0" dir="s" state="M"/>
    <connection from=":6_2" to="S6" fromLane="0" toLane="1" dir="s" state="M"/>
    <connection from=":6_3" to="E6" fromLane="0" toLane="1" dir="s" state="M"/>
    <connection from=":6_4" to="S6" fromLane="0" toLane="1" dir="s" state="M"/>
    <connection from=":6_5" to="E6" fromLane="0" toLane="2" dir="s" state="M"/>
    <connection from=":6_6" to="E6" fromLane="0" toLane="3" dir="s" state="M"/>
    <connection from=":6_7" to="E6" fromLane="0" toLane="4" dir="s" state="M"/>
    <connection from=":7_0" to="E7" fromLane="0" toLane="0" dir="s" state="M"/>
    <connection from=":7_1" to="E7" fromLane="0" toLane="0" dir="s" state="M"/>
    <connection from=":7_2" to="E7" fromLane="0" toLane="1" dir="s" state="M"/>
    <connection from=":7_3" to="E7" fromLane="0" toLane="2" dir="s" state="M"/>
    <connection from=":7_4" to="E7" fromLane="0" toLane="3" dir="s" state="M"/>
    <connection from=":8_0" to="S8" fromLane="0" toLane="0" dir="s" state="M"/>
    <connection from=":8_1" to="E8" fromLane="0" toLane="0" dir="s" state="M"/>
    <connection from=":8_2" to="S8" fromLane="0" toLane="1" dir="s" state="M"/>
    <connection from=":8_3" to="E8" fromLane="0" toLane="1" dir="s" state="M"/>
    <connection from=":8_4" to="S8" fromLane="0" toLane="1" dir="s" state="M"/>
    <connection from=":8_5" to="E8" fromLane="0" toLane="2" dir="s" state="M"/>
    <connection from=":8_6" to="E8" fromLane="0" toLane="3" dir="s" state="M"/>
    <connection from=":9_0" to="E9" fromLane="0" toLane="0" dir="s" state="M"/>
    <connection from=":9_1" to="E9" fromLane="0" toLane="1" dir="s" state="M"/>
    <connection from=":9_2" to="E9" fromLane="0" toLane="2" dir="s" state="M"/>
    <connection from=":9_3" to="E9" fromLane="0" toLane="1" dir="s" state="M"/>
    <connection from=":9_4" to="E9" fromLane="0" toLane="2" dir="s" state="M"/>
    <connection from=":9_5" to="E9" fromLane="0" toLane="3" dir="s" state="M"/>
    <connection from=":9_6" to="E9" fromLane="0" toLane="2" dir="s" state="M"/>
    <connection from=":9_7" to="E9" fromLane="0" toLane="3" dir="s" state="M"/>
    <connection from=":9_8" to="E9" fromLane="0" toLane="4" dir="s" state="M"/>
    <connection from=":9_9" to="E9" fromLane="0" toLane="3" dir="s" state="M"/>
    <connection from=":9_10" to="E9" fromLane="0" toLane="4" dir="s" state="M"/>

</net>
