<?xml version="1.0"?>

<!-- generated on 3/4/2013 2:14:22 PM by SUMO gui Version 0.13.0
<?xml version="1.0" encoding="iso-8859-1"?>

<configuration xmlns:xsi="http://www.w3.org/2001/XMLSchema-instance" xsi:noNamespaceSchemaLocation="http://sumo.sf.net/xsd/sumo-gui.exeConfiguration.xsd">

    <input>
        <net-file value="prob.net.xml"/>
        <route-files value="output.rou.xml"/>
        <additional-files value="detectors.add.xml"/>
    </input>

    <output>
        <netstate-dump value="netstate.xml"/>
        <summary-output value="summary.xml"/>
    </output>

    <time>
        <begin value="0"/>
        <end value="1800"/>
    </time>

    <gui_only>
        <gui-settings-file value=""/>
    </gui_only>

</configuration>
-->

<summary>
    <step time="0.00" loaded="7" emitted="6" running="6" waiting="0" ended="0" meanWaitingTime="0.00" meanTravelTime="-1.00" duration="0" />
    <step time="1.00" loaded="9" emitted="8" running="8" waiting="0" ended="0" meanWaitingTime="0.00" meanTravelTime="-1.00" duration="4" />
    <step time="2.00" loaded="15" emitted="14" running="14" waiting="0" ended="0" meanWaitingTime="0.00" meanTravelTime="-1.00" duration="3" />
    <step time="3.00" loaded="17" emitted="16" running="16" waiting="0" ended="0" meanWaitingTime="0.00" meanTravelTime="-1.00" duration="4" />
    <step time="4.00" loaded="19" emitted="18" running="18" waiting="0" ended="0" meanWaitingTime="0.00" meanTravelTime="-1.00" duration="3" />
    <step time="5.00" loaded="25" emitted="24" running="24" waiting="0" ended="0" meanWaitingTime="0.00" meanTravelTime="-1.00" duration="8" />
    <step time="6.00" loaded="27" emitted="26" running="26" waiting="0" ended="0" meanWaitingTime="0.00" meanTravelTime="-1.00" duration="7" />
    <step time="7.00" loaded="32" emitted="31" running="31" waiting="0" ended="0" meanWaitingTime="0.00" meanTravelTime="-1.00" duration="5" />
    <step time="8.00" loaded="35" emitted="34" running="34" waiting="0" ended="0" meanWaitingTime="0.00" meanTravelTime="-1.00" duration="6" />
    <step time="9.00" loaded="36" emitted="35" running="35" waiting="0" ended="0" meanWaitingTime="0.00" meanTravelTime="-1.00" duration="4" />
    <step time="10.00" loaded="39" emitted="38" running="38" waiting="0" ended="0" meanWaitingTime="0.00" meanTravelTime="-1.00" duration="4" />
    <step time="11.00" loaded="45" emitted="44" running="44" waiting="0" ended="0" meanWaitingTime="0.00" meanTravelTime="-1.00" duration="2" />
    <step time="12.00" loaded="47" emitted="46" running="46" waiting="0" ended="0" meanWaitingTime="0.00" meanTravelTime="-1.00" duration="3" />
    <step time="13.00" loaded="52" emitted="51" running="51" waiting="0" ended="0" meanWaitingTime="0.00" meanTravelTime="-1.00" duration="2" />
    <step time="14.00" loaded="56" emitted="55" running="55" waiting="0" ended="0" meanWaitingTime="0.00" meanTravelTime="-1.00" duration="3" />
    <step time="15.00" loaded="58" emitted="57" running="57" waiting="0" ended="0" meanWaitingTime="0.00" meanTravelTime="-1.00" duration="3" />
    <step time="16.00" loaded="60" emitted="59" running="59" waiting="0" ended="0" meanWaitingTime="0.00" meanTravelTime="-1.00" duration="4" />
    <step time="17.00" loaded="62" emitted="61" running="61" waiting="0" ended="0" meanWaitingTime="0.00" meanTravelTime="-1.00" duration="4" />
    <step time="18.00" loaded="64" emitted="63" running="63" waiting="0" ended="0" meanWaitingTime="0.00" meanTravelTime="-1.00" duration="3" />
    <step time="19.00" loaded="68" emitted="67" running="67" waiting="0" ended="0" meanWaitingTime="0.00" meanTravelTime="-1.00" duration="3" />
    <step time="20.00" loaded="71" emitted="70" running="70" waiting="0" ended="0" meanWaitingTime="0.00" meanTravelTime="-1.00" duration="2" />
    <step time="21.00" loaded="72" emitted="71" running="71" waiting="0" ended="0" meanWaitingTime="0.00" meanTravelTime="-1.00" duration="3" />
    <step time="22.00" loaded="76" emitted="75" running="75" waiting="0" ended="0" meanWaitingTime="0.00" meanTravelTime="-1.00" duration="2" />
    <step time="23.00" loaded="79" emitted="78" running="78" waiting="0" ended="0" meanWaitingTime="0.00" meanTravelTime="-1.00" duration="2" />
    <step time="24.00" loaded="81" emitted="80" running="80" waiting="0" ended="0" meanWaitingTime="0.00" meanTravelTime="-1.00" duration="2" />
    <step time="25.00" loaded="82" emitted="81" running="81" waiting="0" ended="0" meanWaitingTime="0.00" meanTravelTime="-1.00" duration="2" />
    <step time="26.00" loaded="84" emitted="83" running="83" waiting="0" ended="0" meanWaitingTime="0.00" meanTravelTime="-1.00" duration="2" />
    <step time="27.00" loaded="87" emitted="86" running="86" waiting="0" ended="0" meanWaitingTime="0.00" meanTravelTime="-1.00" duration="2" />
    <step time="28.00" loaded="87" emitted="86" running="86" waiting="0" ended="0" meanWaitingTime="0.00" meanTravelTime="-1.00" duration="3" />
    <step time="29.00" loaded="92" emitted="91" running="91" waiting="0" ended="0" meanWaitingTime="0.00" meanTravelTime="-1.00" duration="4" />
    <step time="30.00" loaded="96" emitted="95" running="95" waiting="0" ended="0" meanWaitingTime="0.00" meanTravelTime="-1.00" duration="4" />
    <step time="31.00" loaded="99" emitted="98" running="98" waiting="0" ended="0" meanWaitingTime="0.00" meanTravelTime="-1.00" duration="4" />
    <step time="32.00" loaded="100" emitted="99" running="99" waiting="0" ended="0" meanWaitingTime="0.00" meanTravelTime="-1.00" duration="3" />
    <step time="33.00" loaded="104" emitted="103" running="103" waiting="0" ended="0" meanWaitingTime="0.00" meanTravelTime="-1.00" duration="3" />
    <step time="34.00" loaded="106" emitted="105" running="105" waiting="0" ended="0" meanWaitingTime="0.00" meanTravelTime="-1.00" duration="3" />
    <step time="35.00" loaded="106" emitted="105" running="105" waiting="0" ended="0" meanWaitingTime="0.00" meanTravelTime="-1.00" duration="2" />
    <step time="36.00" loaded="112" emitted="111" running="111" waiting="0" ended="0" meanWaitingTime="0.00" meanTravelTime="-1.00" duration="3" />
    <step time="37.00" loaded="117" emitted="116" running="116" waiting="0" ended="0" meanWaitingTime="0.00" meanTravelTime="-1.00" duration="3" />
    <step time="38.00" loaded="122" emitted="121" running="121" waiting="0" ended="0" meanWaitingTime="0.00" meanTravelTime="-1.00" duration="4" />
    <step time="39.00" loaded="130" emitted="129" running="129" waiting="0" ended="0" meanWaitingTime="0.00" meanTravelTime="-1.00" duration="3" />
    <step time="40.00" loaded="133" emitted="132" running="132" waiting="0" ended="0" meanWaitingTime="0.00" meanTravelTime="-1.00" duration="4" />
    <step time="41.00" loaded="138" emitted="137" running="137" waiting="0" ended="0" meanWaitingTime="0.00" meanTravelTime="-1.00" duration="4" />
    <step time="42.00" loaded="140" emitted="139" running="139" waiting="0" ended="0" meanWaitingTime="0.00" meanTravelTime="-1.00" duration="3" />
    <step time="43.00" loaded="143" emitted="142" running="142" waiting="0" ended="0" meanWaitingTime="0.00" meanTravelTime="-1.00" duration="4" />
    <step time="44.00" loaded="150" emitted="149" running="149" waiting="0" ended="0" meanWaitingTime="0.00" meanTravelTime="-1.00" duration="4" />
    <step time="45.00" loaded="153" emitted="152" running="152" waiting="0" ended="0" meanWaitingTime="0.00" meanTravelTime="-1.00" duration="8" />
    <step time="46.00" loaded="156" emitted="155" running="155" waiting="0" ended="0" meanWaitingTime="0.00" meanTravelTime="-1.00" duration="6" />
    <step time="47.00" loaded="161" emitted="160" running="160" waiting="0" ended="0" meanWaitingTime="0.00" meanTravelTime="-1.00" duration="8" />
    <step time="48.00" loaded="164" emitted="163" running="163" waiting="0" ended="0" meanWaitingTime="0.00" meanTravelTime="-1.00" duration="9" />
    <step time="49.00" loaded="168" emitted="166" running="166" waiting="1" ended="0" meanWaitingTime="0.00" meanTravelTime="-1.00" duration="5" />
    <step time="50.00" loaded="174" emitted="172" running="172" waiting="1" ended="0" meanWaitingTime="0.00" meanTravelTime="-1.00" duration="4" />
    <step time="51.00" loaded="178" emitted="175" running="175" waiting="2" ended="0" meanWaitingTime="0.00" meanTravelTime="-1.00" duration="4" />
    <step time="52.00" loaded="180" emitted="177" running="177" waiting="2" ended="0" meanWaitingTime="0.00" meanTravelTime="-1.00" duration="5" />
    <step time="53.00" loaded="185" emitted="182" running="182" waiting="2" ended="0" meanWaitingTime="0.00" meanTravelTime="-1.00" duration="7" />
    <step time="54.00" loaded="186" emitted="183" running="183" waiting="2" ended="0" meanWaitingTime="0.00" meanTravelTime="-1.00" duration="5" />
    <step time="55.00" loaded="186" emitted="183" running="183" waiting="2" ended="0" meanWaitingTime="0.00" meanTravelTime="-1.00" duration="4" />
    <step time="56.00" loaded="188" emitted="185" running="185" waiting="2" ended="0" meanWaitingTime="0.00" meanTravelTime="-1.00" duration="6" />
    <step time="57.00" loaded="191" emitted="188" running="188" waiting="2" ended="0" meanWaitingTime="0.00" meanTravelTime="-1.00" duration="4" />
    <step time="58.00" loaded="195" emitted="193" running="193" waiting="1" ended="0" meanWaitingTime="0.05" meanTravelTime="-1.00" duration="7" />
    <step time="59.00" loaded="198" emitted="196" running="196" waiting="1" ended="0" meanWaitingTime="0.05" meanTravelTime="-1.00" duration="6" />
    <step time="60.00" loaded="201" emitted="198" running="198" waiting="2" ended="0" meanWaitingTime="0.05" meanTravelTime="-1.00" duration="5" />
    <step time="61.00" loaded="202" emitted="199" running="199" waiting="2" ended="0" meanWaitingTime="0.05" meanTravelTime="-1.00" duration="5" />
    <step time="62.00" loaded="205" emitted="202" running="202" waiting="2" ended="0" meanWaitingTime="0.04" meanTravelTime="-1.00" duration="5" />
    <step time="63.00" loaded="207" emitted="205" running="205" waiting="1" ended="0" meanWaitingTime="0.10" meanTravelTime="-1.00" duration="5" />
    <step time="64.00" loaded="212" emitted="209" running="209" waiting="2" ended="0" meanWaitingTime="0.10" meanTravelTime="-1.00" duration="6" />
    <step time="65.00" loaded="215" emitted="212" running="212" waiting="2" ended="0" meanWaitingTime="0.10" meanTravelTime="-1.00" duration="6" />
    <step time="66.00" loaded="221" emitted="218" running="218" waiting="2" ended="0" meanWaitingTime="0.10" meanTravelTime="-1.00" duration="5" />
    <step time="67.00" loaded="222" emitted="219" running="219" waiting="2" ended="0" meanWaitingTime="0.10" meanTravelTime="-1.00" duration="6" />
    <step time="68.00" loaded="224" emitted="221" running="221" waiting="2" ended="0" meanWaitingTime="0.10" meanTravelTime="-1.00" duration="6" />
    <step time="69.00" loaded="227" emitted="225" running="225" waiting="1" ended="0" meanWaitingTime="0.13" meanTravelTime="-1.00" duration="6" />
    <step time="70.00" loaded="230" emitted="228" running="228" waiting="1" ended="0" meanWaitingTime="0.13" meanTravelTime="-1.00" duration="6" />
    <step time="71.00" loaded="233" emitted="231" running="231" waiting="1" ended="0" meanWaitingTime="0.13" meanTravelTime="-1.00" duration="5" />
    <step time="72.00" loaded="238" emitted="236" running="236" waiting="1" ended="0" meanWaitingTime="0.13" meanTravelTime="-1.00" duration="6" />
    <step time="73.00" loaded="241" emitted="239" running="239" waiting="1" ended="0" meanWaitingTime="0.13" meanTravelTime="-1.00" duration="7" />
    <step time="74.00" loaded="244" emitted="242" running="242" waiting="1" ended="0" meanWaitingTime="0.12" meanTravelTime="-1.00" duration="6" />
    <step time="75.00" loaded="245" emitted="243" running="243" waiting="1" ended="0" meanWaitingTime="0.12" meanTravelTime="-1.00" duration="6" />
    <step time="76.00" loaded="250" emitted="247" running="247" waiting="2" ended="0" meanWaitingTime="0.12" meanTravelTime="-1.00" duration="6" />
    <step time="77.00" loaded="253" emitted="250" running="250" waiting="2" ended="0" meanWaitingTime="0.12" meanTravelTime="-1.00" duration="7" />
    <step time="78.00" loaded="257" emitted="254" running="254" waiting="2" ended="0" meanWaitingTime="0.12" meanTravelTime="-1.00" duration="6" />
    <step time="79.00" loaded="259" emitted="255" running="255" waiting="3" ended="0" meanWaitingTime="0.12" meanTravelTime="-1.00" duration="7" />
    <step time="80.00" loaded="263" emitted="259" running="259" waiting="3" ended="0" meanWaitingTime="0.12" meanTravelTime="-1.00" duration="6" />
    <step time="81.00" loaded="266" emitted="262" running="262" waiting="3" ended="0" meanWaitingTime="0.11" meanTravelTime="-1.00" duration="7" />
    <step time="82.00" loaded="271" emitted="267" running="267" waiting="3" ended="0" meanWaitingTime="0.11" meanTravelTime="-1.00" duration="6" />
    <step time="83.00" loaded="278" emitted="272" running="272" waiting="5" ended="0" meanWaitingTime="0.11" meanTravelTime="-1.00" duration="8" />
    <step time="84.00" loaded="281" emitted="274" running="274" waiting="6" ended="0" meanWaitingTime="0.11" meanTravelTime="-1.00" duration="7" />
    <step time="85.00" loaded="286" emitted="280" running="280" waiting="5" ended="0" meanWaitingTime="0.11" meanTravelTime="-1.00" duration="7" />
    <step time="86.00" loaded="292" emitted="285" running="285" waiting="6" ended="0" meanWaitingTime="0.11" meanTravelTime="-1.00" duration="8" />
    <step time="87.00" loaded="296" emitted="288" running="288" waiting="7" ended="0" meanWaitingTime="0.11" meanTravelTime="-1.00" duration="8" />
    <step time="88.00" loaded="298" emitted="290" running="290" waiting="7" ended="0" meanWaitingTime="0.11" meanTravelTime="-1.00" duration="8" />
    <step time="89.00" loaded="301" emitted="292" running="292" waiting="8" ended="0" meanWaitingTime="0.11" meanTravelTime="-1.00" duration="8" />
    <step time="90.00" loaded="304" emitted="295" running="295" waiting="8" ended="0" meanWaitingTime="0.11" meanTravelTime="-1.00" duration="7" />
    <step time="91.00" loaded="308" emitted="299" running="299" waiting="8" ended="0" meanWaitingTime="0.10" meanTravelTime="-1.00" duration="7" />
    <step time="92.00" loaded="311" emitted="302" running="302" waiting="8" ended="0" meanWaitingTime="0.10" meanTravelTime="-1.00" duration="9" />
    <step time="93.00" loaded="314" emitted="305" running="305" waiting="8" ended="0" meanWaitingTime="0.20" meanTravelTime="-1.00" duration="8" />
    <step time="94.00" loaded="315" emitted="307" running="307" waiting="7" ended="0" meanWaitingTime="0.20" meanTravelTime="-1.00" duration="7" />
    <step time="95.00" loaded="318" emitted="311" running="311" waiting="6" ended="0" meanWaitingTime="0.26" meanTravelTime="-1.00" duration="10" />
    <step time="96.00" loaded="320" emitted="313" running="313" waiting="6" ended="0" meanWaitingTime="0.26" meanTravelTime="-1.00" duration="7" />
    <step time="97.00" loaded="324" emitted="317" running="317" waiting="6" ended="0" meanWaitingTime="0.25" meanTravelTime="-1.00" duration="9" />
    <step time="98.00" loaded="329" emitted="323" running="323" waiting="5" ended="0" meanWaitingTime="0.31" meanTravelTime="-1.00" duration="8" />
    <step time="99.00" loaded="331" emitted="325" running="325" waiting="5" ended="0" meanWaitingTime="0.30" meanTravelTime="-1.00" duration="8" />
    <step time="100.00" loaded="333" emitted="327" running="327" waiting="5" ended="0" meanWaitingTime="0.30" meanTravelTime="-1.00" duration="8" />
    <step time="101.00" loaded="334" emitted="328" running="328" waiting="5" ended="0" meanWaitingTime="0.30" meanTravelTime="-1.00" duration="9" />
    <step time="102.00" loaded="341" emitted="335" running="335" waiting="5" ended="0" meanWaitingTime="0.30" meanTravelTime="-1.00" duration="8" />
    <step time="103.00" loaded="346" emitted="339" running="339" waiting="6" ended="0" meanWaitingTime="0.29" meanTravelTime="-1.00" duration="9" />
    <step time="104.00" loaded="346" emitted="339" running="339" waiting="6" ended="0" meanWaitingTime="0.29" meanTravelTime="-1.00" duration="9" />
    <step time="105.00" loaded="349" emitted="341" running="341" waiting="7" ended="0" meanWaitingTime="0.29" meanTravelTime="-1.00" duration="9" />
    <step time="106.00" loaded="356" emitted="349" running="349" waiting="6" ended="0" meanWaitingTime="0.35" meanTravelTime="-1.00" duration="9" />
    <step time="107.00" loaded="360" emitted="353" running="352" waiting="6" ended="1" meanWaitingTime="0.35" meanTravelTime="96.00" duration="9" />
    <step time="108.00" loaded="363" emitted="356" running="355" waiting="6" ended="1" meanWaitingTime="0.34" meanTravelTime="96.00" duration="10" />
    <step time="109.00" loaded="368" emitted="362" running="360" waiting="5" ended="2" meanWaitingTime="0.41" meanTravelTime="99.50" duration="9" />
    <step time="110.00" loaded="372" emitted="366" running="363" waiting="5" ended="3" meanWaitingTime="0.40" meanTravelTime="103.00" duration="13" />
    <step time="111.00" loaded="375" emitted="368" running="365" waiting="6" ended="3" meanWaitingTime="0.40" meanTravelTime="103.00" duration="11" />
    <step time="112.00" loaded="380" emitted="374" running="370" waiting="5" ended="4" meanWaitingTime="0.40" meanTravelTime="104.75" duration="11" />
    <step time="113.00" loaded="385" emitted="379" running="375" waiting="5" ended="4" meanWaitingTime="0.39" meanTravelTime="104.75" duration="12" />
    <step time="114.00" loaded="390" emitted="383" running="378" waiting="6" ended="5" meanWaitingTime="0.39" meanTravelTime="105.60" duration="11" />
    <step time="115.00" loaded="394" emitted="385" running="380" waiting="8" ended="5" meanWaitingTime="0.39" meanTravelTime="105.60" duration="10" />
    <step time="116.00" loaded="397" emitted="388" running="382" waiting="8" ended="6" meanWaitingTime="0.38" meanTravelTime="106.50" duration="9" />
    <step time="117.00" loaded="400" emitted="391" running="385" waiting="8" ended="6" meanWaitingTime="0.39" meanTravelTime="106.50" duration="10" />
    <step time="118.00" loaded="404" emitted="395" running="388" waiting="8" ended="7" meanWaitingTime="0.39" meanTravelTime="107.00" duration="10" />
    <step time="119.00" loaded="408" emitted="399" running="392" waiting="8" ended="7" meanWaitingTime="0.39" meanTravelTime="107.00" duration="10" />
    <step time="120.00" loaded="412" emitted="404" running="397" waiting="7" ended="7" meanWaitingTime="0.39" meanTravelTime="107.00" duration="12" />
    <step time="121.00" loaded="414" emitted="406" running="398" waiting="7" ended="8" meanWaitingTime="0.39" meanTravelTime="107.75" duration="14" />
    <step time="122.00" loaded="417" emitted="409" running="401" waiting="7" ended="8" meanWaitingTime="0.47" meanTravelTime="107.75" duration="12" />
    <step time="123.00" loaded="423" emitted="414" running="405" waiting="8" ended="9" meanWaitingTime="0.48" meanTravelTime="108.00" duration="12" />
    <step time="124.00" loaded="426" emitted="418" running="409" waiting="7" ended="9" meanWaitingTime="0.48" meanTravelTime="108.00" duration="11" />
    <step time="125.00" loaded="430" emitted="422" running="412" waiting="7" ended="10" meanWaitingTime="0.47" meanTravelTime="108.60" duration="15" />
    <step time="126.00" loaded="435" emitted="427" running="417" waiting="7" ended="10" meanWaitingTime="0.47" meanTravelTime="108.60" duration="14" />
    <step time="127.00" loaded="439" emitted="430" running="419" waiting="8" ended="11" meanWaitingTime="0.46" meanTravelTime="108.18" duration="15" />
    <step time="128.00" loaded="444" emitted="435" running="423" waiting="8" ended="12" meanWaitingTime="0.46" meanTravelTime="108.00" duration="12" />
    <step time="129.00" loaded="444" emitted="435" running="423" waiting="8" ended="12" meanWaitingTime="0.46" meanTravelTime="108.00" duration="10" />
    <step time="130.00" loaded="447" emitted="439" running="426" waiting="7" ended="13" meanWaitingTime="0.55" meanTravelTime="108.23" duration="15" />
    <step time="131.00" loaded="452" emitted="442" running="429" waiting="9" ended="13" meanWaitingTime="0.55" meanTravelTime="108.23" duration="14" />
    <step time="132.00" loaded="454" emitted="445" running="431" waiting="8" ended="14" meanWaitingTime="0.55" meanTravelTime="108.64" duration="14" />
    <step time="133.00" loaded="461" emitted="451" running="436" waiting="9" ended="15" meanWaitingTime="0.54" meanTravelTime="108.73" duration="15" />
    <step time="134.00" loaded="463" emitted="454" running="439" waiting="8" ended="15" meanWaitingTime="0.54" meanTravelTime="108.73" duration="11" />
    <step time="135.00" loaded="467" emitted="457" running="442" waiting="9" ended="15" meanWaitingTime="0.53" meanTravelTime="108.73" duration="13" />
    <step time="136.00" loaded="470" emitted="460" running="445" waiting="9" ended="15" meanWaitingTime="0.53" meanTravelTime="108.73" duration="11" />
    <step time="137.00" loaded="474" emitted="464" running="449" waiting="9" ended="15" meanWaitingTime="0.53" meanTravelTime="108.73" duration="11" />
    <step time="138.00" loaded="476" emitted="464" running="448" waiting="11" ended="16" meanWaitingTime="0.53" meanTravelTime="109.00" duration="15" />
    <step time="139.00" loaded="478" emitted="466" running="450" waiting="11" ended="16" meanWaitingTime="0.52" meanTravelTime="109.00" duration="15" />
    <step time="140.00" loaded="479" emitted="467" running="451" waiting="11" ended="16" meanWaitingTime="0.52" meanTravelTime="109.00" duration="16" />
    <step time="141.00" loaded="483" emitted="471" running="455" waiting="11" ended="16" meanWaitingTime="0.52" meanTravelTime="109.00" duration="15" />
    <step time="142.00" loaded="488" emitted="476" running="460" waiting="11" ended="16" meanWaitingTime="0.51" meanTravelTime="109.00" duration="15" />
    <step time="143.00" loaded="496" emitted="484" running="467" waiting="11" ended="17" meanWaitingTime="0.50" meanTravelTime="109.06" duration="12" />
    <step time="144.00" loaded="497" emitted="484" running="467" waiting="12" ended="17" meanWaitingTime="0.50" meanTravelTime="109.06" duration="13" />
    <step time="145.00" loaded="499" emitted="485" running="466" waiting="13" ended="19" meanWaitingTime="0.50" meanTravelTime="109.05" duration="14" />
    <step time="146.00" loaded="500" emitted="487" running="468" waiting="12" ended="19" meanWaitingTime="0.50" meanTravelTime="109.05" duration="15" />
    <step time="147.00" loaded="501" emitted="488" running="468" waiting="12" ended="20" meanWaitingTime="0.50" meanTravelTime="109.15" duration="12" />
    <step time="148.00" loaded="503" emitted="490" running="468" waiting="12" ended="22" meanWaitingTime="0.50" meanTravelTime="109.23" duration="11" />
    <step time="149.00" loaded="505" emitted="492" running="470" waiting="12" ended="22" meanWaitingTime="0.50" meanTravelTime="109.23" duration="12" />
    <step time="150.00" loaded="509" emitted="496" running="472" waiting="12" ended="24" meanWaitingTime="0.49" meanTravelTime="109.13" duration="11" />
    <step time="151.00" loaded="510" emitted="497" running="472" waiting="12" ended="25" meanWaitingTime="0.49" meanTravelTime="109.16" duration="11" />
    <step time="152.00" loaded="513" emitted="500" running="474" waiting="12" ended="26" meanWaitingTime="0.49" meanTravelTime="108.58" duration="12" />
    <step time="153.00" loaded="515" emitted="502" running="475" waiting="12" ended="27" meanWaitingTime="0.49" meanTravelTime="108.63" duration="14" />
    <step time="154.00" loaded="516" emitted="503" running="476" waiting="12" ended="27" meanWaitingTime="0.49" meanTravelTime="108.63" duration="16" />
    <step time="155.00" loaded="520" emitted="507" running="478" waiting="12" ended="29" meanWaitingTime="0.48" meanTravelTime="108.34" duration="15" />
    <step time="156.00" loaded="524" emitted="511" running="482" waiting="12" ended="29" meanWaitingTime="0.48" meanTravelTime="108.34" duration="15" />
    <step time="157.00" loaded="531" emitted="517" running="487" waiting="13" ended="30" meanWaitingTime="0.47" meanTravelTime="108.43" duration="14" />
    <step time="158.00" loaded="536" emitted="522" running="491" waiting="13" ended="31" meanWaitingTime="0.47" meanTravelTime="108.52" duration="12" />
    <step time="159.00" loaded="539" emitted="526" running="494" waiting="12" ended="32" meanWaitingTime="0.60" meanTravelTime="108.44" duration="15" />
    <step time="160.00" loaded="542" emitted="529" running="496" waiting="12" ended="33" meanWaitingTime="0.60" meanTravelTime="108.48" duration="14" />
    <step time="161.00" loaded="544" emitted="531" running="498" waiting="12" ended="33" meanWaitingTime="0.59" meanTravelTime="108.48" duration="12" />
    <step time="162.00" loaded="546" emitted="532" running="499" waiting="13" ended="33" meanWaitingTime="0.59" meanTravelTime="108.48" duration="15" />
    <step time="163.00" loaded="548" emitted="533" running="499" waiting="14" ended="34" meanWaitingTime="0.59" meanTravelTime="110.09" duration="12" />
    <step time="164.00" loaded="555" emitted="541" running="507" waiting="13" ended="34" meanWaitingTime="0.58" meanTravelTime="110.09" duration="12" />
    <step time="165.00" loaded="559" emitted="545" running="510" waiting="13" ended="35" meanWaitingTime="0.58" meanTravelTime="111.66" duration="13" />
    <step time="166.00" loaded="563" emitted="548" running="512" waiting="14" ended="36" meanWaitingTime="0.58" meanTravelTime="111.72" duration="13" />
    <step time="167.00" loaded="566" emitted="550" running="513" waiting="15" ended="37" meanWaitingTime="0.57" meanTravelTime="113.16" duration="12" />
    <step time="168.00" loaded="569" emitted="553" running="515" waiting="15" ended="38" meanWaitingTime="0.57" meanTravelTime="112.39" duration="17" />
    <step time="169.00" loaded="570" emitted="554" running="516" waiting="15" ended="38" meanWaitingTime="0.57" meanTravelTime="112.39" duration="17" />
    <step time="170.00" loaded="574" emitted="558" running="519" waiting="15" ended="39" meanWaitingTime="0.57" meanTravelTime="111.74" duration="13" />
    <step time="171.00" loaded="576" emitted="560" running="520" waiting="15" ended="40" meanWaitingTime="0.56" meanTravelTime="111.08" duration="13" />
    <step time="172.00" loaded="582" emitted="566" running="525" waiting="15" ended="41" meanWaitingTime="0.56" meanTravelTime="110.95" duration="13" />
    <step time="173.00" loaded="587" emitted="571" running="529" waiting="15" ended="42" meanWaitingTime="0.55" meanTravelTime="110.93" duration="14" />
    <step time="174.00" loaded="591" emitted="575" running="533" waiting="15" ended="42" meanWaitingTime="0.55" meanTravelTime="110.93" duration="13" />
    <step time="175.00" loaded="598" emitted="580" running="536" waiting="17" ended="44" meanWaitingTime="0.54" meanTravelTime="110.77" duration="13" />
    <step time="176.00" loaded="605" emitted="587" running="543" waiting="17" ended="44" meanWaitingTime="0.54" meanTravelTime="110.77" duration="13" />
    <step time="177.00" loaded="607" emitted="590" running="545" waiting="16" ended="45" meanWaitingTime="0.66" meanTravelTime="110.76" duration="14" />
    <step time="178.00" loaded="609" emitted="592" running="547" waiting="16" ended="45" meanWaitingTime="0.66" meanTravelTime="110.76" duration="13" />
    <step time="179.00" loaded="612" emitted="595" running="549" waiting="16" ended="46" meanWaitingTime="0.66" meanTravelTime="110.74" duration="13" />
    <step time="180.00" loaded="617" emitted="600" running="554" waiting="16" ended="46" meanWaitingTime="0.65" meanTravelTime="110.74" duration="14" />
    <step time="181.00" loaded="618" emitted="601" running="554" waiting="16" ended="47" meanWaitingTime="0.65" meanTravelTime="110.49" duration="16" />
    <step time="182.00" loaded="620" emitted="602" running="555" waiting="17" ended="47" meanWaitingTime="0.65" meanTravelTime="110.49" duration="14" />
    <step time="183.00" loaded="621" emitted="604" running="556" waiting="16" ended="48" meanWaitingTime="0.65" meanTravelTime="110.50" duration="12" />
    <step time="184.00" loaded="624" emitted="607" running="557" waiting="16" ended="50" meanWaitingTime="0.64" meanTravelTime="111.86" duration="13" />
    <step time="185.00" loaded="625" emitted="609" running="559" waiting="15" ended="50" meanWaitingTime="0.77" meanTravelTime="111.86" duration="13" />
    <step time="186.00" loaded="630" emitted="614" running="563" waiting="15" ended="51" meanWaitingTime="0.77" meanTravelTime="113.25" duration="13" />
    <step time="187.00" loaded="632" emitted="616" running="565" waiting="15" ended="51" meanWaitingTime="0.76" meanTravelTime="113.25" duration="14" />
    <step time="188.00" loaded="636" emitted="620" running="568" waiting="15" ended="52" meanWaitingTime="0.76" meanTravelTime="114.33" duration="13" />
    <step time="189.00" loaded="640" emitted="623" running="570" waiting="16" ended="53" meanWaitingTime="0.76" meanTravelTime="115.28" duration="14" />
    <step time="190.00" loaded="643" emitted="628" running="575" waiting="14" ended="53" meanWaitingTime="0.87" meanTravelTime="115.28" duration="17" />
    <step time="191.00" loaded="645" emitted="629" running="575" waiting="15" ended="54" meanWaitingTime="0.87" meanTravelTime="115.20" duration="22" />
    <step time="192.00" loaded="651" emitted="635" running="581" waiting="15" ended="54" meanWaitingTime="0.86" meanTravelTime="115.20" duration="19" />
    <step time="193.00" loaded="658" emitted="641" running="586" waiting="16" ended="55" meanWaitingTime="0.86" meanTravelTime="115.20" duration="16" />
    <step time="194.00" loaded="663" emitted="645" running="588" waiting="17" ended="57" meanWaitingTime="0.85" meanTravelTime="115.02" duration="17" />
    <step time="195.00" loaded="667" emitted="649" running="592" waiting="17" ended="57" meanWaitingTime="0.85" meanTravelTime="115.02" duration="16" />
    <step time="196.00" loaded="668" emitted="649" running="590" waiting="18" ended="59" meanWaitingTime="0.85" meanTravelTime="116.19" duration="17" />
    <step time="197.00" loaded="673" emitted="653" running="593" waiting="19" ended="60" meanWaitingTime="0.84" meanTravelTime="116.10" duration="16" />
    <step time="198.00" loaded="675" emitted="657" running="596" waiting="17" ended="61" meanWaitingTime="0.96" meanTravelTime="116.00" duration="15" />
    <step time="199.00" loaded="680" emitted="660" running="598" waiting="19" ended="62" meanWaitingTime="0.95" meanTravelTime="115.77" duration="17" />
    <step time="200.00" loaded="683" emitted="663" running="600" waiting="19" ended="63" meanWaitingTime="0.95" meanTravelTime="116.46" duration="15" />
    <step time="201.00" loaded="687" emitted="665" running="601" waiting="21" ended="64" meanWaitingTime="0.95" meanTravelTime="116.09" duration="15" />
    <step time="202.00" loaded="688" emitted="666" running="600" waiting="21" ended="66" meanWaitingTime="0.95" meanTravelTime="115.76" duration="15" />
    <step time="203.00" loaded="688" emitted="668" running="602" waiting="19" ended="66" meanWaitingTime="1.07" meanTravelTime="115.76" duration="15" />
    <step time="204.00" loaded="690" emitted="668" running="600" waiting="21" ended="68" meanWaitingTime="1.07" meanTravelTime="117.24" duration="15" />
    <step time="205.00" loaded="692" emitted="669" running="600" waiting="22" ended="69" meanWaitingTime="1.06" meanTravelTime="117.99" duration="15" />
    <step time="206.00" loaded="695" emitted="671" running="601" waiting="23" ended="70" meanWaitingTime="1.06" meanTravelTime="117.89" duration="14" />
    <step time="207.00" loaded="695" emitted="672" running="600" waiting="22" ended="72" meanWaitingTime="1.07" meanTravelTime="117.61" duration="17" />
    <step time="208.00" loaded="697" emitted="675" running="603" waiting="21" ended="72" meanWaitingTime="1.07" meanTravelTime="117.61" duration="20" />
    <step time="209.00" loaded="700" emitted="678" running="604" waiting="21" ended="74" meanWaitingTime="1.06" meanTravelTime="117.16" duration="18" />
    <step time="210.00" loaded="703" emitted="682" running="607" waiting="20" ended="75" meanWaitingTime="1.07" meanTravelTime="117.83" duration="17" />
    <step time="211.00" loaded="704" emitted="686" running="610" waiting="17" ended="76" meanWaitingTime="1.20" meanTravelTime="118.71" duration="18" />
    <step time="212.00" loaded="704" emitted="686" running="609" waiting="17" ended="77" meanWaitingTime="1.20" meanTravelTime="118.60" duration="16" />
    <step time="213.00" loaded="706" emitted="688" running="609" waiting="17" ended="79" meanWaitingTime="1.20" meanTravelTime="118.95" duration="17" />
    <step time="214.00" loaded="712" emitted="694" running="614" waiting="17" ended="80" meanWaitingTime="1.19" meanTravelTime="118.81" duration="15" />
    <step time="215.00" loaded="717" emitted="696" running="615" waiting="20" ended="81" meanWaitingTime="1.18" meanTravelTime="119.38" duration="16" />
    <step time="216.00" loaded="722" emitted="700" running="618" waiting="21" ended="82" meanWaitingTime="1.18" meanTravelTime="119.85" duration="19" />
    <step time="217.00" loaded="725" emitted="704" running="620" waiting="20" ended="84" meanWaitingTime="1.17" meanTravelTime="120.29" duration="17" />
    <step time="218.00" loaded="726" emitted="705" running="621" waiting="20" ended="84" meanWaitingTime="1.17" meanTravelTime="120.29" duration="17" />
    <step time="219.00" loaded="732" emitted="710" running="624" waiting="21" ended="86" meanWaitingTime="1.29" meanTravelTime="121.51" duration="15" />
    <step time="220.00" loaded="736" emitted="713" running="627" waiting="22" ended="86" meanWaitingTime="1.29" meanTravelTime="121.51" duration="16" />
    <step time="221.00" loaded="742" emitted="719" running="632" waiting="22" ended="87" meanWaitingTime="1.28" meanTravelTime="122.01" duration="17" />
    <step time="222.00" loaded="748" emitted="726" running="637" waiting="21" ended="89" meanWaitingTime="1.27" meanTravelTime="123.01" duration="19" />
    <step time="223.00" loaded="749" emitted="727" running="638" waiting="21" ended="89" meanWaitingTime="1.27" meanTravelTime="123.01" duration="20" />
    <step time="224.00" loaded="749" emitted="729" running="639" waiting="19" ended="90" meanWaitingTime="1.40" meanTravelTime="122.88" duration="23" />
    <step time="225.00" loaded="753" emitted="733" running="643" waiting="19" ended="90" meanWaitingTime="1.39" meanTravelTime="122.88" duration="23" />
    <step time="226.00" loaded="754" emitted="734" running="643" waiting="19" ended="91" meanWaitingTime="1.39" meanTravelTime="123.34" duration="20" />
    <step time="227.00" loaded="756" emitted="736" running="643" waiting="19" ended="93" meanWaitingTime="1.39" meanTravelTime="123.65" duration="21" />
    <step time="228.00" loaded="760" emitted="739" running="646" waiting="20" ended="93" meanWaitingTime="1.38" meanTravelTime="123.65" duration="17" />
    <step time="229.00" loaded="764" emitted="743" running="648" waiting="20" ended="95" meanWaitingTime="1.38" meanTravelTime="123.36" duration="19" />
    <step time="230.00" loaded="769" emitted="748" running="652" waiting="20" ended="96" meanWaitingTime="1.38" meanTravelTime="123.26" duration="23" />
    <step time="231.00" loaded="770" emitted="749" running="652" waiting="20" ended="97" meanWaitingTime="1.38" meanTravelTime="123.09" duration="17" />
    <step time="232.00" loaded="773" emitted="752" running="653" waiting="20" ended="99" meanWaitingTime="1.49" meanTravelTime="123.92" duration="23" />
    <step time="233.00" loaded="776" emitted="754" running="655" waiting="21" ended="99" meanWaitingTime="1.49" meanTravelTime="123.92" duration="23" />
    <step time="234.00" loaded="780" emitted="758" running="658" waiting="21" ended="100" meanWaitingTime="1.48" meanTravelTime="123.79" duration="21" />
    <step time="235.00" loaded="783" emitted="761" running="661" waiting="21" ended="100" meanWaitingTime="1.48" meanTravelTime="123.79" duration="16" />
    <step time="236.00" loaded="787" emitted="765" running="663" waiting="21" ended="102" meanWaitingTime="1.47" meanTravelTime="124.61" duration="19" />
    <step time="237.00" loaded="788" emitted="768" running="664" waiting="19" ended="104" meanWaitingTime="1.61" meanTravelTime="124.83" duration="16" />
    <step time="238.00" loaded="794" emitted="773" running="669" waiting="20" ended="104" meanWaitingTime="1.60" meanTravelTime="124.83" duration="17" />
    <step time="239.00" loaded="798" emitted="778" running="673" waiting="19" ended="105" meanWaitingTime="1.59" meanTravelTime="125.20" duration="17" />
    <step time="240.00" loaded="803" emitted="783" running="678" waiting="19" ended="105" meanWaitingTime="1.58" meanTravelTime="125.20" duration="19" />
    <step time="241.00" loaded="804" emitted="784" running="677" waiting="19" ended="107" meanWaitingTime="1.58" meanTravelTime="124.92" duration="17" />
    <step time="242.00" loaded="807" emitted="787" running="679" waiting="19" ended="108" meanWaitingTime="1.70" meanTravelTime="124.82" duration="16" />
    <step time="243.00" loaded="811" emitted="790" running="681" waiting="20" ended="109" meanWaitingTime="1.69" meanTravelTime="124.58" duration="16" />
    <step time="244.00" loaded="815" emitted="794" running="684" waiting="20" ended="110" meanWaitingTime="1.68" meanTravelTime="124.45" duration="17" />
    <step time="245.00" loaded="819" emitted="799" running="689" waiting="19" ended="110" meanWaitingTime="1.78" meanTravelTime="124.45" duration="17" />
    <step time="246.00" loaded="821" emitted="802" running="690" waiting="18" ended="112" meanWaitingTime="1.78" meanTravelTime="124.04" duration="17" />
    <step time="247.00" loaded="823" emitted="804" running="692" waiting="18" ended="112" meanWaitingTime="1.77" meanTravelTime="124.04" duration="16" />
    <step time="248.00" loaded="829" emitted="808" running="695" waiting="20" ended="113" meanWaitingTime="1.76" meanTravelTime="124.88" duration="17" />
    <step time="249.00" loaded="832" emitted="812" running="698" waiting="19" ended="114" meanWaitingTime="1.86" meanTravelTime="125.26" duration="16" />
    <step time="250.00" loaded="836" emitted="814" running="700" waiting="21" ended="114" meanWaitingTime="1.86" meanTravelTime="125.26" duration="18" />
    <step time="251.00" loaded="838" emitted="816" running="700" waiting="21" ended="116" meanWaitingTime="1.85" meanTravelTime="124.87" duration="17" />
    <step time="252.00" loaded="842" emitted="819" running="701" waiting="22" ended="118" meanWaitingTime="1.85" meanTravelTime="125.72" duration="19" />
    <step time="253.00" loaded="848" emitted="824" running="706" waiting="23" ended="118" meanWaitingTime="1.94" meanTravelTime="125.72" duration="25" />
    <step time="254.00" loaded="851" emitted="826" running="706" waiting="24" ended="120" meanWaitingTime="1.94" meanTravelTime="125.45" duration="29" />
    <step time="255.00" loaded="857" emitted="832" running="711" waiting="24" ended="121" meanWaitingTime="2.03" meanTravelTime="126.22" duration="20" />
    <step time="256.00" loaded="860" emitted="835" running="711" waiting="24" ended="124" meanWaitingTime="2.02" meanTravelTime="127.67" duration="20" />
    <step time="257.00" loaded="867" emitted="841" running="715" waiting="25" ended="126" meanWaitingTime="2.01" meanTravelTime="127.36" duration="25" />
    <step time="258.00" loaded="868" emitted="843" running="717" waiting="24" ended="126" meanWaitingTime="2.02" meanTravelTime="127.36" duration="25" />
    <step time="259.00" loaded="871" emitted="846" running="718" waiting="24" ended="128" meanWaitingTime="2.01" meanTravelTime="128.02" duration="20" />
    <step time="260.00" loaded="874" emitted="848" running="720" waiting="25" ended="128" meanWaitingTime="2.01" meanTravelTime="128.02" duration="18" />
    <step time="261.00" loaded="881" emitted="855" running="726" waiting="25" ended="129" meanWaitingTime="1.99" meanTravelTime="127.89" duration="18" />
    <step time="262.00" loaded="886" emitted="860" running="728" waiting="25" ended="132" meanWaitingTime="1.99" meanTravelTime="128.93" duration="18" />
    <step time="263.00" loaded="887" emitted="862" running="730" waiting="24" ended="132" meanWaitingTime="1.99" meanTravelTime="128.93" duration="18" />
    <step time="264.00" loaded="888" emitted="864" running="730" waiting="23" ended="134" meanWaitingTime="1.99" meanTravelTime="129.08" duration="18" />
    <step time="265.00" loaded="890" emitted="868" running="733" waiting="21" ended="135" meanWaitingTime="2.01" meanTravelTime="129.48" duration="18" />
    <step time="266.00" loaded="893" emitted="871" running="735" waiting="21" ended="136" meanWaitingTime="2.00" meanTravelTime="129.30" duration="18" />
    <step time="267.00" loaded="900" emitted="877" running="739" waiting="22" ended="138" meanWaitingTime="1.99" meanTravelTime="129.33" duration="20" />
    <step time="268.00" loaded="903" emitted="881" running="743" waiting="21" ended="138" meanWaitingTime="1.99" meanTravelTime="129.33" duration="18" />
    <step time="269.00" loaded="907" emitted="885" running="745" waiting="21" ended="140" meanWaitingTime="1.98" meanTravelTime="129.46" duration="19" />
    <step time="270.00" loaded="910" emitted="887" running="746" waiting="22" ended="141" meanWaitingTime="1.98" meanTravelTime="129.84" duration="23" />
    <step time="271.00" loaded="912" emitted="888" running="746" waiting="23" ended="142" meanWaitingTime="1.98" meanTravelTime="129.65" duration="22" />
    <step time="272.00" loaded="916" emitted="889" running="744" waiting="26" ended="145" meanWaitingTime="1.97" meanTravelTime="130.08" duration="21" />
    <step time="273.00" loaded="916" emitted="890" running="745" waiting="25" ended="145" meanWaitingTime="1.99" meanTravelTime="130.08" duration="22" />
    <step time="274.00" loaded="917" emitted="891" running="743" waiting="25" ended="148" meanWaitingTime="1.99" meanTravelTime="130.76" duration="23" />
    <step time="275.00" loaded="920" emitted="893" running="743" waiting="26" ended="150" meanWaitingTime="1.98" meanTravelTime="130.33" duration="21" />
    <step time="276.00" loaded="924" emitted="896" running="746" waiting="27" ended="150" meanWaitingTime="1.98" meanTravelTime="130.33" duration="26" />
    <step time="277.00" loaded="927" emitted="898" running="746" waiting="28" ended="152" meanWaitingTime="1.97" meanTravelTime="130.79" duration="21" />
    <step time="278.00" loaded="934" emitted="904" running="752" waiting="29" ended="152" meanWaitingTime="1.98" meanTravelTime="130.79" duration="19" />
    <step time="279.00" loaded="940" emitted="910" running="756" waiting="29" ended="154" meanWaitingTime="2.08" meanTravelTime="130.86" duration="18" />
    <step time="280.00" loaded="942" emitted="912" running="756" waiting="29" ended="156" meanWaitingTime="2.07" meanTravelTime="130.90" duration="23" />
    <step time="281.00" loaded="947" emitted="917" running="761" waiting="29" ended="156" meanWaitingTime="2.06" meanTravelTime="130.90" duration="18" />
    <step time="282.00" loaded="949" emitted="919" running="762" waiting="29" ended="157" meanWaitingTime="2.06" meanTravelTime="130.74" duration="19" />
    <step time="283.00" loaded="952" emitted="921" running="764" waiting="30" ended="157" meanWaitingTime="2.05" meanTravelTime="130.74" duration="19" />
    <step time="284.00" loaded="956" emitted="925" running="767" waiting="30" ended="158" meanWaitingTime="2.06" meanTravelTime="130.63" duration="20" />
    <step time="285.00" loaded="959" emitted="928" running="769" waiting="30" ended="159" meanWaitingTime="2.06" meanTravelTime="131.46" duration="21" />
    <step time="286.00" loaded="962" emitted="931" running="771" waiting="30" ended="160" meanWaitingTime="2.05" meanTravelTime="131.78" duration="19" />
    <step time="287.00" loaded="966" emitted="935" running="773" waiting="30" ended="162" meanWaitingTime="2.05" meanTravelTime="131.51" duration="19" />
    <step time="288.00" loaded="968" emitted="936" running="774" waiting="31" ended="162" meanWaitingTime="2.05" meanTravelTime="131.51" duration="24" />
    <step time="289.00" loaded="971" emitted="939" running="775" waiting="31" ended="164" meanWaitingTime="2.05" meanTravelTime="132.02" duration="20" />
    <step time="290.00" loaded="976" emitted="944" running="778" waiting="31" ended="166" meanWaitingTime="2.06" meanTravelTime="133.32" duration="25" />
    <step time="291.00" loaded="979" emitted="945" running="778" waiting="33" ended="167" meanWaitingTime="2.05" meanTravelTime="133.53" duration="26" />
    <step time="292.00" loaded="981" emitted="946" running="777" waiting="34" ended="169" meanWaitingTime="2.05" meanTravelTime="134.14" duration="30" />
    <step time="293.00" loaded="984" emitted="948" running="777" waiting="35" ended="171" meanWaitingTime="2.05" meanTravelTime="134.80" duration="26" />
    <step time="294.00" loaded="990" emitted="953" running="781" waiting="36" ended="172" meanWaitingTime="2.04" meanTravelTime="134.66" duration="25" />
    <step time="295.00" loaded="992" emitted="953" running="779" waiting="38" ended="174" meanWaitingTime="2.04" meanTravelTime="135.03" duration="19" />
    <step time="296.00" loaded="996" emitted="958" running="783" waiting="37" ended="175" meanWaitingTime="2.03" meanTravelTime="135.71" duration="18" />
    <step time="297.00" loaded="999" emitted="962" running="786" waiting="36" ended="176" meanWaitingTime="2.05" meanTravelTime="135.57" duration="21" />
    <step time="298.00" loaded="1002" emitted="966" running="789" waiting="35" ended="177" meanWaitingTime="2.05" meanTravelTime="135.45" duration="20" />
    <step time="299.00" loaded="1002" emitted="966" running="789" waiting="35" ended="177" meanWaitingTime="2.05" meanTravelTime="135.45" duration="18" />
    <step time="300.00" loaded="1007" emitted="969" running="789" waiting="37" ended="180" meanWaitingTime="2.04" meanTravelTime="136.50" duration="24" />
    <step time="301.00" loaded="1010" emitted="972" running="792" waiting="37" ended="180" meanWaitingTime="2.03" meanTravelTime="136.50" duration="20" />
    <step time="302.00" loaded="1012" emitted="975" running="793" waiting="36" ended="182" meanWaitingTime="2.06" meanTravelTime="136.91" duration="21" />
    <step time="303.00" loaded="1015" emitted="978" running="795" waiting="36" ended="183" meanWaitingTime="2.05" meanTravelTime="136.79" duration="22" />
    <step time="304.00" loaded="1016" emitted="978" running="795" waiting="37" ended="183" meanWaitingTime="2.05" meanTravelTime="136.79" duration="22" />
    <step time="305.00" loaded="1022" emitted="982" running="797" waiting="39" ended="185" meanWaitingTime="2.04" meanTravelTime="137.32" duration="19" />
    <step time="306.00" loaded="1027" emitted="987" running="800" waiting="39" ended="187" meanWaitingTime="2.03" meanTravelTime="136.95" duration="24" />
    <step time="307.00" loaded="1031" emitted="990" running="803" waiting="40" ended="187" meanWaitingTime="2.03" meanTravelTime="136.95" duration="22" />
    <step time="308.00" loaded="1035" emitted="993" running="804" waiting="41" ended="189" meanWaitingTime="2.02" meanTravelTime="137.10" duration="26" />
    <step time="309.00" loaded="1040" emitted="998" running="807" waiting="41" ended="191" meanWaitingTime="2.01" meanTravelTime="138.14" duration="26" />
    <step time="310.00" loaded="1042" emitted="1001" running="809" waiting="40" ended="192" meanWaitingTime="2.04" meanTravelTime="138.01" duration="23" />
    <step time="311.00" loaded="1045" emitted="1002" running="809" waiting="42" ended="193" meanWaitingTime="2.04" meanTravelTime="138.42" duration="26" />
    <step time="312.00" loaded="1049" emitted="1004" running="811" waiting="44" ended="193" meanWaitingTime="2.05" meanTravelTime="138.42" duration="26" />
    <step time="313.00" loaded="1051" emitted="1005" running="809" waiting="45" ended="196" meanWaitingTime="2.09" meanTravelTime="139.60" duration="26" />
    <step time="314.00" loaded="1054" emitted="1009" running="812" waiting="44" ended="197" meanWaitingTime="2.10" meanTravelTime="139.46" duration="26" />
    <step time="315.00" loaded="1056" emitted="1012" running="814" waiting="43" ended="198" meanWaitingTime="2.23" meanTravelTime="139.30" duration="29" />
    <step time="316.00" loaded="1057" emitted="1013" running="812" waiting="43" ended="201" meanWaitingTime="2.23" meanTravelTime="139.77" duration="27" />
    <step time="317.00" loaded="1059" emitted="1015" running="814" waiting="43" ended="201" meanWaitingTime="2.22" meanTravelTime="139.77" duration="24" />
    <step time="318.00" loaded="1063" emitted="1018" running="816" waiting="44" ended="202" meanWaitingTime="2.21" meanTravelTime="140.00" duration="27" />
    <step time="319.00" loaded="1066" emitted="1021" running="818" waiting="44" ended="203" meanWaitingTime="2.21" meanTravelTime="139.85" duration="27" />
    <step time="320.00" loaded="1066" emitted="1021" running="815" waiting="44" ended="206" meanWaitingTime="2.21" meanTravelTime="139.69" duration="27" />
    <step time="321.00" loaded="1070" emitted="1023" running="816" waiting="46" ended="207" meanWaitingTime="2.20" meanTravelTime="139.42" duration="26" />
    <step time="322.00" loaded="1072" emitted="1024" running="816" waiting="47" ended="208" meanWaitingTime="2.20" meanTravelTime="139.28" duration="24" />
    <step time="323.00" loaded="1073" emitted="1024" running="815" waiting="48" ended="209" meanWaitingTime="2.20" meanTravelTime="139.02" duration="20" />
    <step time="324.00" loaded="1076" emitted="1027" running="817" waiting="48" ended="210" meanWaitingTime="2.19" meanTravelTime="138.90" duration="20" />
    <step time="325.00" loaded="1077" emitted="1028" running="817" waiting="48" ended="211" meanWaitingTime="2.19" meanTravelTime="138.80" duration="21" />
    <step time="326.00" loaded="1084" emitted="1033" running="820" waiting="50" ended="213" meanWaitingTime="2.31" meanTravelTime="138.81" duration="20" />
    <step time="327.00" loaded="1086" emitted="1035" running="821" waiting="50" ended="214" meanWaitingTime="2.32" meanTravelTime="139.03" duration="22" />
    <step time="328.00" loaded="1086" emitted="1035" running="820" waiting="50" ended="215" meanWaitingTime="2.32" meanTravelTime="138.88" duration="23" />
    <step time="329.00" loaded="1089" emitted="1038" running="822" waiting="50" ended="216" meanWaitingTime="2.32" meanTravelTime="138.76" duration="20" />
    <step time="330.00" loaded="1093" emitted="1042" running="824" waiting="50" ended="218" meanWaitingTime="2.31" meanTravelTime="138.48" duration="22" />
    <step time="331.00" loaded="1096" emitted="1046" running="826" waiting="49" ended="220" meanWaitingTime="2.43" meanTravelTime="138.88" duration="21" />
    <step time="332.00" loaded="1097" emitted="1046" running="825" waiting="50" ended="221" meanWaitingTime="2.43" meanTravelTime="139.40" duration="23" />
    <step time="333.00" loaded="1098" emitted="1047" running="824" waiting="50" ended="223" meanWaitingTime="2.43" meanTravelTime="139.65" duration="22" />
    <step time="334.00" loaded="1101" emitted="1051" running="828" waiting="49" ended="223" meanWaitingTime="2.47" meanTravelTime="139.65" duration="21" />
    <step time="335.00" loaded="1101" emitted="1051" running="826" waiting="49" ended="225" meanWaitingTime="2.47" meanTravelTime="139.73" duration="20" />
    <step time="336.00" loaded="1103" emitted="1053" running="827" waiting="49" ended="226" meanWaitingTime="2.47" meanTravelTime="139.81" duration="21" />
    <step time="337.00" loaded="1105" emitted="1054" running="827" waiting="50" ended="227" meanWaitingTime="2.46" meanTravelTime="139.69" duration="21" />
    <step time="338.00" loaded="1108" emitted="1057" running="828" waiting="50" ended="229" meanWaitingTime="2.46" meanTravelTime="139.60" duration="21" />
    <step time="339.00" loaded="1110" emitted="1059" running="830" waiting="50" ended="229" meanWaitingTime="2.45" meanTravelTime="139.60" duration="21" />
    <step time="340.00" loaded="1115" emitted="1063" running="832" waiting="51" ended="231" meanWaitingTime="2.44" meanTravelTime="139.85" duration="22" />
    <step time="341.00" loaded="1120" emitted="1067" running="835" waiting="52" ended="232" meanWaitingTime="2.46" meanTravelTime="140.05" duration="20" />
    <step time="342.00" loaded="1123" emitted="1070" running="837" waiting="52" ended="233" meanWaitingTime="2.45" meanTravelTime="140.18" duration="23" />
    <step time="343.00" loaded="1124" emitted="1070" running="835" waiting="53" ended="235" meanWaitingTime="2.45" meanTravelTime="140.25" duration="22" />
    <step time="344.00" loaded="1128" emitted="1075" running="838" waiting="52" ended="237" meanWaitingTime="2.58" meanTravelTime="140.80" duration="20" />
    <step time="345.00" loaded="1132" emitted="1079" running="841" waiting="52" ended="238" meanWaitingTime="2.57" meanTravelTime="140.92" duration="23" />
    <step time="346.00" loaded="1139" emitted="1085" running="846" waiting="53" ended="239" meanWaitingTime="2.56" meanTravelTime="141.05" duration="21" />
    <step time="347.00" loaded="1141" emitted="1086" running="846" waiting="54" ended="240" meanWaitingTime="2.55" meanTravelTime="141.18" duration="23" />
    <step time="348.00" loaded="1143" emitted="1086" running="845" waiting="56" ended="241" meanWaitingTime="2.55" meanTravelTime="141.27" duration="21" />
    <step time="349.00" loaded="1146" emitted="1088" running="844" waiting="57" ended="244" meanWaitingTime="2.55" meanTravelTime="142.13" duration="21" />
    <step time="350.00" loaded="1147" emitted="1088" running="843" waiting="58" ended="245" meanWaitingTime="2.55" meanTravelTime="142.65" duration="22" />
    <step time="351.00" loaded="1149" emitted="1090" running="844" waiting="58" ended="246" meanWaitingTime="2.54" meanTravelTime="142.52" duration="21" />
    <step time="352.00" loaded="1155" emitted="1095" running="847" waiting="59" ended="248" meanWaitingTime="2.67" meanTravelTime="143.12" duration="22" />
    <step time="353.00" loaded="1160" emitted="1099" running="849" waiting="60" ended="250" meanWaitingTime="2.67" meanTravelTime="143.93" duration="21" />
    <step time="354.00" loaded="1163" emitted="1102" running="851" waiting="60" ended="251" meanWaitingTime="2.70" meanTravelTime="144.75" duration="21" />
    <step time="355.00" loaded="1169" emitted="1107" running="855" waiting="61" ended="252" meanWaitingTime="2.68" meanTravelTime="145.25" duration="21" />
    <step time="356.00" loaded="1172" emitted="1111" running="857" waiting="60" ended="254" meanWaitingTime="2.70" meanTravelTime="145.93" duration="22" />
    <step time="357.00" loaded="1174" emitted="1114" running="860" waiting="59" ended="254" meanWaitingTime="2.84" meanTravelTime="145.93" duration="22" />
    <step time="358.00" loaded="1177" emitted="1118" running="862" waiting="58" ended="256" meanWaitingTime="2.90" meanTravelTime="146.88" duration="21" />
    <step time="359.00" loaded="1182" emitted="1122" running="865" waiting="59" ended="257" meanWaitingTime="3.10" meanTravelTime="147.67" duration="23" />
    <step time="360.00" loaded="1191" emitted="1130" running="872" waiting="60" ended="258" meanWaitingTime="3.08" meanTravelTime="147.74" duration="22" />
    <step time="361.00" loaded="1197" emitted="1133" running="874" waiting="63" ended="259" meanWaitingTime="3.07" meanTravelTime="148.02" duration="22" />
    <step time="362.00" loaded="1203" emitted="1139" running="879" waiting="63" ended="260" meanWaitingTime="3.21" meanTravelTime="148.80" duration="22" />
    <step time="363.00" loaded="1206" emitted="1142" running="881" waiting="63" ended="261" meanWaitingTime="3.20" meanTravelTime="149.58" duration="22" />
    <step time="364.00" loaded="1207" emitted="1143" running="879" waiting="63" ended="264" meanWaitingTime="3.20" meanTravelTime="151.20" duration="22" />
    <step time="365.00" loaded="1210" emitted="1146" running="880" waiting="63" ended="266" meanWaitingTime="3.19" meanTravelTime="151.44" duration="22" />
    <step time="366.00" loaded="1212" emitted="1149" running="881" waiting="62" ended="268" meanWaitingTime="3.19" meanTravelTime="151.69" duration="22" />
    <step time="367.00" loaded="1214" emitted="1153" running="883" waiting="60" ended="270" meanWaitingTime="3.20" meanTravelTime="152.27" duration="22" />
    <step time="368.00" loaded="1218" emitted="1156" running="886" waiting="61" ended="270" meanWaitingTime="3.19" meanTravelTime="152.27" duration="23" />
    <step time="369.00" loaded="1226" emitted="1162" running="890" waiting="63" ended="272" meanWaitingTime="3.17" meanTravelTime="152.86" duration="58" />
    <step time="370.00" loaded="1228" emitted="1164" running="892" waiting="63" ended="272" meanWaitingTime="3.16" meanTravelTime="152.86" duration="52" />
    <step time="371.00" loaded="1234" emitted="1168" running="894" waiting="65" ended="274" meanWaitingTime="3.15" meanTravelTime="152.58" duration="52" />
    <step time="372.00" loaded="1236" emitted="1169" running="894" waiting="66" ended="275" meanWaitingTime="3.15" meanTravelTime="152.41" duration="55" />
    <step time="373.00" loaded="1238" emitted="1171" running="895" waiting="66" ended="276" meanWaitingTime="3.28" meanTravelTime="152.26" duration="72" />
    <step time="374.00" loaded="1240" emitted="1173" running="896" waiting="66" ended="277" meanWaitingTime="3.27" meanTravelTime="152.10" duration="45" />
    <step time="375.00" loaded="1244" emitted="1178" running="899" waiting="65" ended="279" meanWaitingTime="3.27" meanTravelTime="152.26" duration="54" />
    <step time="376.00" loaded="1246" emitted="1179" running="898" waiting="66" ended="281" meanWaitingTime="3.27" meanTravelTime="153.39" duration="48" />
    <step time="377.00" loaded="1249" emitted="1181" running="899" waiting="67" ended="282" meanWaitingTime="3.26" meanTravelTime="153.62" duration="52" />
    <step time="378.00" loaded="1252" emitted="1184" running="900" waiting="67" ended="284" meanWaitingTime="3.38" meanTravelTime="155.04" duration="57" />
    <step time="379.00" loaded="1256" emitted="1188" running="902" waiting="67" ended="286" meanWaitingTime="3.37" meanTravelTime="155.77" duration="37" />
    <step time="380.00" loaded="1261" emitted="1191" running="902" waiting="69" ended="289" meanWaitingTime="3.36" meanTravelTime="155.99" duration="45" />
    <step time="381.00" loaded="1262" emitted="1192" running="903" waiting="69" ended="289" meanWaitingTime="3.36" meanTravelTime="155.99" duration="61" />
    <step time="382.00" loaded="1266" emitted="1195" running="904" waiting="70" ended="291" meanWaitingTime="3.35" meanTravelTime="156.48" duration="34" />
    <step time="383.00" loaded="1267" emitted="1196" running="904" waiting="70" ended="292" meanWaitingTime="3.37" meanTravelTime="157.21" duration="47" />
    <step time="384.00" loaded="1272" emitted="1199" running="903" waiting="72" ended="296" meanWaitingTime="3.36" meanTravelTime="157.60" duration="42" />
    <step time="385.00" loaded="1275" emitted="1202" running="904" waiting="72" ended="298" meanWaitingTime="3.35" meanTravelTime="157.47" duration="39" />
    <step time="386.00" loaded="1278" emitted="1205" running="904" waiting="72" ended="301" meanWaitingTime="3.34" meanTravelTime="158.37" duration="48" />
    <step time="387.00" loaded="1280" emitted="1208" running="905" waiting="71" ended="303" meanWaitingTime="3.41" meanTravelTime="159.32" duration="36" />
    <step time="388.00" loaded="1286" emitted="1214" running="908" waiting="71" ended="306" meanWaitingTime="3.40" meanTravelTime="161.52" duration="37" />
</summary>
