<?xml version="1.0"?>

<!-- generated on 02/20/13 17:41:01 by SUMO sumo Version 0.13.0
<?xml version="1.0" encoding="iso-8859-1"?>

<configuration xmlns:xsi="http://www.w3.org/2001/XMLSchema-instance" xsi:noNamespaceSchemaLocation="http://sumo.sf.net/xsd/sumoConfiguration.xsd">

    <input>
        <net-file value="prob.net.xml"/>
        <route-files value="output.rou.xml"/>
        <additional-files value="detectors.add.xml"/>
    </input>

    <output>
        <netstate-dump value="netstate.xml"/>
        <summary-output value="summary.xml"/>
    </output>

    <time>
        <begin value="0"/>
        <end value="1800"/>
    </time>

    <gui_only>
        <gui-settings-file value=""/>
    </gui_only>

</configuration>
-->

<detector>
   <interval begin="0.00" end="300.00" id="detector1_0" nVehContrib="23" flow="276.00" occupancy="1.34" speed="31.50" length="5.50" nVehEntered="23"/>
   <interval begin="0.00" end="300.00" id="detector1_1" nVehContrib="24" flow="288.00" occupancy="1.40" speed="31.50" length="5.50" nVehEntered="24"/>
   <interval begin="0.00" end="300.00" id="detector1_2" nVehContrib="24" flow="288.00" occupancy="1.40" speed="31.50" length="5.50" nVehEntered="24"/>
   <interval begin="0.00" end="300.00" id="detector1_3" nVehContrib="22" flow="264.00" occupancy="1.28" speed="31.50" length="5.50" nVehEntered="22"/>
   <interval begin="0.00" end="300.00" id="detector2_0" nVehContrib="27" flow="324.00" occupancy="1.57" speed="31.50" length="5.50" nVehEntered="27"/>
   <interval begin="0.00" end="300.00" id="detector2_1" nVehContrib="21" flow="252.00" occupancy="1.22" speed="31.50" length="5.50" nVehEntered="26"/>
   <interval begin="0.00" end="300.00" id="detector2_2" nVehContrib="21" flow="252.00" occupancy="1.22" speed="31.50" length="5.50" nVehEntered="24"/>
   <interval begin="0.00" end="300.00" id="detector2_3" nVehContrib="20" flow="240.00" occupancy="1.16" speed="31.50" length="5.50" nVehEntered="21"/>
   <interval begin="0.00" end="300.00" id="detector3_0" nVehContrib="34" flow="408.00" occupancy="1.99" speed="31.41" length="5.50" nVehEntered="34"/>
   <interval begin="0.00" end="300.00" id="detector3_1" nVehContrib="21" flow="252.00" occupancy="1.22" speed="31.50" length="5.50" nVehEntered="21"/>
   <interval begin="0.00" end="300.00" id="detector3_2" nVehContrib="20" flow="240.00" occupancy="1.16" speed="31.50" length="5.50" nVehEntered="20"/>
   <interval begin="0.00" end="300.00" id="detector3_3" nVehContrib="20" flow="240.00" occupancy="1.16" speed="31.50" length="5.50" nVehEntered="20"/>
   <interval begin="0.00" end="300.00" id="detector4_0" nVehContrib="30" flow="360.00" occupancy="1.75" speed="31.50" length="5.50" nVehEntered="30"/>
   <interval begin="0.00" end="300.00" id="detector4_1" nVehContrib="0" flow="0.00" occupancy="0.00" speed="-1.00" length="-1.00" nVehEntered="0"/>
   <interval begin="0.00" end="300.00" id="detector4_2" nVehContrib="19" flow="228.00" occupancy="1.11" speed="31.50" length="5.50" nVehEntered="19"/>
   <interval begin="0.00" end="300.00" id="detector4_3" nVehContrib="19" flow="228.00" occupancy="1.11" speed="31.50" length="5.50" nVehEntered="19"/>
   <interval begin="0.00" end="300.00" id="detector4_4" nVehContrib="18" flow="216.00" occupancy="1.05" speed="31.50" length="5.50" nVehEntered="18"/>
   <interval begin="0.00" end="300.00" id="detector5_0" nVehContrib="26" flow="312.00" occupancy="1.51" speed="31.50" length="5.50" nVehEntered="26"/>
   <interval begin="0.00" end="300.00" id="detector5_1" nVehContrib="0" flow="0.00" occupancy="0.00" speed="-1.00" length="-1.00" nVehEntered="0"/>
   <interval begin="0.00" end="300.00" id="detector5_2" nVehContrib="4" flow="48.00" occupancy="0.23" speed="31.50" length="5.50" nVehEntered="4"/>
   <interval begin="0.00" end="300.00" id="detector5_3" nVehContrib="14" flow="168.00" occupancy="0.81" speed="31.50" length="5.50" nVehEntered="14"/>
   <interval begin="0.00" end="300.00" id="detector5_4" nVehContrib="18" flow="216.00" occupancy="1.05" speed="31.50" length="5.50" nVehEntered="18"/>
   <interval begin="0.00" end="300.00" id="detector5_5" nVehContrib="13" flow="156.00" occupancy="0.76" speed="31.50" length="5.50" nVehEntered="13"/>
   <interval begin="0.00" end="300.00" id="detector6_0" nVehContrib="25" flow="300.00" occupancy="1.46" speed="31.50" length="5.50" nVehEntered="25"/>
   <interval begin="0.00" end="300.00" id="detector6_1" nVehContrib="3" flow="36.00" occupancy="0.17" speed="31.50" length="5.50" nVehEntered="3"/>
   <interval begin="0.00" end="300.00" id="detector6_2" nVehContrib="14" flow="168.00" occupancy="0.81" speed="31.50" length="5.50" nVehEntered="14"/>
   <interval begin="0.00" end="300.00" id="detector6_3" nVehContrib="15" flow="180.00" occupancy="0.87" speed="31.50" length="5.50" nVehEntered="15"/>
   <interval begin="0.00" end="300.00" id="detector6_4" nVehContrib="13" flow="156.00" occupancy="0.76" speed="31.50" length="5.50" nVehEntered="13"/>
   <interval begin="0.00" end="300.00" id="detector8_0" nVehContrib="29" flow="348.00" occupancy="1.69" speed="31.50" length="5.50" nVehEntered="29"/>
   <interval begin="0.00" end="300.00" id="detector8_1" nVehContrib="20" flow="240.00" occupancy="1.16" speed="31.50" length="5.50" nVehEntered="21"/>
   <interval begin="0.00" end="300.00" id="detector8_2" nVehContrib="3" flow="36.00" occupancy="0.17" speed="31.50" length="5.50" nVehEntered="4"/>
   <interval begin="0.00" end="300.00" id="detector8_3" nVehContrib="3" flow="36.00" occupancy="0.17" speed="31.50" length="5.50" nVehEntered="3"/>
   <interval begin="0.00" end="300.00" id="detector9_0" nVehContrib="26" flow="312.00" occupancy="1.51" speed="31.50" length="5.50" nVehEntered="26"/>
   <interval begin="0.00" end="300.00" id="detector9_1" nVehContrib="18" flow="216.00" occupancy="1.05" speed="31.50" length="5.50" nVehEntered="18"/>
   <interval begin="0.00" end="300.00" id="detector9_2" nVehContrib="3" flow="36.00" occupancy="0.17" speed="31.50" length="5.50" nVehEntered="3"/>
   <interval begin="0.00" end="300.00" id="detector9_3" nVehContrib="1" flow="12.00" occupancy="0.06" speed="31.50" length="5.50" nVehEntered="1"/>
   <interval begin="0.00" end="300.00" id="detector9_4" nVehContrib="0" flow="0.00" occupancy="0.00" speed="-1.00" length="-1.00" nVehEntered="0"/>
   <interval begin="0.00" end="300.00" id="detector10_0" nVehContrib="26" flow="312.00" occupancy="1.51" speed="31.50" length="5.50" nVehEntered="26"/>
   <interval begin="0.00" end="300.00" id="detector10_1" nVehContrib="10" flow="120.00" occupancy="0.58" speed="31.50" length="5.50" nVehEntered="10"/>
   <interval begin="0.00" end="300.00" id="detector10_2" nVehContrib="1" flow="12.00" occupancy="0.06" speed="31.50" length="5.50" nVehEntered="3"/>
   <interval begin="0.00" end="300.00" id="detector10_3" nVehContrib="1" flow="12.00" occupancy="0.06" speed="31.50" length="5.50" nVehEntered="1"/>
   <interval begin="0.00" end="300.00" id="detector10_4" nVehContrib="0" flow="0.00" occupancy="0.00" speed="-1.00" length="-1.00" nVehEntered="0"/>
   <interval begin="0.00" end="300.00" id="detector11_0" nVehContrib="27" flow="324.00" occupancy="1.62" speed="31.50" length="5.50" nVehEntered="27"/>
   <interval begin="0.00" end="300.00" id="detector11_1" nVehContrib="8" flow="96.00" occupancy="0.47" speed="31.50" length="5.50" nVehEntered="8"/>
   <interval begin="0.00" end="300.00" id="detector11_2" nVehContrib="1" flow="12.00" occupancy="0.06" speed="31.50" length="5.50" nVehEntered="1"/>
   <interval begin="0.00" end="300.00" id="detector11_3" nVehContrib="0" flow="0.00" occupancy="0.00" speed="-1.00" length="-1.00" nVehEntered="0"/>
   <interval begin="0.00" end="300.00" id="detector11_4" nVehContrib="0" flow="0.00" occupancy="0.00" speed="-1.00" length="-1.00" nVehEntered="0"/>
   <interval begin="0.00" end="300.00" id="detector12_0" nVehContrib="25" flow="300.00" occupancy="1.51" speed="31.50" length="5.50" nVehEntered="25"/>
   <interval begin="0.00" end="300.00" id="detector12_1" nVehContrib="0" flow="0.00" occupancy="0.00" speed="-1.00" length="-1.00" nVehEntered="0"/>
   <interval begin="0.00" end="300.00" id="detector12_2" nVehContrib="7" flow="84.00" occupancy="0.41" speed="31.50" length="5.50" nVehEntered="7"/>
   <interval begin="0.00" end="300.00" id="detector12_3" nVehContrib="1" flow="12.00" occupancy="0.06" speed="31.50" length="5.50" nVehEntered="1"/>
   <interval begin="0.00" end="300.00" id="detector12_4" nVehContrib="0" flow="0.00" occupancy="0.00" speed="-1.00" length="-1.00" nVehEntered="0"/>
   <interval begin="0.00" end="300.00" id="detector12_5" nVehContrib="0" flow="0.00" occupancy="0.00" speed="-1.00" length="-1.00" nVehEntered="0"/>
   <interval begin="0.00" end="300.00" id="detector13_0" nVehContrib="19" flow="228.00" occupancy="1.11" speed="31.50" length="5.50" nVehEntered="20"/>
   <interval begin="0.00" end="300.00" id="detector13_1" nVehContrib="5" flow="60.00" occupancy="0.29" speed="31.50" length="5.50" nVehEntered="5"/>
   <interval begin="0.00" end="300.00" id="detector13_2" nVehContrib="0" flow="0.00" occupancy="0.00" speed="-1.00" length="-1.00" nVehEntered="0"/>
   <interval begin="0.00" end="300.00" id="detector13_3" nVehContrib="0" flow="0.00" occupancy="0.00" speed="-1.00" length="-1.00" nVehEntered="0"/>
   <interval begin="0.00" end="300.00" id="detector13_4" nVehContrib="0" flow="0.00" occupancy="0.00" speed="-1.00" length="-1.00" nVehEntered="0"/>
   <interval begin="0.00" end="300.00" id="detector14_0" nVehContrib="27" flow="324.00" occupancy="1.57" speed="31.50" length="5.50" nVehEntered="28"/>
   <interval begin="0.00" end="300.00" id="detector14_1" nVehContrib="2" flow="24.00" occupancy="0.12" speed="31.50" length="5.50" nVehEntered="2"/>
   <interval begin="0.00" end="300.00" id="detector14_2" nVehContrib="0" flow="0.00" occupancy="0.00" speed="-1.00" length="-1.00" nVehEntered="0"/>
   <interval begin="0.00" end="300.00" id="detector14_3" nVehContrib="0" flow="0.00" occupancy="0.00" speed="-1.00" length="-1.00" nVehEntered="0"/>
   <interval begin="0.00" end="300.00" id="detector14_4" nVehContrib="0" flow="0.00" occupancy="0.00" speed="-1.00" length="-1.00" nVehEntered="0"/>
   <interval begin="0.00" end="300.00" id="detector15_0" nVehContrib="22" flow="264.00" occupancy="1.28" speed="31.50" length="5.50" nVehEntered="22"/>
   <interval begin="0.00" end="300.00" id="detector15_1" nVehContrib="1" flow="12.00" occupancy="0.06" speed="31.50" length="5.50" nVehEntered="1"/>
   <interval begin="0.00" end="300.00" id="detector15_2" nVehContrib="0" flow="0.00" occupancy="0.00" speed="-1.00" length="-1.00" nVehEntered="0"/>
   <interval begin="0.00" end="300.00" id="detector15_3" nVehContrib="0" flow="0.00" occupancy="0.00" speed="-1.00" length="-1.00" nVehEntered="0"/>
   <interval begin="0.00" end="300.00" id="detector15_4" nVehContrib="0" flow="0.00" occupancy="0.00" speed="-1.00" length="-1.00" nVehEntered="0"/>
   <interval begin="0.00" end="300.00" id="detector16_0" nVehContrib="20" flow="240.00" occupancy="1.16" speed="31.50" length="5.50" nVehEntered="20"/>
   <interval begin="0.00" end="300.00" id="detector16_1" nVehContrib="1" flow="12.00" occupancy="0.06" speed="31.50" length="5.50" nVehEntered="1"/>
   <interval begin="0.00" end="300.00" id="detector16_2" nVehContrib="0" flow="0.00" occupancy="0.00" speed="-1.00" length="-1.00" nVehEntered="0"/>
   <interval begin="0.00" end="300.00" id="detector16_3" nVehContrib="0" flow="0.00" occupancy="0.00" speed="-1.00" length="-1.00" nVehEntered="0"/>
   <interval begin="0.00" end="300.00" id="detector16_4" nVehContrib="0" flow="0.00" occupancy="0.00" speed="-1.00" length="-1.00" nVehEntered="0"/>
   <interval begin="0.00" end="300.00" id="detector17_0" nVehContrib="19" flow="228.00" occupancy="1.11" speed="31.50" length="5.50" nVehEntered="19"/>
   <interval begin="0.00" end="300.00" id="detector17_1" nVehContrib="0" flow="0.00" occupancy="0.00" speed="-1.00" length="-1.00" nVehEntered="0"/>
   <interval begin="0.00" end="300.00" id="detector17_2" nVehContrib="1" flow="12.00" occupancy="0.06" speed="31.50" length="5.50" nVehEntered="1"/>
   <interval begin="0.00" end="300.00" id="detector17_3" nVehContrib="0" flow="0.00" occupancy="0.00" speed="-1.00" length="-1.00" nVehEntered="0"/>
   <interval begin="0.00" end="300.00" id="detector17_4" nVehContrib="0" flow="0.00" occupancy="0.00" speed="-1.00" length="-1.00" nVehEntered="0"/>
   <interval begin="0.00" end="300.00" id="detector17_5" nVehContrib="0" flow="0.00" occupancy="0.00" speed="-1.00" length="-1.00" nVehEntered="0"/>
   <interval begin="0.00" end="300.00" id="detector18_0" nVehContrib="17" flow="204.00" occupancy="0.99" speed="31.49" length="5.50" nVehEntered="17"/>
   <interval begin="0.00" end="300.00" id="detector18_1" nVehContrib="0" flow="0.00" occupancy="0.00" speed="-1.00" length="-1.00" nVehEntered="0"/>
   <interval begin="0.00" end="300.00" id="detector18_2" nVehContrib="0" flow="0.00" occupancy="0.00" speed="-1.00" length="-1.00" nVehEntered="0"/>
   <interval begin="0.00" end="300.00" id="detector18_3" nVehContrib="0" flow="0.00" occupancy="0.00" speed="-1.00" length="-1.00" nVehEntered="0"/>
   <interval begin="0.00" end="300.00" id="detector18_4" nVehContrib="0" flow="0.00" occupancy="0.00" speed="-1.00" length="-1.00" nVehEntered="0"/>
   <interval begin="300.00" end="600.00" id="detector1_0" nVehContrib="18" flow="216.00" occupancy="1.05" speed="31.50" length="5.50" nVehEntered="18"/>
   <interval begin="300.00" end="600.00" id="detector1_1" nVehContrib="17" flow="204.00" occupancy="0.99" speed="31.50" length="5.50" nVehEntered="17"/>
   <interval begin="300.00" end="600.00" id="detector1_2" nVehContrib="17" flow="204.00" occupancy="0.99" speed="31.50" length="5.50" nVehEntered="17"/>
   <interval begin="300.00" end="600.00" id="detector1_3" nVehContrib="18" flow="216.00" occupancy="1.05" speed="31.50" length="5.50" nVehEntered="18"/>
   <interval begin="300.00" end="600.00" id="detector2_0" nVehContrib="18" flow="216.00" occupancy="1.05" speed="31.50" length="5.50" nVehEntered="18"/>
   <interval begin="300.00" end="600.00" id="detector2_1" nVehContrib="16" flow="192.00" occupancy="0.93" speed="31.50" length="5.50" nVehEntered="17"/>
   <interval begin="300.00" end="600.00" id="detector2_2" nVehContrib="21" flow="252.00" occupancy="1.22" speed="31.50" length="5.50" nVehEntered="21"/>
   <interval begin="300.00" end="600.00" id="detector2_3" nVehContrib="14" flow="168.00" occupancy="0.81" speed="31.50" length="5.50" nVehEntered="18"/>
   <interval begin="300.00" end="600.00" id="detector3_0" nVehContrib="28" flow="336.00" occupancy="1.66" speed="30.93" length="5.50" nVehEntered="28"/>
   <interval begin="300.00" end="600.00" id="detector3_1" nVehContrib="15" flow="180.00" occupancy="0.87" speed="31.50" length="5.50" nVehEntered="15"/>
   <interval begin="300.00" end="600.00" id="detector3_2" nVehContrib="21" flow="252.00" occupancy="1.22" speed="31.50" length="5.50" nVehEntered="21"/>
   <interval begin="300.00" end="600.00" id="detector3_3" nVehContrib="13" flow="156.00" occupancy="0.76" speed="31.50" length="5.50" nVehEntered="13"/>
   <interval begin="300.00" end="600.00" id="detector4_0" nVehContrib="29" flow="348.00" occupancy="1.69" speed="31.50" length="5.50" nVehEntered="29"/>
   <interval begin="300.00" end="600.00" id="detector4_1" nVehContrib="0" flow="0.00" occupancy="0.00" speed="-1.00" length="-1.00" nVehEntered="0"/>
   <interval begin="300.00" end="600.00" id="detector4_2" nVehContrib="18" flow="216.00" occupancy="1.05" speed="31.50" length="5.50" nVehEntered="18"/>
   <interval begin="300.00" end="600.00" id="detector4_3" nVehContrib="21" flow="252.00" occupancy="1.22" speed="31.50" length="5.50" nVehEntered="21"/>
   <interval begin="300.00" end="600.00" id="detector4_4" nVehContrib="14" flow="168.00" occupancy="0.81" speed="31.50" length="5.50" nVehEntered="14"/>
   <interval begin="300.00" end="600.00" id="detector5_0" nVehContrib="31" flow="372.00" occupancy="1.80" speed="31.50" length="5.50" nVehEntered="31"/>
   <interval begin="300.00" end="600.00" id="detector5_1" nVehContrib="0" flow="0.00" occupancy="0.00" speed="-1.00" length="-1.00" nVehEntered="0"/>
   <interval begin="300.00" end="600.00" id="detector5_2" nVehContrib="2" flow="24.00" occupancy="0.12" speed="31.50" length="5.50" nVehEntered="2"/>
   <interval begin="300.00" end="600.00" id="detector5_3" nVehContrib="19" flow="228.00" occupancy="1.11" speed="31.50" length="5.50" nVehEntered="19"/>
   <interval begin="300.00" end="600.00" id="detector5_4" nVehContrib="23" flow="276.00" occupancy="1.34" speed="31.50" length="5.50" nVehEntered="23"/>
   <interval begin="300.00" end="600.00" id="detector5_5" nVehContrib="12" flow="144.00" occupancy="0.70" speed="31.50" length="5.50" nVehEntered="12"/>
   <interval begin="300.00" end="600.00" id="detector6_0" nVehContrib="31" flow="372.00" occupancy="1.80" speed="31.50" length="5.50" nVehEntered="31"/>
   <interval begin="300.00" end="600.00" id="detector6_1" nVehContrib="3" flow="36.00" occupancy="0.17" speed="31.50" length="5.50" nVehEntered="3"/>
   <interval begin="300.00" end="600.00" id="detector6_2" nVehContrib="18" flow="216.00" occupancy="1.05" speed="31.50" length="5.50" nVehEntered="18"/>
   <interval begin="300.00" end="600.00" id="detector6_3" nVehContrib="25" flow="300.00" occupancy="1.46" speed="31.50" length="5.50" nVehEntered="25"/>
   <interval begin="300.00" end="600.00" id="detector6_4" nVehContrib="12" flow="144.00" occupancy="0.70" speed="31.50" length="5.50" nVehEntered="12"/>
   <interval begin="300.00" end="600.00" id="detector8_0" nVehContrib="51" flow="612.00" occupancy="2.97" speed="31.50" length="5.50" nVehEntered="51"/>
   <interval begin="300.00" end="600.00" id="detector8_1" nVehContrib="28" flow="336.00" occupancy="1.63" speed="31.50" length="5.50" nVehEntered="29"/>
   <interval begin="300.00" end="600.00" id="detector8_2" nVehContrib="8" flow="96.00" occupancy="0.47" speed="31.50" length="5.50" nVehEntered="10"/>
   <interval begin="300.00" end="600.00" id="detector8_3" nVehContrib="6" flow="72.00" occupancy="0.35" speed="31.50" length="5.50" nVehEntered="6"/>
   <interval begin="300.00" end="600.00" id="detector9_0" nVehContrib="60" flow="720.00" occupancy="3.49" speed="31.50" length="5.50" nVehEntered="60"/>
   <interval begin="300.00" end="600.00" id="detector9_1" nVehContrib="23" flow="276.00" occupancy="1.34" speed="31.50" length="5.50" nVehEntered="24"/>
   <interval begin="300.00" end="600.00" id="detector9_2" nVehContrib="11" flow="132.00" occupancy="0.64" speed="31.50" length="5.50" nVehEntered="11"/>
   <interval begin="300.00" end="600.00" id="detector9_3" nVehContrib="3" flow="36.00" occupancy="0.17" speed="31.50" length="5.50" nVehEntered="3"/>
   <interval begin="300.00" end="600.00" id="detector9_4" nVehContrib="0" flow="0.00" occupancy="0.00" speed="-1.00" length="-1.00" nVehEntered="0"/>
   <interval begin="300.00" end="600.00" id="detector10_0" nVehContrib="72" flow="864.00" occupancy="4.22" speed="31.32" length="5.50" nVehEntered="72"/>
   <interval begin="300.00" end="600.00" id="detector10_1" nVehContrib="12" flow="144.00" occupancy="0.70" speed="31.50" length="5.50" nVehEntered="12"/>
   <interval begin="300.00" end="600.00" id="detector10_2" nVehContrib="17" flow="204.00" occupancy="0.99" speed="31.50" length="5.50" nVehEntered="22"/>
   <interval begin="300.00" end="600.00" id="detector10_3" nVehContrib="14" flow="168.00" occupancy="0.81" speed="31.50" length="5.50" nVehEntered="14"/>
   <interval begin="300.00" end="600.00" id="detector10_4" nVehContrib="2" flow="24.00" occupancy="0.12" speed="31.50" length="5.50" nVehEntered="2"/>
   <interval begin="300.00" end="600.00" id="detector11_0" nVehContrib="81" flow="972.00" occupancy="4.72" speed="31.20" length="5.50" nVehEntered="82"/>
   <interval begin="300.00" end="600.00" id="detector11_1" nVehContrib="18" flow="216.00" occupancy="1.05" speed="31.50" length="5.50" nVehEntered="18"/>
   <interval begin="300.00" end="600.00" id="detector11_2" nVehContrib="16" flow="192.00" occupancy="0.93" speed="31.50" length="5.50" nVehEntered="16"/>
   <interval begin="300.00" end="600.00" id="detector11_3" nVehContrib="13" flow="156.00" occupancy="0.76" speed="31.50" length="5.50" nVehEntered="13"/>
   <interval begin="300.00" end="600.00" id="detector11_4" nVehContrib="2" flow="24.00" occupancy="0.12" speed="31.50" length="5.50" nVehEntered="2"/>
   <interval begin="300.00" end="600.00" id="detector12_0" nVehContrib="79" flow="948.00" occupancy="4.55" speed="31.48" length="5.50" nVehEntered="79"/>
   <interval begin="300.00" end="600.00" id="detector12_1" nVehContrib="1" flow="12.00" occupancy="0.06" speed="31.50" length="5.50" nVehEntered="1"/>
   <interval begin="300.00" end="600.00" id="detector12_2" nVehContrib="23" flow="276.00" occupancy="1.34" speed="31.50" length="5.50" nVehEntered="23"/>
   <interval begin="300.00" end="600.00" id="detector12_3" nVehContrib="13" flow="156.00" occupancy="0.76" speed="31.50" length="5.50" nVehEntered="13"/>
   <interval begin="300.00" end="600.00" id="detector12_4" nVehContrib="11" flow="132.00" occupancy="0.64" speed="31.50" length="5.50" nVehEntered="11"/>
   <interval begin="300.00" end="600.00" id="detector12_5" nVehContrib="2" flow="24.00" occupancy="0.12" speed="31.50" length="5.50" nVehEntered="2"/>
   <interval begin="300.00" end="600.00" id="detector13_0" nVehContrib="74" flow="888.00" occupancy="4.31" speed="31.50" length="5.50" nVehEntered="74"/>
   <interval begin="300.00" end="600.00" id="detector13_1" nVehContrib="24" flow="288.00" occupancy="1.40" speed="31.50" length="5.50" nVehEntered="24"/>
   <interval begin="300.00" end="600.00" id="detector13_2" nVehContrib="8" flow="96.00" occupancy="0.47" speed="31.50" length="5.50" nVehEntered="9"/>
   <interval begin="300.00" end="600.00" id="detector13_3" nVehContrib="9" flow="108.00" occupancy="0.52" speed="31.50" length="5.50" nVehEntered="9"/>
   <interval begin="300.00" end="600.00" id="detector13_4" nVehContrib="2" flow="24.00" occupancy="0.12" speed="31.50" length="5.50" nVehEntered="2"/>
   <interval begin="300.00" end="600.00" id="detector14_0" nVehContrib="83" flow="996.00" occupancy="4.83" speed="31.49" length="5.50" nVehEntered="88"/>
   <interval begin="300.00" end="600.00" id="detector14_1" nVehContrib="29" flow="348.00" occupancy="1.69" speed="31.50" length="5.50" nVehEntered="30"/>
   <interval begin="300.00" end="600.00" id="detector14_2" nVehContrib="9" flow="108.00" occupancy="0.50" speed="33.49" length="5.50" nVehEntered="9"/>
   <interval begin="300.00" end="600.00" id="detector14_3" nVehContrib="8" flow="96.00" occupancy="0.47" speed="31.50" length="5.50" nVehEntered="8"/>
   <interval begin="300.00" end="600.00" id="detector14_4" nVehContrib="2" flow="24.00" occupancy="0.12" speed="31.50" length="5.50" nVehEntered="2"/>
   <interval begin="300.00" end="600.00" id="detector15_0" nVehContrib="88" flow="1056.00" occupancy="5.12" speed="31.50" length="5.50" nVehEntered="88"/>
   <interval begin="300.00" end="600.00" id="detector15_1" nVehContrib="35" flow="420.00" occupancy="2.05" speed="31.35" length="5.50" nVehEntered="36"/>
   <interval begin="300.00" end="600.00" id="detector15_2" nVehContrib="9" flow="108.00" occupancy="0.49" speed="35.93" length="5.50" nVehEntered="9"/>
   <interval begin="300.00" end="600.00" id="detector15_3" nVehContrib="2" flow="24.00" occupancy="0.12" speed="31.50" length="5.50" nVehEntered="2"/>
   <interval begin="300.00" end="600.00" id="detector15_4" nVehContrib="0" flow="0.00" occupancy="0.00" speed="-1.00" length="-1.00" nVehEntered="0"/>
   <interval begin="300.00" end="600.00" id="detector16_0" nVehContrib="88" flow="1056.00" occupancy="5.12" speed="31.50" length="5.50" nVehEntered="88"/>
   <interval begin="300.00" end="600.00" id="detector16_1" nVehContrib="32" flow="384.00" occupancy="1.86" speed="31.49" length="5.50" nVehEntered="32"/>
   <interval begin="300.00" end="600.00" id="detector16_2" nVehContrib="9" flow="108.00" occupancy="0.52" speed="31.50" length="5.50" nVehEntered="9"/>
   <interval begin="300.00" end="600.00" id="detector16_3" nVehContrib="2" flow="24.00" occupancy="0.12" speed="31.50" length="5.50" nVehEntered="2"/>
   <interval begin="300.00" end="600.00" id="detector16_4" nVehContrib="0" flow="0.00" occupancy="0.00" speed="-1.00" length="-1.00" nVehEntered="0"/>
   <interval begin="300.00" end="600.00" id="detector17_0" nVehContrib="86" flow="1032.00" occupancy="5.01" speed="31.50" length="5.50" nVehEntered="86"/>
   <interval begin="300.00" end="600.00" id="detector17_1" nVehContrib="0" flow="0.00" occupancy="0.00" speed="-1.00" length="-1.00" nVehEntered="0"/>
   <interval begin="300.00" end="600.00" id="detector17_2" nVehContrib="32" flow="384.00" occupancy="1.86" speed="31.50" length="5.50" nVehEntered="32"/>
   <interval begin="300.00" end="600.00" id="detector17_3" nVehContrib="9" flow="108.00" occupancy="0.52" speed="31.50" length="5.50" nVehEntered="9"/>
   <interval begin="300.00" end="600.00" id="detector17_4" nVehContrib="2" flow="24.00" occupancy="0.12" speed="31.50" length="5.50" nVehEntered="2"/>
   <interval begin="300.00" end="600.00" id="detector17_5" nVehContrib="0" flow="0.00" occupancy="0.00" speed="-1.00" length="-1.00" nVehEntered="0"/>
   <interval begin="300.00" end="600.00" id="detector18_0" nVehContrib="75" flow="900.00" occupancy="4.37" speed="31.50" length="5.50" nVehEntered="75"/>
   <interval begin="300.00" end="600.00" id="detector18_1" nVehContrib="23" flow="276.00" occupancy="1.34" speed="31.50" length="5.50" nVehEntered="23"/>
   <interval begin="300.00" end="600.00" id="detector18_2" nVehContrib="7" flow="84.00" occupancy="0.41" speed="31.50" length="5.50" nVehEntered="7"/>
   <interval begin="300.00" end="600.00" id="detector18_3" nVehContrib="2" flow="24.00" occupancy="0.12" speed="31.50" length="5.50" nVehEntered="2"/>
   <interval begin="300.00" end="600.00" id="detector18_4" nVehContrib="0" flow="0.00" occupancy="0.00" speed="-1.00" length="-1.00" nVehEntered="0"/>
   <interval begin="600.00" end="900.00" id="detector1_0" nVehContrib="19" flow="228.00" occupancy="1.11" speed="31.50" length="5.50" nVehEntered="19"/>
   <interval begin="600.00" end="900.00" id="detector1_1" nVehContrib="20" flow="240.00" occupancy="1.16" speed="31.50" length="5.50" nVehEntered="20"/>
   <interval begin="600.00" end="900.00" id="detector1_2" nVehContrib="20" flow="240.00" occupancy="1.16" speed="31.50" length="5.50" nVehEntered="20"/>
   <interval begin="600.00" end="900.00" id="detector1_3" nVehContrib="20" flow="240.00" occupancy="1.16" speed="31.50" length="5.50" nVehEntered="20"/>
   <interval begin="600.00" end="900.00" id="detector2_0" nVehContrib="19" flow="228.00" occupancy="1.11" speed="31.50" length="5.50" nVehEntered="19"/>
   <interval begin="600.00" end="900.00" id="detector2_1" nVehContrib="27" flow="324.00" occupancy="1.57" speed="31.50" length="5.50" nVehEntered="27"/>
   <interval begin="600.00" end="900.00" id="detector2_2" nVehContrib="11" flow="132.00" occupancy="0.64" speed="31.50" length="5.50" nVehEntered="19"/>
   <interval begin="600.00" end="900.00" id="detector2_3" nVehContrib="19" flow="228.00" occupancy="1.11" speed="31.50" length="5.50" nVehEntered="19"/>
   <interval begin="600.00" end="900.00" id="detector3_0" nVehContrib="26" flow="312.00" occupancy="1.54" speed="31.12" length="5.50" nVehEntered="26"/>
   <interval begin="600.00" end="900.00" id="detector3_1" nVehContrib="27" flow="324.00" occupancy="1.57" speed="31.50" length="5.50" nVehEntered="27"/>
   <interval begin="600.00" end="900.00" id="detector3_2" nVehContrib="12" flow="144.00" occupancy="0.70" speed="31.50" length="5.50" nVehEntered="12"/>
   <interval begin="600.00" end="900.00" id="detector3_3" nVehContrib="19" flow="228.00" occupancy="1.11" speed="31.50" length="5.50" nVehEntered="19"/>
   <interval begin="600.00" end="900.00" id="detector4_0" nVehContrib="23" flow="276.00" occupancy="1.34" speed="31.50" length="5.50" nVehEntered="23"/>
   <interval begin="600.00" end="900.00" id="detector4_1" nVehContrib="0" flow="0.00" occupancy="0.00" speed="-1.00" length="-1.00" nVehEntered="0"/>
   <interval begin="600.00" end="900.00" id="detector4_2" nVehContrib="27" flow="324.00" occupancy="1.57" speed="31.50" length="5.50" nVehEntered="27"/>
   <interval begin="600.00" end="900.00" id="detector4_3" nVehContrib="12" flow="144.00" occupancy="0.70" speed="31.50" length="5.50" nVehEntered="12"/>
   <interval begin="600.00" end="900.00" id="detector4_4" nVehContrib="19" flow="228.00" occupancy="1.11" speed="31.50" length="5.50" nVehEntered="19"/>
   <interval begin="600.00" end="900.00" id="detector5_0" nVehContrib="24" flow="288.00" occupancy="1.40" speed="31.50" length="5.50" nVehEntered="24"/>
   <interval begin="600.00" end="900.00" id="detector5_1" nVehContrib="0" flow="0.00" occupancy="0.00" speed="-1.00" length="-1.00" nVehEntered="0"/>
   <interval begin="600.00" end="900.00" id="detector5_2" nVehContrib="2" flow="24.00" occupancy="0.12" speed="31.50" length="5.50" nVehEntered="2"/>
   <interval begin="600.00" end="900.00" id="detector5_3" nVehContrib="26" flow="312.00" occupancy="1.51" speed="31.50" length="5.50" nVehEntered="26"/>
   <interval begin="600.00" end="900.00" id="detector5_4" nVehContrib="14" flow="168.00" occupancy="0.81" speed="31.50" length="5.50" nVehEntered="14"/>
   <interval begin="600.00" end="900.00" id="detector5_5" nVehContrib="15" flow="180.00" occupancy="0.87" speed="31.50" length="5.50" nVehEntered="15"/>
   <interval begin="600.00" end="900.00" id="detector6_0" nVehContrib="23" flow="276.00" occupancy="1.34" speed="31.50" length="5.50" nVehEntered="23"/>
   <interval begin="600.00" end="900.00" id="detector6_1" nVehContrib="2" flow="24.00" occupancy="0.12" speed="31.50" length="5.50" nVehEntered="2"/>
   <interval begin="600.00" end="900.00" id="detector6_2" nVehContrib="25" flow="300.00" occupancy="1.46" speed="31.50" length="5.50" nVehEntered="25"/>
   <interval begin="600.00" end="900.00" id="detector6_3" nVehContrib="14" flow="168.00" occupancy="0.81" speed="31.50" length="5.50" nVehEntered="14"/>
   <interval begin="600.00" end="900.00" id="detector6_4" nVehContrib="14" flow="168.00" occupancy="0.81" speed="31.50" length="5.50" nVehEntered="14"/>
   <interval begin="600.00" end="900.00" id="detector8_0" nVehContrib="48" flow="576.00" occupancy="2.79" speed="31.50" length="5.50" nVehEntered="48"/>
   <interval begin="600.00" end="900.00" id="detector8_1" nVehContrib="13" flow="156.00" occupancy="0.76" speed="31.50" length="5.50" nVehEntered="15"/>
   <interval begin="600.00" end="900.00" id="detector8_2" nVehContrib="7" flow="84.00" occupancy="0.41" speed="31.50" length="5.50" nVehEntered="7"/>
   <interval begin="600.00" end="900.00" id="detector8_3" nVehContrib="1" flow="12.00" occupancy="0.06" speed="31.50" length="5.50" nVehEntered="1"/>
   <interval begin="600.00" end="900.00" id="detector9_0" nVehContrib="50" flow="600.00" occupancy="2.91" speed="31.50" length="5.50" nVehEntered="50"/>
   <interval begin="600.00" end="900.00" id="detector9_1" nVehContrib="13" flow="156.00" occupancy="0.76" speed="31.50" length="5.50" nVehEntered="13"/>
   <interval begin="600.00" end="900.00" id="detector9_2" nVehContrib="6" flow="72.00" occupancy="0.35" speed="31.50" length="5.50" nVehEntered="6"/>
   <interval begin="600.00" end="900.00" id="detector9_3" nVehContrib="1" flow="12.00" occupancy="0.06" speed="31.50" length="5.50" nVehEntered="1"/>
   <interval begin="600.00" end="900.00" id="detector9_4" nVehContrib="0" flow="0.00" occupancy="0.00" speed="-1.00" length="-1.00" nVehEntered="0"/>
   <interval begin="600.00" end="900.00" id="detector10_0" nVehContrib="57" flow="684.00" occupancy="3.32" speed="31.50" length="5.50" nVehEntered="57"/>
   <interval begin="600.00" end="900.00" id="detector10_1" nVehContrib="4" flow="48.00" occupancy="0.23" speed="31.50" length="5.50" nVehEntered="4"/>
   <interval begin="600.00" end="900.00" id="detector10_2" nVehContrib="11" flow="132.00" occupancy="0.64" speed="31.50" length="5.50" nVehEntered="12"/>
   <interval begin="600.00" end="900.00" id="detector10_3" nVehContrib="5" flow="60.00" occupancy="0.29" speed="31.50" length="5.50" nVehEntered="5"/>
   <interval begin="600.00" end="900.00" id="detector10_4" nVehContrib="0" flow="0.00" occupancy="0.00" speed="-1.00" length="-1.00" nVehEntered="0"/>
   <interval begin="600.00" end="900.00" id="detector11_0" nVehContrib="58" flow="696.00" occupancy="3.38" speed="31.46" length="5.50" nVehEntered="59"/>
   <interval begin="600.00" end="900.00" id="detector11_1" nVehContrib="3" flow="36.00" occupancy="0.17" speed="31.50" length="5.50" nVehEntered="3"/>
   <interval begin="600.00" end="900.00" id="detector11_2" nVehContrib="11" flow="132.00" occupancy="0.64" speed="31.50" length="5.50" nVehEntered="11"/>
   <interval begin="600.00" end="900.00" id="detector11_3" nVehContrib="3" flow="36.00" occupancy="0.17" speed="31.50" length="5.50" nVehEntered="3"/>
   <interval begin="600.00" end="900.00" id="detector11_4" nVehContrib="0" flow="0.00" occupancy="0.00" speed="-1.00" length="-1.00" nVehEntered="0"/>
   <interval begin="600.00" end="900.00" id="detector12_0" nVehContrib="60" flow="720.00" occupancy="3.49" speed="31.50" length="5.50" nVehEntered="60"/>
   <interval begin="600.00" end="900.00" id="detector12_1" nVehContrib="1" flow="12.00" occupancy="0.06" speed="31.50" length="5.50" nVehEntered="1"/>
   <interval begin="600.00" end="900.00" id="detector12_2" nVehContrib="9" flow="108.00" occupancy="0.52" speed="31.48" length="5.50" nVehEntered="9"/>
   <interval begin="600.00" end="900.00" id="detector12_3" nVehContrib="10" flow="120.00" occupancy="0.58" speed="31.50" length="5.50" nVehEntered="10"/>
   <interval begin="600.00" end="900.00" id="detector12_4" nVehContrib="5" flow="60.00" occupancy="0.29" speed="31.50" length="5.50" nVehEntered="5"/>
   <interval begin="600.00" end="900.00" id="detector12_5" nVehContrib="0" flow="0.00" occupancy="0.00" speed="-1.00" length="-1.00" nVehEntered="0"/>
   <interval begin="600.00" end="900.00" id="detector13_0" nVehContrib="63" flow="756.00" occupancy="3.67" speed="31.50" length="5.50" nVehEntered="64"/>
   <interval begin="600.00" end="900.00" id="detector13_1" nVehContrib="15" flow="180.00" occupancy="0.87" speed="31.50" length="5.50" nVehEntered="17"/>
   <interval begin="600.00" end="900.00" id="detector13_2" nVehContrib="4" flow="48.00" occupancy="0.23" speed="31.50" length="5.50" nVehEntered="5"/>
   <interval begin="600.00" end="900.00" id="detector13_3" nVehContrib="5" flow="60.00" occupancy="0.29" speed="31.50" length="5.50" nVehEntered="6"/>
   <interval begin="600.00" end="900.00" id="detector13_4" nVehContrib="0" flow="0.00" occupancy="0.00" speed="-1.00" length="-1.00" nVehEntered="0"/>
   <interval begin="600.00" end="900.00" id="detector14_0" nVehContrib="80" flow="960.00" occupancy="4.64" speed="31.71" length="5.50" nVehEntered="87"/>
   <interval begin="600.00" end="900.00" id="detector14_1" nVehContrib="21" flow="252.00" occupancy="1.22" speed="31.50" length="5.50" nVehEntered="21"/>
   <interval begin="600.00" end="900.00" id="detector14_2" nVehContrib="4" flow="48.00" occupancy="0.23" speed="31.50" length="5.50" nVehEntered="4"/>
   <interval begin="600.00" end="900.00" id="detector14_3" nVehContrib="6" flow="72.00" occupancy="0.35" speed="31.50" length="5.50" nVehEntered="6"/>
   <interval begin="600.00" end="900.00" id="detector14_4" nVehContrib="0" flow="0.00" occupancy="0.00" speed="-1.00" length="-1.00" nVehEntered="0"/>
   <interval begin="600.00" end="900.00" id="detector15_0" nVehContrib="77" flow="924.00" occupancy="4.48" speed="31.50" length="5.50" nVehEntered="77"/>
   <interval begin="600.00" end="900.00" id="detector15_1" nVehContrib="27" flow="324.00" occupancy="1.57" speed="31.50" length="5.50" nVehEntered="28"/>
   <interval begin="600.00" end="900.00" id="detector15_2" nVehContrib="6" flow="72.00" occupancy="0.35" speed="31.50" length="5.50" nVehEntered="6"/>
   <interval begin="600.00" end="900.00" id="detector15_3" nVehContrib="1" flow="12.00" occupancy="0.06" speed="31.50" length="5.50" nVehEntered="1"/>
   <interval begin="600.00" end="900.00" id="detector15_4" nVehContrib="0" flow="0.00" occupancy="0.00" speed="-1.00" length="-1.00" nVehEntered="0"/>
   <interval begin="600.00" end="900.00" id="detector16_0" nVehContrib="80" flow="960.00" occupancy="4.66" speed="31.50" length="5.50" nVehEntered="80"/>
   <interval begin="600.00" end="900.00" id="detector16_1" nVehContrib="25" flow="300.00" occupancy="1.46" speed="31.50" length="5.50" nVehEntered="25"/>
   <interval begin="600.00" end="900.00" id="detector16_2" nVehContrib="7" flow="84.00" occupancy="0.41" speed="31.50" length="5.50" nVehEntered="7"/>
   <interval begin="600.00" end="900.00" id="detector16_3" nVehContrib="1" flow="12.00" occupancy="0.06" speed="31.50" length="5.50" nVehEntered="1"/>
   <interval begin="600.00" end="900.00" id="detector16_4" nVehContrib="0" flow="0.00" occupancy="0.00" speed="-1.00" length="-1.00" nVehEntered="0"/>
   <interval begin="600.00" end="900.00" id="detector17_0" nVehContrib="81" flow="972.00" occupancy="4.71" speed="31.50" length="5.50" nVehEntered="81"/>
   <interval begin="600.00" end="900.00" id="detector17_1" nVehContrib="0" flow="0.00" occupancy="0.00" speed="-1.00" length="-1.00" nVehEntered="0"/>
   <interval begin="600.00" end="900.00" id="detector17_2" nVehContrib="26" flow="312.00" occupancy="1.51" speed="31.50" length="5.50" nVehEntered="26"/>
   <interval begin="600.00" end="900.00" id="detector17_3" nVehContrib="6" flow="72.00" occupancy="0.35" speed="31.50" length="5.50" nVehEntered="6"/>
   <interval begin="600.00" end="900.00" id="detector17_4" nVehContrib="1" flow="12.00" occupancy="0.06" speed="31.50" length="5.50" nVehEntered="1"/>
   <interval begin="600.00" end="900.00" id="detector17_5" nVehContrib="0" flow="0.00" occupancy="0.00" speed="-1.00" length="-1.00" nVehEntered="0"/>
   <interval begin="600.00" end="900.00" id="detector18_0" nVehContrib="78" flow="936.00" occupancy="4.54" speed="31.49" length="5.50" nVehEntered="78"/>
   <interval begin="600.00" end="900.00" id="detector18_1" nVehContrib="23" flow="276.00" occupancy="1.34" speed="31.50" length="5.50" nVehEntered="23"/>
   <interval begin="600.00" end="900.00" id="detector18_2" nVehContrib="5" flow="60.00" occupancy="0.29" speed="31.50" length="5.50" nVehEntered="5"/>
   <interval begin="600.00" end="900.00" id="detector18_3" nVehContrib="0" flow="0.00" occupancy="0.00" speed="-1.00" length="-1.00" nVehEntered="0"/>
   <interval begin="600.00" end="900.00" id="detector18_4" nVehContrib="0" flow="0.00" occupancy="0.00" speed="-1.00" length="-1.00" nVehEntered="0"/>
   <interval begin="900.00" end="1200.00" id="detector1_0" nVehContrib="20" flow="240.00" occupancy="1.16" speed="31.50" length="5.50" nVehEntered="20"/>
   <interval begin="900.00" end="1200.00" id="detector1_1" nVehContrib="19" flow="228.00" occupancy="1.11" speed="31.50" length="5.50" nVehEntered="19"/>
   <interval begin="900.00" end="1200.00" id="detector1_2" nVehContrib="19" flow="228.00" occupancy="1.11" speed="31.50" length="5.50" nVehEntered="19"/>
   <interval begin="900.00" end="1200.00" id="detector1_3" nVehContrib="19" flow="228.00" occupancy="1.11" speed="31.50" length="5.50" nVehEntered="19"/>
   <interval begin="900.00" end="1200.00" id="detector2_0" nVehContrib="23" flow="276.00" occupancy="1.34" speed="31.50" length="5.50" nVehEntered="23"/>
   <interval begin="900.00" end="1200.00" id="detector2_1" nVehContrib="21" flow="252.00" occupancy="1.22" speed="31.50" length="5.50" nVehEntered="23"/>
   <interval begin="900.00" end="1200.00" id="detector2_2" nVehContrib="19" flow="228.00" occupancy="1.11" speed="31.50" length="5.50" nVehEntered="21"/>
   <interval begin="900.00" end="1200.00" id="detector2_3" nVehContrib="19" flow="228.00" occupancy="1.11" speed="31.50" length="5.50" nVehEntered="20"/>
   <interval begin="900.00" end="1200.00" id="detector3_0" nVehContrib="29" flow="348.00" occupancy="1.69" speed="31.39" length="5.50" nVehEntered="29"/>
   <interval begin="900.00" end="1200.00" id="detector3_1" nVehContrib="21" flow="252.00" occupancy="1.22" speed="31.50" length="5.50" nVehEntered="21"/>
   <interval begin="900.00" end="1200.00" id="detector3_2" nVehContrib="19" flow="228.00" occupancy="1.11" speed="31.50" length="5.50" nVehEntered="19"/>
   <interval begin="900.00" end="1200.00" id="detector3_3" nVehContrib="20" flow="240.00" occupancy="1.16" speed="31.50" length="5.50" nVehEntered="20"/>
   <interval begin="900.00" end="1200.00" id="detector4_0" nVehContrib="31" flow="372.00" occupancy="1.80" speed="31.49" length="5.50" nVehEntered="31"/>
   <interval begin="900.00" end="1200.00" id="detector4_1" nVehContrib="0" flow="0.00" occupancy="0.00" speed="-1.00" length="-1.00" nVehEntered="0"/>
   <interval begin="900.00" end="1200.00" id="detector4_2" nVehContrib="22" flow="264.00" occupancy="1.28" speed="31.50" length="5.50" nVehEntered="22"/>
   <interval begin="900.00" end="1200.00" id="detector4_3" nVehContrib="19" flow="228.00" occupancy="1.11" speed="31.50" length="5.50" nVehEntered="19"/>
   <interval begin="900.00" end="1200.00" id="detector4_4" nVehContrib="19" flow="228.00" occupancy="1.11" speed="31.50" length="5.50" nVehEntered="19"/>
   <interval begin="900.00" end="1200.00" id="detector5_0" nVehContrib="30" flow="360.00" occupancy="1.75" speed="31.50" length="5.50" nVehEntered="30"/>
   <interval begin="900.00" end="1200.00" id="detector5_1" nVehContrib="0" flow="0.00" occupancy="0.00" speed="-1.00" length="-1.00" nVehEntered="0"/>
   <interval begin="900.00" end="1200.00" id="detector5_2" nVehContrib="0" flow="0.00" occupancy="0.00" speed="-1.00" length="-1.00" nVehEntered="0"/>
   <interval begin="900.00" end="1200.00" id="detector5_3" nVehContrib="25" flow="300.00" occupancy="1.46" speed="31.50" length="5.50" nVehEntered="25"/>
   <interval begin="900.00" end="1200.00" id="detector5_4" nVehContrib="18" flow="216.00" occupancy="1.05" speed="31.50" length="5.50" nVehEntered="18"/>
   <interval begin="900.00" end="1200.00" id="detector5_5" nVehContrib="17" flow="204.00" occupancy="0.99" speed="31.50" length="5.50" nVehEntered="17"/>
   <interval begin="900.00" end="1200.00" id="detector6_0" nVehContrib="30" flow="360.00" occupancy="1.75" speed="31.50" length="5.50" nVehEntered="30"/>
   <interval begin="900.00" end="1200.00" id="detector6_1" nVehContrib="0" flow="0.00" occupancy="0.00" speed="-1.00" length="-1.00" nVehEntered="0"/>
   <interval begin="900.00" end="1200.00" id="detector6_2" nVehContrib="25" flow="300.00" occupancy="1.46" speed="31.50" length="5.50" nVehEntered="25"/>
   <interval begin="900.00" end="1200.00" id="detector6_3" nVehContrib="18" flow="216.00" occupancy="1.05" speed="31.50" length="5.50" nVehEntered="18"/>
   <interval begin="900.00" end="1200.00" id="detector6_4" nVehContrib="17" flow="204.00" occupancy="0.99" speed="31.50" length="5.50" nVehEntered="17"/>
   <interval begin="900.00" end="1200.00" id="detector8_0" nVehContrib="55" flow="660.00" occupancy="3.20" speed="31.49" length="5.50" nVehEntered="55"/>
   <interval begin="900.00" end="1200.00" id="detector8_1" nVehContrib="21" flow="252.00" occupancy="1.22" speed="31.50" length="5.50" nVehEntered="21"/>
   <interval begin="900.00" end="1200.00" id="detector8_2" nVehContrib="14" flow="168.00" occupancy="0.81" speed="31.50" length="5.50" nVehEntered="14"/>
   <interval begin="900.00" end="1200.00" id="detector8_3" nVehContrib="1" flow="12.00" occupancy="0.06" speed="31.50" length="5.50" nVehEntered="2"/>
   <interval begin="900.00" end="1200.00" id="detector9_0" nVehContrib="55" flow="660.00" occupancy="3.20" speed="31.50" length="5.50" nVehEntered="55"/>
   <interval begin="900.00" end="1200.00" id="detector9_1" nVehContrib="24" flow="288.00" occupancy="1.40" speed="31.48" length="5.50" nVehEntered="24"/>
   <interval begin="900.00" end="1200.00" id="detector9_2" nVehContrib="7" flow="84.00" occupancy="0.41" speed="31.50" length="5.50" nVehEntered="8"/>
   <interval begin="900.00" end="1200.00" id="detector9_3" nVehContrib="1" flow="12.00" occupancy="0.06" speed="31.50" length="5.50" nVehEntered="1"/>
   <interval begin="900.00" end="1200.00" id="detector9_4" nVehContrib="0" flow="0.00" occupancy="0.00" speed="-1.00" length="-1.00" nVehEntered="0"/>
   <interval begin="900.00" end="1200.00" id="detector10_0" nVehContrib="61" flow="732.00" occupancy="3.56" speed="31.40" length="5.50" nVehEntered="61"/>
   <interval begin="900.00" end="1200.00" id="detector10_1" nVehContrib="16" flow="192.00" occupancy="0.93" speed="31.50" length="5.50" nVehEntered="16"/>
   <interval begin="900.00" end="1200.00" id="detector10_2" nVehContrib="12" flow="144.00" occupancy="0.70" speed="31.50" length="5.50" nVehEntered="16"/>
   <interval begin="900.00" end="1200.00" id="detector10_3" nVehContrib="3" flow="36.00" occupancy="0.17" speed="31.50" length="5.50" nVehEntered="3"/>
   <interval begin="900.00" end="1200.00" id="detector10_4" nVehContrib="0" flow="0.00" occupancy="0.00" speed="-1.00" length="-1.00" nVehEntered="0"/>
   <interval begin="900.00" end="1200.00" id="detector11_0" nVehContrib="63" flow="756.00" occupancy="3.70" speed="31.25" length="5.50" nVehEntered="63"/>
   <interval begin="900.00" end="1200.00" id="detector11_1" nVehContrib="24" flow="288.00" occupancy="1.40" speed="31.50" length="5.50" nVehEntered="24"/>
   <interval begin="900.00" end="1200.00" id="detector11_2" nVehContrib="8" flow="96.00" occupancy="0.47" speed="31.50" length="5.50" nVehEntered="9"/>
   <interval begin="900.00" end="1200.00" id="detector11_3" nVehContrib="3" flow="36.00" occupancy="0.17" speed="31.50" length="5.50" nVehEntered="3"/>
   <interval begin="900.00" end="1200.00" id="detector11_4" nVehContrib="1" flow="12.00" occupancy="0.06" speed="31.50" length="5.50" nVehEntered="1"/>
   <interval begin="900.00" end="1200.00" id="detector12_0" nVehContrib="63" flow="756.00" occupancy="3.67" speed="31.49" length="5.50" nVehEntered="63"/>
   <interval begin="900.00" end="1200.00" id="detector12_1" nVehContrib="0" flow="0.00" occupancy="0.00" speed="-1.00" length="-1.00" nVehEntered="0"/>
   <interval begin="900.00" end="1200.00" id="detector12_2" nVehContrib="27" flow="324.00" occupancy="1.57" speed="31.50" length="5.50" nVehEntered="27"/>
   <interval begin="900.00" end="1200.00" id="detector12_3" nVehContrib="6" flow="72.00" occupancy="0.35" speed="31.50" length="5.50" nVehEntered="6"/>
   <interval begin="900.00" end="1200.00" id="detector12_4" nVehContrib="3" flow="36.00" occupancy="0.17" speed="31.50" length="5.50" nVehEntered="3"/>
   <interval begin="900.00" end="1200.00" id="detector12_5" nVehContrib="1" flow="12.00" occupancy="0.06" speed="31.50" length="5.50" nVehEntered="1"/>
   <interval begin="900.00" end="1200.00" id="detector13_0" nVehContrib="63" flow="756.00" occupancy="3.67" speed="31.50" length="5.50" nVehEntered="63"/>
   <interval begin="900.00" end="1200.00" id="detector13_1" nVehContrib="30" flow="360.00" occupancy="1.75" speed="31.50" length="5.50" nVehEntered="30"/>
   <interval begin="900.00" end="1200.00" id="detector13_2" nVehContrib="6" flow="72.00" occupancy="0.35" speed="31.50" length="5.50" nVehEntered="6"/>
   <interval begin="900.00" end="1200.00" id="detector13_3" nVehContrib="3" flow="36.00" occupancy="0.17" speed="31.50" length="5.50" nVehEntered="3"/>
   <interval begin="900.00" end="1200.00" id="detector13_4" nVehContrib="1" flow="12.00" occupancy="0.06" speed="31.50" length="5.50" nVehEntered="1"/>
   <interval begin="900.00" end="1200.00" id="detector14_0" nVehContrib="76" flow="912.00" occupancy="4.43" speed="31.47" length="5.50" nVehEntered="78"/>
   <interval begin="900.00" end="1200.00" id="detector14_1" nVehContrib="30" flow="360.00" occupancy="1.75" speed="31.50" length="5.50" nVehEntered="30"/>
   <interval begin="900.00" end="1200.00" id="detector14_2" nVehContrib="5" flow="60.00" occupancy="0.29" speed="31.50" length="5.50" nVehEntered="5"/>
   <interval begin="900.00" end="1200.00" id="detector14_3" nVehContrib="3" flow="36.00" occupancy="0.17" speed="31.50" length="5.50" nVehEntered="3"/>
   <interval begin="900.00" end="1200.00" id="detector14_4" nVehContrib="1" flow="12.00" occupancy="0.06" speed="31.50" length="5.50" nVehEntered="1"/>
   <interval begin="900.00" end="1200.00" id="detector15_0" nVehContrib="78" flow="936.00" occupancy="4.54" speed="31.50" length="5.50" nVehEntered="78"/>
   <interval begin="900.00" end="1200.00" id="detector15_1" nVehContrib="34" flow="408.00" occupancy="1.98" speed="31.50" length="5.50" nVehEntered="34"/>
   <interval begin="900.00" end="1200.00" id="detector15_2" nVehContrib="4" flow="48.00" occupancy="0.23" speed="31.50" length="5.50" nVehEntered="4"/>
   <interval begin="900.00" end="1200.00" id="detector15_3" nVehContrib="1" flow="12.00" occupancy="0.06" speed="31.50" length="5.50" nVehEntered="1"/>
   <interval begin="900.00" end="1200.00" id="detector15_4" nVehContrib="0" flow="0.00" occupancy="0.00" speed="-1.00" length="-1.00" nVehEntered="0"/>
   <interval begin="900.00" end="1200.00" id="detector16_0" nVehContrib="75" flow="900.00" occupancy="4.37" speed="31.50" length="5.50" nVehEntered="75"/>
   <interval begin="900.00" end="1200.00" id="detector16_1" nVehContrib="34" flow="408.00" occupancy="1.98" speed="31.50" length="5.50" nVehEntered="34"/>
   <interval begin="900.00" end="1200.00" id="detector16_2" nVehContrib="4" flow="48.00" occupancy="0.23" speed="31.50" length="5.50" nVehEntered="4"/>
   <interval begin="900.00" end="1200.00" id="detector16_3" nVehContrib="0" flow="0.00" occupancy="0.00" speed="-1.00" length="-1.00" nVehEntered="0"/>
   <interval begin="900.00" end="1200.00" id="detector16_4" nVehContrib="0" flow="0.00" occupancy="0.00" speed="-1.00" length="-1.00" nVehEntered="0"/>
   <interval begin="900.00" end="1200.00" id="detector17_0" nVehContrib="74" flow="888.00" occupancy="4.31" speed="31.50" length="5.50" nVehEntered="74"/>
   <interval begin="900.00" end="1200.00" id="detector17_1" nVehContrib="0" flow="0.00" occupancy="0.00" speed="-1.00" length="-1.00" nVehEntered="0"/>
   <interval begin="900.00" end="1200.00" id="detector17_2" nVehContrib="34" flow="408.00" occupancy="1.98" speed="31.50" length="5.50" nVehEntered="34"/>
   <interval begin="900.00" end="1200.00" id="detector17_3" nVehContrib="4" flow="48.00" occupancy="0.23" speed="31.50" length="5.50" nVehEntered="4"/>
   <interval begin="900.00" end="1200.00" id="detector17_4" nVehContrib="0" flow="0.00" occupancy="0.00" speed="-1.00" length="-1.00" nVehEntered="0"/>
   <interval begin="900.00" end="1200.00" id="detector17_5" nVehContrib="0" flow="0.00" occupancy="0.00" speed="-1.00" length="-1.00" nVehEntered="0"/>
   <interval begin="900.00" end="1200.00" id="detector18_0" nVehContrib="70" flow="840.00" occupancy="4.07" speed="31.50" length="5.50" nVehEntered="70"/>
   <interval begin="900.00" end="1200.00" id="detector18_1" nVehContrib="29" flow="348.00" occupancy="1.69" speed="31.50" length="5.50" nVehEntered="29"/>
   <interval begin="900.00" end="1200.00" id="detector18_2" nVehContrib="4" flow="48.00" occupancy="0.23" speed="31.50" length="5.50" nVehEntered="4"/>
   <interval begin="900.00" end="1200.00" id="detector18_3" nVehContrib="0" flow="0.00" occupancy="0.00" speed="-1.00" length="-1.00" nVehEntered="0"/>
   <interval begin="900.00" end="1200.00" id="detector18_4" nVehContrib="0" flow="0.00" occupancy="0.00" speed="-1.00" length="-1.00" nVehEntered="0"/>
   <interval begin="1200.00" end="1500.00" id="detector1_0" nVehContrib="16" flow="192.00" occupancy="0.93" speed="31.50" length="5.50" nVehEntered="16"/>
   <interval begin="1200.00" end="1500.00" id="detector1_1" nVehContrib="17" flow="204.00" occupancy="0.99" speed="31.50" length="5.50" nVehEntered="17"/>
   <interval begin="1200.00" end="1500.00" id="detector1_2" nVehContrib="17" flow="204.00" occupancy="0.99" speed="31.50" length="5.50" nVehEntered="17"/>
   <interval begin="1200.00" end="1500.00" id="detector1_3" nVehContrib="16" flow="192.00" occupancy="0.93" speed="31.50" length="5.50" nVehEntered="16"/>
   <interval begin="1200.00" end="1500.00" id="detector2_0" nVehContrib="15" flow="180.00" occupancy="0.87" speed="31.50" length="5.50" nVehEntered="15"/>
   <interval begin="1200.00" end="1500.00" id="detector2_1" nVehContrib="18" flow="216.00" occupancy="1.05" speed="31.50" length="5.50" nVehEntered="18"/>
   <interval begin="1200.00" end="1500.00" id="detector2_2" nVehContrib="15" flow="180.00" occupancy="0.87" speed="31.50" length="5.50" nVehEntered="18"/>
   <interval begin="1200.00" end="1500.00" id="detector2_3" nVehContrib="14" flow="168.00" occupancy="0.81" speed="31.50" length="5.50" nVehEntered="16"/>
   <interval begin="1200.00" end="1500.00" id="detector3_0" nVehContrib="19" flow="228.00" occupancy="1.12" speed="31.27" length="5.50" nVehEntered="19"/>
   <interval begin="1200.00" end="1500.00" id="detector3_1" nVehContrib="18" flow="216.00" occupancy="1.05" speed="31.50" length="5.50" nVehEntered="18"/>
   <interval begin="1200.00" end="1500.00" id="detector3_2" nVehContrib="13" flow="156.00" occupancy="0.76" speed="31.50" length="5.50" nVehEntered="13"/>
   <interval begin="1200.00" end="1500.00" id="detector3_3" nVehContrib="12" flow="144.00" occupancy="0.70" speed="31.50" length="5.50" nVehEntered="12"/>
   <interval begin="1200.00" end="1500.00" id="detector4_0" nVehContrib="19" flow="228.00" occupancy="1.11" speed="31.50" length="5.50" nVehEntered="19"/>
   <interval begin="1200.00" end="1500.00" id="detector4_1" nVehContrib="0" flow="0.00" occupancy="0.00" speed="-1.00" length="-1.00" nVehEntered="0"/>
   <interval begin="1200.00" end="1500.00" id="detector4_2" nVehContrib="19" flow="228.00" occupancy="1.11" speed="31.50" length="5.50" nVehEntered="19"/>
   <interval begin="1200.00" end="1500.00" id="detector4_3" nVehContrib="13" flow="156.00" occupancy="0.76" speed="31.50" length="5.50" nVehEntered="13"/>
   <interval begin="1200.00" end="1500.00" id="detector4_4" nVehContrib="13" flow="156.00" occupancy="0.76" speed="31.50" length="5.50" nVehEntered="13"/>
   <interval begin="1200.00" end="1500.00" id="detector5_0" nVehContrib="19" flow="228.00" occupancy="1.11" speed="31.50" length="5.50" nVehEntered="19"/>
   <interval begin="1200.00" end="1500.00" id="detector5_1" nVehContrib="0" flow="0.00" occupancy="0.00" speed="-1.00" length="-1.00" nVehEntered="0"/>
   <interval begin="1200.00" end="1500.00" id="detector5_2" nVehContrib="4" flow="48.00" occupancy="0.23" speed="31.50" length="5.50" nVehEntered="4"/>
   <interval begin="1200.00" end="1500.00" id="detector5_3" nVehContrib="20" flow="240.00" occupancy="1.16" speed="31.50" length="5.50" nVehEntered="20"/>
   <interval begin="1200.00" end="1500.00" id="detector5_4" nVehContrib="13" flow="156.00" occupancy="0.76" speed="31.50" length="5.50" nVehEntered="13"/>
   <interval begin="1200.00" end="1500.00" id="detector5_5" nVehContrib="9" flow="108.00" occupancy="0.52" speed="31.50" length="5.50" nVehEntered="9"/>
   <interval begin="1200.00" end="1500.00" id="detector6_0" nVehContrib="20" flow="240.00" occupancy="1.16" speed="31.50" length="5.50" nVehEntered="20"/>
   <interval begin="1200.00" end="1500.00" id="detector6_1" nVehContrib="4" flow="48.00" occupancy="0.23" speed="31.50" length="5.50" nVehEntered="4"/>
   <interval begin="1200.00" end="1500.00" id="detector6_2" nVehContrib="19" flow="228.00" occupancy="1.11" speed="31.50" length="5.50" nVehEntered="19"/>
   <interval begin="1200.00" end="1500.00" id="detector6_3" nVehContrib="14" flow="168.00" occupancy="0.81" speed="31.50" length="5.50" nVehEntered="14"/>
   <interval begin="1200.00" end="1500.00" id="detector6_4" nVehContrib="8" flow="96.00" occupancy="0.47" speed="31.50" length="5.50" nVehEntered="8"/>
   <interval begin="1200.00" end="1500.00" id="detector8_0" nVehContrib="44" flow="528.00" occupancy="2.56" speed="31.50" length="5.50" nVehEntered="44"/>
   <interval begin="1200.00" end="1500.00" id="detector8_1" nVehContrib="20" flow="240.00" occupancy="1.16" speed="31.50" length="5.50" nVehEntered="22"/>
   <interval begin="1200.00" end="1500.00" id="detector8_2" nVehContrib="10" flow="120.00" occupancy="0.58" speed="31.50" length="5.50" nVehEntered="12"/>
   <interval begin="1200.00" end="1500.00" id="detector8_3" nVehContrib="0" flow="0.00" occupancy="0.00" speed="-1.00" length="-1.00" nVehEntered="1"/>
   <interval begin="1200.00" end="1500.00" id="detector9_0" nVehContrib="50" flow="600.00" occupancy="2.91" speed="31.50" length="5.50" nVehEntered="50"/>
   <interval begin="1200.00" end="1500.00" id="detector9_1" nVehContrib="19" flow="228.00" occupancy="1.11" speed="31.50" length="5.50" nVehEntered="19"/>
   <interval begin="1200.00" end="1500.00" id="detector9_2" nVehContrib="9" flow="108.00" occupancy="0.52" speed="31.50" length="5.50" nVehEntered="9"/>
   <interval begin="1200.00" end="1500.00" id="detector9_3" nVehContrib="0" flow="0.00" occupancy="0.00" speed="-1.00" length="-1.00" nVehEntered="0"/>
   <interval begin="1200.00" end="1500.00" id="detector9_4" nVehContrib="0" flow="0.00" occupancy="0.00" speed="-1.00" length="-1.00" nVehEntered="0"/>
   <interval begin="1200.00" end="1500.00" id="detector10_0" nVehContrib="64" flow="768.00" occupancy="3.74" speed="31.38" length="5.50" nVehEntered="64"/>
   <interval begin="1200.00" end="1500.00" id="detector10_1" nVehContrib="11" flow="132.00" occupancy="0.64" speed="31.50" length="5.50" nVehEntered="11"/>
   <interval begin="1200.00" end="1500.00" id="detector10_2" nVehContrib="9" flow="108.00" occupancy="0.52" speed="31.50" length="5.50" nVehEntered="11"/>
   <interval begin="1200.00" end="1500.00" id="detector10_3" nVehContrib="5" flow="60.00" occupancy="0.29" speed="31.50" length="5.50" nVehEntered="6"/>
   <interval begin="1200.00" end="1500.00" id="detector10_4" nVehContrib="0" flow="0.00" occupancy="0.00" speed="-1.00" length="-1.00" nVehEntered="0"/>
   <interval begin="1200.00" end="1500.00" id="detector11_0" nVehContrib="74" flow="888.00" occupancy="4.36" speed="31.20" length="5.50" nVehEntered="74"/>
   <interval begin="1200.00" end="1500.00" id="detector11_1" nVehContrib="16" flow="192.00" occupancy="0.93" speed="31.50" length="5.50" nVehEntered="16"/>
   <interval begin="1200.00" end="1500.00" id="detector11_2" nVehContrib="5" flow="60.00" occupancy="0.29" speed="31.50" length="5.50" nVehEntered="5"/>
   <interval begin="1200.00" end="1500.00" id="detector11_3" nVehContrib="5" flow="60.00" occupancy="0.29" speed="31.50" length="5.50" nVehEntered="5"/>
   <interval begin="1200.00" end="1500.00" id="detector11_4" nVehContrib="0" flow="0.00" occupancy="0.00" speed="-1.00" length="-1.00" nVehEntered="0"/>
   <interval begin="1200.00" end="1500.00" id="detector12_0" nVehContrib="67" flow="804.00" occupancy="3.96" speed="31.50" length="5.50" nVehEntered="67"/>
   <interval begin="1200.00" end="1500.00" id="detector12_1" nVehContrib="0" flow="0.00" occupancy="0.00" speed="-1.00" length="-1.00" nVehEntered="0"/>
   <interval begin="1200.00" end="1500.00" id="detector12_2" nVehContrib="20" flow="240.00" occupancy="1.16" speed="31.50" length="5.50" nVehEntered="20"/>
   <interval begin="1200.00" end="1500.00" id="detector12_3" nVehContrib="4" flow="48.00" occupancy="0.23" speed="31.50" length="5.50" nVehEntered="4"/>
   <interval begin="1200.00" end="1500.00" id="detector12_4" nVehContrib="5" flow="60.00" occupancy="0.29" speed="31.50" length="5.50" nVehEntered="5"/>
   <interval begin="1200.00" end="1500.00" id="detector12_5" nVehContrib="0" flow="0.00" occupancy="0.00" speed="-1.00" length="-1.00" nVehEntered="0"/>
   <interval begin="1200.00" end="1500.00" id="detector13_0" nVehContrib="65" flow="780.00" occupancy="3.78" speed="31.50" length="5.50" nVehEntered="65"/>
   <interval begin="1200.00" end="1500.00" id="detector13_1" nVehContrib="21" flow="252.00" occupancy="1.22" speed="31.50" length="5.50" nVehEntered="21"/>
   <interval begin="1200.00" end="1500.00" id="detector13_2" nVehContrib="4" flow="48.00" occupancy="0.23" speed="31.50" length="5.50" nVehEntered="4"/>
   <interval begin="1200.00" end="1500.00" id="detector13_3" nVehContrib="4" flow="48.00" occupancy="0.23" speed="31.50" length="5.50" nVehEntered="4"/>
   <interval begin="1200.00" end="1500.00" id="detector13_4" nVehContrib="0" flow="0.00" occupancy="0.00" speed="-1.00" length="-1.00" nVehEntered="0"/>
   <interval begin="1200.00" end="1500.00" id="detector14_0" nVehContrib="76" flow="912.00" occupancy="4.43" speed="31.48" length="5.50" nVehEntered="81"/>
   <interval begin="1200.00" end="1500.00" id="detector14_1" nVehContrib="29" flow="348.00" occupancy="1.69" speed="31.50" length="5.50" nVehEntered="29"/>
   <interval begin="1200.00" end="1500.00" id="detector14_2" nVehContrib="5" flow="60.00" occupancy="0.29" speed="31.50" length="5.50" nVehEntered="5"/>
   <interval begin="1200.00" end="1500.00" id="detector14_3" nVehContrib="4" flow="48.00" occupancy="0.23" speed="31.50" length="5.50" nVehEntered="4"/>
   <interval begin="1200.00" end="1500.00" id="detector14_4" nVehContrib="0" flow="0.00" occupancy="0.00" speed="-1.00" length="-1.00" nVehEntered="0"/>
   <interval begin="1200.00" end="1500.00" id="detector15_0" nVehContrib="78" flow="936.00" occupancy="4.54" speed="31.50" length="5.50" nVehEntered="78"/>
   <interval begin="1200.00" end="1500.00" id="detector15_1" nVehContrib="36" flow="432.00" occupancy="2.10" speed="31.49" length="5.50" nVehEntered="36"/>
   <interval begin="1200.00" end="1500.00" id="detector15_2" nVehContrib="5" flow="60.00" occupancy="0.29" speed="31.50" length="5.50" nVehEntered="5"/>
   <interval begin="1200.00" end="1500.00" id="detector15_3" nVehContrib="0" flow="0.00" occupancy="0.00" speed="-1.00" length="-1.00" nVehEntered="0"/>
   <interval begin="1200.00" end="1500.00" id="detector15_4" nVehContrib="0" flow="0.00" occupancy="0.00" speed="-1.00" length="-1.00" nVehEntered="0"/>
   <interval begin="1200.00" end="1500.00" id="detector16_0" nVehContrib="86" flow="1032.00" occupancy="5.01" speed="31.50" length="5.50" nVehEntered="86"/>
   <interval begin="1200.00" end="1500.00" id="detector16_1" nVehContrib="34" flow="408.00" occupancy="1.98" speed="31.50" length="5.50" nVehEntered="34"/>
   <interval begin="1200.00" end="1500.00" id="detector16_2" nVehContrib="5" flow="60.00" occupancy="0.29" speed="31.50" length="5.50" nVehEntered="5"/>
   <interval begin="1200.00" end="1500.00" id="detector16_3" nVehContrib="0" flow="0.00" occupancy="0.00" speed="-1.00" length="-1.00" nVehEntered="0"/>
   <interval begin="1200.00" end="1500.00" id="detector16_4" nVehContrib="0" flow="0.00" occupancy="0.00" speed="-1.00" length="-1.00" nVehEntered="0"/>
   <interval begin="1200.00" end="1500.00" id="detector17_0" nVehContrib="87" flow="1044.00" occupancy="5.06" speed="31.50" length="5.50" nVehEntered="87"/>
   <interval begin="1200.00" end="1500.00" id="detector17_1" nVehContrib="0" flow="0.00" occupancy="0.00" speed="-1.00" length="-1.00" nVehEntered="0"/>
   <interval begin="1200.00" end="1500.00" id="detector17_2" nVehContrib="33" flow="396.00" occupancy="1.92" speed="31.50" length="5.50" nVehEntered="33"/>
   <interval begin="1200.00" end="1500.00" id="detector17_3" nVehContrib="5" flow="60.00" occupancy="0.29" speed="31.50" length="5.50" nVehEntered="5"/>
   <interval begin="1200.00" end="1500.00" id="detector17_4" nVehContrib="0" flow="0.00" occupancy="0.00" speed="-1.00" length="-1.00" nVehEntered="0"/>
   <interval begin="1200.00" end="1500.00" id="detector17_5" nVehContrib="0" flow="0.00" occupancy="0.00" speed="-1.00" length="-1.00" nVehEntered="0"/>
   <interval begin="1200.00" end="1500.00" id="detector18_0" nVehContrib="93" flow="1116.00" occupancy="5.42" speed="31.49" length="5.50" nVehEntered="93"/>
   <interval begin="1200.00" end="1500.00" id="detector18_1" nVehContrib="28" flow="336.00" occupancy="1.63" speed="31.50" length="5.50" nVehEntered="28"/>
   <interval begin="1200.00" end="1500.00" id="detector18_2" nVehContrib="3" flow="36.00" occupancy="0.17" speed="31.50" length="5.50" nVehEntered="3"/>
   <interval begin="1200.00" end="1500.00" id="detector18_3" nVehContrib="0" flow="0.00" occupancy="0.00" speed="-1.00" length="-1.00" nVehEntered="0"/>
   <interval begin="1200.00" end="1500.00" id="detector18_4" nVehContrib="0" flow="0.00" occupancy="0.00" speed="-1.00" length="-1.00" nVehEntered="0"/>
   <interval begin="1500.00" end="1800.00" id="detector1_0" nVehContrib="4" flow="48.00" occupancy="0.23" speed="31.50" length="5.50" nVehEntered="4"/>
   <interval begin="1500.00" end="1800.00" id="detector1_1" nVehContrib="3" flow="36.00" occupancy="0.17" speed="31.50" length="5.50" nVehEntered="3"/>
   <interval begin="1500.00" end="1800.00" id="detector1_2" nVehContrib="3" flow="36.00" occupancy="0.17" speed="31.50" length="5.50" nVehEntered="3"/>
   <interval begin="1500.00" end="1800.00" id="detector1_3" nVehContrib="4" flow="48.00" occupancy="0.23" speed="31.50" length="5.50" nVehEntered="4"/>
   <interval begin="1500.00" end="1800.00" id="detector2_0" nVehContrib="7" flow="84.00" occupancy="0.41" speed="31.50" length="5.50" nVehEntered="7"/>
   <interval begin="1500.00" end="1800.00" id="detector2_1" nVehContrib="4" flow="48.00" occupancy="0.23" speed="31.50" length="5.50" nVehEntered="5"/>
   <interval begin="1500.00" end="1800.00" id="detector2_2" nVehContrib="5" flow="60.00" occupancy="0.29" speed="31.50" length="5.50" nVehEntered="5"/>
   <interval begin="1500.00" end="1800.00" id="detector2_3" nVehContrib="5" flow="60.00" occupancy="0.29" speed="31.50" length="5.50" nVehEntered="5"/>
   <interval begin="1500.00" end="1800.00" id="detector3_0" nVehContrib="18" flow="216.00" occupancy="1.05" speed="31.42" length="5.50" nVehEntered="18"/>
   <interval begin="1500.00" end="1800.00" id="detector3_1" nVehContrib="5" flow="60.00" occupancy="0.29" speed="31.50" length="5.50" nVehEntered="5"/>
   <interval begin="1500.00" end="1800.00" id="detector3_2" nVehContrib="7" flow="84.00" occupancy="0.41" speed="31.50" length="5.50" nVehEntered="7"/>
   <interval begin="1500.00" end="1800.00" id="detector3_3" nVehContrib="7" flow="84.00" occupancy="0.41" speed="31.50" length="5.50" nVehEntered="7"/>
   <interval begin="1500.00" end="1800.00" id="detector4_0" nVehContrib="20" flow="240.00" occupancy="1.16" speed="31.50" length="5.50" nVehEntered="20"/>
   <interval begin="1500.00" end="1800.00" id="detector4_1" nVehContrib="0" flow="0.00" occupancy="0.00" speed="-1.00" length="-1.00" nVehEntered="0"/>
   <interval begin="1500.00" end="1800.00" id="detector4_2" nVehContrib="6" flow="72.00" occupancy="0.35" speed="31.50" length="5.50" nVehEntered="6"/>
   <interval begin="1500.00" end="1800.00" id="detector4_3" nVehContrib="8" flow="96.00" occupancy="0.47" speed="31.50" length="5.50" nVehEntered="8"/>
   <interval begin="1500.00" end="1800.00" id="detector4_4" nVehContrib="8" flow="96.00" occupancy="0.47" speed="31.50" length="5.50" nVehEntered="8"/>
   <interval begin="1500.00" end="1800.00" id="detector5_0" nVehContrib="22" flow="264.00" occupancy="1.28" speed="31.50" length="5.50" nVehEntered="22"/>
   <interval begin="1500.00" end="1800.00" id="detector5_1" nVehContrib="0" flow="0.00" occupancy="0.00" speed="-1.00" length="-1.00" nVehEntered="0"/>
   <interval begin="1500.00" end="1800.00" id="detector5_2" nVehContrib="2" flow="24.00" occupancy="0.12" speed="31.50" length="5.50" nVehEntered="2"/>
   <interval begin="1500.00" end="1800.00" id="detector5_3" nVehContrib="9" flow="108.00" occupancy="0.52" speed="31.50" length="5.50" nVehEntered="9"/>
   <interval begin="1500.00" end="1800.00" id="detector5_4" nVehContrib="8" flow="96.00" occupancy="0.47" speed="31.50" length="5.50" nVehEntered="8"/>
   <interval begin="1500.00" end="1800.00" id="detector5_5" nVehContrib="7" flow="84.00" occupancy="0.41" speed="31.50" length="5.50" nVehEntered="7"/>
   <interval begin="1500.00" end="1800.00" id="detector6_0" nVehContrib="23" flow="276.00" occupancy="1.34" speed="31.50" length="5.50" nVehEntered="23"/>
   <interval begin="1500.00" end="1800.00" id="detector6_1" nVehContrib="2" flow="24.00" occupancy="0.12" speed="31.50" length="5.50" nVehEntered="2"/>
   <interval begin="1500.00" end="1800.00" id="detector6_2" nVehContrib="12" flow="144.00" occupancy="0.70" speed="31.50" length="5.50" nVehEntered="12"/>
   <interval begin="1500.00" end="1800.00" id="detector6_3" nVehContrib="8" flow="96.00" occupancy="0.47" speed="31.50" length="5.50" nVehEntered="8"/>
   <interval begin="1500.00" end="1800.00" id="detector6_4" nVehContrib="9" flow="108.00" occupancy="0.52" speed="31.50" length="5.50" nVehEntered="9"/>
   <interval begin="1500.00" end="1800.00" id="detector8_0" nVehContrib="38" flow="456.00" occupancy="2.21" speed="31.50" length="5.50" nVehEntered="38"/>
   <interval begin="1500.00" end="1800.00" id="detector8_1" nVehContrib="18" flow="216.00" occupancy="1.05" speed="31.50" length="5.50" nVehEntered="18"/>
   <interval begin="1500.00" end="1800.00" id="detector8_2" nVehContrib="6" flow="72.00" occupancy="0.35" speed="31.50" length="5.50" nVehEntered="6"/>
   <interval begin="1500.00" end="1800.00" id="detector8_3" nVehContrib="1" flow="12.00" occupancy="0.06" speed="31.50" length="5.50" nVehEntered="1"/>
   <interval begin="1500.00" end="1800.00" id="detector9_0" nVehContrib="43" flow="516.00" occupancy="2.50" speed="31.50" length="5.50" nVehEntered="43"/>
   <interval begin="1500.00" end="1800.00" id="detector9_1" nVehContrib="18" flow="216.00" occupancy="1.05" speed="31.49" length="5.50" nVehEntered="18"/>
   <interval begin="1500.00" end="1800.00" id="detector9_2" nVehContrib="3" flow="36.00" occupancy="0.17" speed="31.50" length="5.50" nVehEntered="4"/>
   <interval begin="1500.00" end="1800.00" id="detector9_3" nVehContrib="1" flow="12.00" occupancy="0.06" speed="31.50" length="5.50" nVehEntered="1"/>
   <interval begin="1500.00" end="1800.00" id="detector9_4" nVehContrib="0" flow="0.00" occupancy="0.00" speed="-1.00" length="-1.00" nVehEntered="0"/>
   <interval begin="1500.00" end="1800.00" id="detector10_0" nVehContrib="52" flow="624.00" occupancy="3.04" speed="31.38" length="5.50" nVehEntered="52"/>
   <interval begin="1500.00" end="1800.00" id="detector10_1" nVehContrib="7" flow="84.00" occupancy="0.41" speed="31.50" length="5.50" nVehEntered="7"/>
   <interval begin="1500.00" end="1800.00" id="detector10_2" nVehContrib="18" flow="216.00" occupancy="1.05" speed="31.50" length="5.50" nVehEntered="21"/>
   <interval begin="1500.00" end="1800.00" id="detector10_3" nVehContrib="2" flow="24.00" occupancy="0.12" speed="31.50" length="5.50" nVehEntered="2"/>
   <interval begin="1500.00" end="1800.00" id="detector10_4" nVehContrib="1" flow="12.00" occupancy="0.06" speed="31.50" length="5.50" nVehEntered="1"/>
   <interval begin="1500.00" end="1800.00" id="detector11_0" nVehContrib="60" flow="720.00" occupancy="3.50" speed="31.37" length="5.50" nVehEntered="61"/>
   <interval begin="1500.00" end="1800.00" id="detector11_1" nVehContrib="19" flow="228.00" occupancy="1.11" speed="31.50" length="5.50" nVehEntered="19"/>
   <interval begin="1500.00" end="1800.00" id="detector11_2" nVehContrib="7" flow="84.00" occupancy="0.41" speed="31.50" length="5.50" nVehEntered="7"/>
   <interval begin="1500.00" end="1800.00" id="detector11_3" nVehContrib="2" flow="24.00" occupancy="0.12" speed="31.50" length="5.50" nVehEntered="2"/>
   <interval begin="1500.00" end="1800.00" id="detector11_4" nVehContrib="1" flow="12.00" occupancy="0.06" speed="31.50" length="5.50" nVehEntered="1"/>
   <interval begin="1500.00" end="1800.00" id="detector12_0" nVehContrib="62" flow="744.00" occupancy="3.55" speed="31.50" length="5.50" nVehEntered="62"/>
   <interval begin="1500.00" end="1800.00" id="detector12_1" nVehContrib="1" flow="12.00" occupancy="0.06" speed="31.50" length="5.50" nVehEntered="1"/>
   <interval begin="1500.00" end="1800.00" id="detector12_2" nVehContrib="21" flow="252.00" occupancy="1.22" speed="31.50" length="5.50" nVehEntered="21"/>
   <interval begin="1500.00" end="1800.00" id="detector12_3" nVehContrib="9" flow="108.00" occupancy="0.52" speed="31.48" length="5.50" nVehEntered="9"/>
   <interval begin="1500.00" end="1800.00" id="detector12_4" nVehContrib="2" flow="24.00" occupancy="0.12" speed="31.50" length="5.50" nVehEntered="2"/>
   <interval begin="1500.00" end="1800.00" id="detector12_5" nVehContrib="1" flow="12.00" occupancy="0.06" speed="31.50" length="5.50" nVehEntered="1"/>
   <interval begin="1500.00" end="1800.00" id="detector13_0" nVehContrib="58" flow="696.00" occupancy="3.38" speed="31.50" length="5.50" nVehEntered="59"/>
   <interval begin="1500.00" end="1800.00" id="detector13_1" nVehContrib="25" flow="300.00" occupancy="1.46" speed="31.50" length="5.50" nVehEntered="26"/>
   <interval begin="1500.00" end="1800.00" id="detector13_2" nVehContrib="2" flow="24.00" occupancy="0.12" speed="31.50" length="5.50" nVehEntered="6"/>
   <interval begin="1500.00" end="1800.00" id="detector13_3" nVehContrib="2" flow="24.00" occupancy="0.12" speed="31.50" length="5.50" nVehEntered="2"/>
   <interval begin="1500.00" end="1800.00" id="detector13_4" nVehContrib="1" flow="12.00" occupancy="0.06" speed="31.50" length="5.50" nVehEntered="1"/>
   <interval begin="1500.00" end="1800.00" id="detector14_0" nVehContrib="61" flow="732.00" occupancy="3.55" speed="31.50" length="5.50" nVehEntered="61"/>
   <interval begin="1500.00" end="1800.00" id="detector14_1" nVehContrib="23" flow="276.00" occupancy="1.34" speed="31.50" length="5.50" nVehEntered="24"/>
   <interval begin="1500.00" end="1800.00" id="detector14_2" nVehContrib="3" flow="36.00" occupancy="0.17" speed="31.50" length="5.50" nVehEntered="3"/>
   <interval begin="1500.00" end="1800.00" id="detector14_3" nVehContrib="2" flow="24.00" occupancy="0.12" speed="31.50" length="5.50" nVehEntered="2"/>
   <interval begin="1500.00" end="1800.00" id="detector14_4" nVehContrib="1" flow="12.00" occupancy="0.06" speed="31.50" length="5.50" nVehEntered="1"/>
   <interval begin="1500.00" end="1800.00" id="detector15_0" nVehContrib="61" flow="732.00" occupancy="3.55" speed="31.50" length="5.50" nVehEntered="61"/>
   <interval begin="1500.00" end="1800.00" id="detector15_1" nVehContrib="24" flow="288.00" occupancy="1.40" speed="31.50" length="5.50" nVehEntered="24"/>
   <interval begin="1500.00" end="1800.00" id="detector15_2" nVehContrib="2" flow="24.00" occupancy="0.12" speed="31.50" length="5.50" nVehEntered="2"/>
   <interval begin="1500.00" end="1800.00" id="detector15_3" nVehContrib="1" flow="12.00" occupancy="0.06" speed="31.50" length="5.50" nVehEntered="1"/>
   <interval begin="1500.00" end="1800.00" id="detector15_4" nVehContrib="0" flow="0.00" occupancy="0.00" speed="-1.00" length="-1.00" nVehEntered="0"/>
   <interval begin="1500.00" end="1800.00" id="detector16_0" nVehContrib="58" flow="696.00" occupancy="3.38" speed="31.50" length="5.50" nVehEntered="58"/>
   <interval begin="1500.00" end="1800.00" id="detector16_1" nVehContrib="23" flow="276.00" occupancy="1.34" speed="31.50" length="5.50" nVehEntered="23"/>
   <interval begin="1500.00" end="1800.00" id="detector16_2" nVehContrib="1" flow="12.00" occupancy="0.06" speed="31.50" length="5.50" nVehEntered="1"/>
   <interval begin="1500.00" end="1800.00" id="detector16_3" nVehContrib="1" flow="12.00" occupancy="0.06" speed="31.50" length="5.50" nVehEntered="1"/>
   <interval begin="1500.00" end="1800.00" id="detector16_4" nVehContrib="0" flow="0.00" occupancy="0.00" speed="-1.00" length="-1.00" nVehEntered="0"/>
   <interval begin="1500.00" end="1800.00" id="detector17_0" nVehContrib="60" flow="720.00" occupancy="3.49" speed="31.50" length="5.50" nVehEntered="60"/>
   <interval begin="1500.00" end="1800.00" id="detector17_1" nVehContrib="0" flow="0.00" occupancy="0.00" speed="-1.00" length="-1.00" nVehEntered="0"/>
   <interval begin="1500.00" end="1800.00" id="detector17_2" nVehContrib="22" flow="264.00" occupancy="1.28" speed="31.50" length="5.50" nVehEntered="22"/>
   <interval begin="1500.00" end="1800.00" id="detector17_3" nVehContrib="1" flow="12.00" occupancy="0.06" speed="31.50" length="5.50" nVehEntered="1"/>
   <interval begin="1500.00" end="1800.00" id="detector17_4" nVehContrib="1" flow="12.00" occupancy="0.06" speed="31.50" length="5.50" nVehEntered="1"/>
   <interval begin="1500.00" end="1800.00" id="detector17_5" nVehContrib="0" flow="0.00" occupancy="0.00" speed="-1.00" length="-1.00" nVehEntered="0"/>
   <interval begin="1500.00" end="1800.00" id="detector18_0" nVehContrib="63" flow="756.00" occupancy="3.67" speed="31.50" length="5.50" nVehEntered="63"/>
   <interval begin="1500.00" end="1800.00" id="detector18_1" nVehContrib="18" flow="216.00" occupancy="1.05" speed="31.50" length="5.50" nVehEntered="18"/>
   <interval begin="1500.00" end="1800.00" id="detector18_2" nVehContrib="1" flow="12.00" occupancy="0.06" speed="31.50" length="5.50" nVehEntered="1"/>
   <interval begin="1500.00" end="1800.00" id="detector18_3" nVehContrib="0" flow="0.00" occupancy="0.00" speed="-1.00" length="-1.00" nVehEntered="0"/>
   <interval begin="1500.00" end="1800.00" id="detector18_4" nVehContrib="0" flow="0.00" occupancy="0.00" speed="-1.00" length="-1.00" nVehEntered="0"/>
</detector>
